store_id,store_name,address,city,state,country
ST000001,Fresh Supermarket #1,71 Church Street,New Delhi,Delhi,India
ST000002,City Pharmacy #2,27 Hill Street,New Delhi,Delhi,India
ST000003,Neighborhood Supermarket #3,9 Main Road,Mumbai,Maharashtra,India
ST000004,Metro Supermarket #4,130 Garden Lane,Bengaluru,Karnataka,India
ST000005,Family Supermarket #5,184 Hill Street,Bengaluru,Karnataka,India
ST000006,Metro Grocery Store #6,151 Station Road,Mumbai,Maharashtra,India
ST000007,Green Supermarket #7,179 Park Avenue,Bengaluru,Karnataka,India
ST000008,Prime Hypermarket #8,56 MG Road,Bengaluru,Karnataka,India
ST000009,Daily Supermarket #9,25 MG Road,Mumbai,Maharashtra,India
ST000010,Neighborhood Hypermarket #10,12 Lake View Road,Mumbai,Maharashtra,India
ST000011,Daily Convenience Store #11,21 Hill Street,Mumbai,Maharashtra,India
ST000012,Royal Hypermarket #12,159 MG Road,New Delhi,Delhi,India
ST000013,Metro Convenience Store #13,18 Main Road,New Delhi,Delhi,India
ST000014,Green Pharmacy #14,21 Church Street,Mumbai,Maharashtra,India
ST000015,Corner Supermarket #15,117 MG Road,Mumbai,Maharashtra,India
ST000016,Value Pharmacy #16,54 Station Road,Mumbai,Maharashtra,India
ST000017,Neighborhood Supermarket #17,44 Hill Street,New Delhi,Delhi,India
ST000018,City Pharmacy #18,98 Station Road,Mumbai,Maharashtra,India
ST000019,Metro Convenience Store #19,84 Main Road,New Delhi,Delhi,India
ST000020,Royal Pharmacy #20,81 Park Avenue,Bengaluru,Karnataka,India
ST000021,Daily Hypermarket #21,146 MG Road,Bengaluru,Karnataka,India
ST000022,Star Pharmacy #22,102 Lake View Road,Mumbai,Maharashtra,India
ST000023,Prime Pharmacy #23,64 Hill Street,Bengaluru,Karnataka,India
ST000024,Prime Convenience Store #24,150 Park Avenue,New Delhi,Delhi,India
ST000025,Corner Convenience Store #25,57 Market Street,Mumbai,Maharashtra,India
ST000026,Quick Convenience Store #26,194 Main Road,Bengaluru,Karnataka,India
ST000027,City Supermarket #27,41 Park Avenue,New Delhi,Delhi,India
ST000028,Daily Convenience Store #28,98 Garden Lane,Mumbai,Maharashtra,India
ST000029,Family Grocery Store #29,142 Main Road,Mumbai,Maharashtra,India
ST000030,Star Supermarket #30,193 Station Road,New Delhi,Delhi,India
ST000031,Daily Hypermarket #31,112 Market Street,Mumbai,Maharashtra,India
ST000032,Fresh Grocery Store #32,185 Station Road,New Delhi,Delhi,India
ST000033,Green Convenience Store #33,130 Ring Road,Bengaluru,Karnataka,India
ST000034,Royal Hypermarket #34,130 Garden Lane,New Delhi,Delhi,India
ST000035,City Pharmacy #35,196 Market Street,Mumbai,Maharashtra,India
ST000036,Green Convenience Store #36,1 Garden Lane,New Delhi,Delhi,India
ST000037,Quick Hypermarket #37,29 MG Road,Bengaluru,Karnataka,India
ST000038,Metro Hypermarket #38,62 Garden Lane,Bengaluru,Karnataka,India
ST000039,Daily Supermarket #39,125 Ring Road,New Delhi,Delhi,India
ST000040,Green Convenience Store #40,33 Lake View Road,Bengaluru,Karnataka,India
ST000041,City Convenience Store #41,136 Garden Lane,Mumbai,Maharashtra,India
ST000042,Metro Grocery Store #42,194 Church Street,New Delhi,Delhi,India
ST000043,Corner Hypermarket #43,167 MG Road,New Delhi,Delhi,India
ST000044,Elite Grocery Store #44,116 Ring Road,New Delhi,Delhi,India
ST000045,Metro Pharmacy #45,87 Main Road,Bengaluru,Karnataka,India
ST000046,Family Convenience Store #46,151 Church Street,Bengaluru,Karnataka,India
ST000047,Daily Supermarket #47,162 Main Road,New Delhi,Delhi,India
ST000048,Daily Pharmacy #48,85 Ring Road,Bengaluru,Karnataka,India
ST000049,Metro Convenience Store #49,172 Lake View Road,Mumbai,Maharashtra,India
ST000050,Family Pharmacy #50,186 Garden Lane,Bengaluru,Karnataka,India
ST000051,Quick Convenience Store #51,122 Park Avenue,Bengaluru,Karnataka,India
ST000052,Daily Pharmacy #52,169 Park Avenue,Bengaluru,Karnataka,India
ST000053,Corner Hypermarket #53,120 Main Road,Mumbai,Maharashtra,India
ST000054,Fresh Supermarket #54,187 MG Road,Mumbai,Maharashtra,India
ST000055,Metro Supermarket #55,49 Hill Street,Bengaluru,Karnataka,India
ST000056,City Grocery Store #56,47 Station Road,Mumbai,Maharashtra,India
ST000057,Metro Grocery Store #57,114 Hill Street,Bengaluru,Karnataka,India
ST000058,Fresh Supermarket #58,139 Main Road,New Delhi,Delhi,India
ST000059,Elite Supermarket #59,43 Park Avenue,Bengaluru,Karnataka,India
ST000060,Quick Grocery Store #60,103 Main Road,Bengaluru,Karnataka,India
ST000061,Corner Pharmacy #61,100 Station Road,Bengaluru,Karnataka,India
ST000062,Prime Grocery Store #62,179 Hill Street,Mumbai,Maharashtra,India
ST000063,City Grocery Store #63,76 Church Street,Bengaluru,Karnataka,India
ST000064,Neighborhood Supermarket #64,139 Main Road,New Delhi,Delhi,India
ST000065,Fresh Hypermarket #65,150 Lake View Road,Bengaluru,Karnataka,India
ST000066,Elite Convenience Store #66,41 Main Road,New Delhi,Delhi,India
ST000067,Daily Convenience Store #67,18 Garden Lane,Bengaluru,Karnataka,India
ST000068,Star Supermarket #68,104 Ring Road,Bengaluru,Karnataka,India
ST000069,Metro Convenience Store #69,153 Main Road,New Delhi,Delhi,India
ST000070,Daily Convenience Store #70,169 Garden Lane,Mumbai,Maharashtra,India
ST000071,Family Convenience Store #71,67 Church Street,Mumbai,Maharashtra,India
ST000072,Metro Hypermarket #72,102 Market Street,Mumbai,Maharashtra,India
ST000073,Quick Hypermarket #73,193 Ring Road,Mumbai,Maharashtra,India
ST000074,Quick Supermarket #74,145 Ring Road,New Delhi,Delhi,India
ST000075,Family Supermarket #75,130 Station Road,Bengaluru,Karnataka,India
ST000076,Elite Pharmacy #76,18 Church Street,Mumbai,Maharashtra,India
ST000077,Prime Hypermarket #77,113 Hill Street,Bengaluru,Karnataka,India
ST000078,Neighborhood Hypermarket #78,136 Main Road,New Delhi,Delhi,India
ST000079,Prime Convenience Store #79,27 Market Street,New Delhi,Delhi,India
ST000080,Daily Hypermarket #80,191 Hill Street,Bengaluru,Karnataka,India
ST000081,Prime Pharmacy #81,155 Church Street,Mumbai,Maharashtra,India
ST000082,Metro Hypermarket #82,163 Station Road,New Delhi,Delhi,India
ST000083,Quick Convenience Store #83,14 Ring Road,Mumbai,Maharashtra,India
ST000084,Royal Grocery Store #84,12 Main Road,Mumbai,Maharashtra,India
ST000085,Green Hypermarket #85,164 Station Road,Bengaluru,Karnataka,India
ST000086,Sunrise Pharmacy #86,142 Park Avenue,Mumbai,Maharashtra,India
ST000087,Fresh Convenience Store #87,20 Market Street,Bengaluru,Karnataka,India
ST000088,Fresh Convenience Store #88,150 Hill Street,Mumbai,Maharashtra,India
ST000089,Corner Pharmacy #89,11 Station Road,Bengaluru,Karnataka,India
ST000090,Elite Hypermarket #90,92 Church Street,Bengaluru,Karnataka,India
ST000091,Star Pharmacy #91,91 Hill Street,Bengaluru,Karnataka,India
ST000092,Neighborhood Grocery Store #92,40 Church Street,New Delhi,Delhi,India
ST000093,Green Pharmacy #93,106 Main Road,Bengaluru,Karnataka,India
ST000094,Sunrise Pharmacy #94,106 Church Street,Mumbai,Maharashtra,India
ST000095,City Hypermarket #95,28 Park Avenue,New Delhi,Delhi,India
ST000096,Royal Supermarket #96,57 Church Street,Mumbai,Maharashtra,India
ST000097,Value Grocery Store #97,59 Church Street,Mumbai,Maharashtra,India
ST000098,Star Supermarket #98,103 MG Road,Bengaluru,Karnataka,India
ST000099,Royal Hypermarket #99,198 Station Road,Bengaluru,Karnataka,India
ST000100,Star Hypermarket #100,103 Hill Street,New Delhi,Delhi,India
ST000101,Fresh Hypermarket #101,67 Market Street,Bengaluru,Karnataka,India
ST000102,Prime Convenience Store #102,28 Garden Lane,Bengaluru,Karnataka,India
ST000103,Value Grocery Store #103,81 Park Avenue,New Delhi,Delhi,India
ST000104,Family Convenience Store #104,99 Garden Lane,Bengaluru,Karnataka,India
ST000105,Prime Pharmacy #105,182 Park Avenue,Bengaluru,Karnataka,India
ST000106,Family Supermarket #106,176 Church Street,New Delhi,Delhi,India
ST000107,Corner Hypermarket #107,171 MG Road,Bengaluru,Karnataka,India
ST000108,Value Convenience Store #108,32 Station Road,New Delhi,Delhi,India
ST000109,Prime Convenience Store #109,105 MG Road,New Delhi,Delhi,India
ST000110,Sunrise Grocery Store #110,142 Market Street,Mumbai,Maharashtra,India
ST000111,Corner Pharmacy #111,98 Market Street,New Delhi,Delhi,India
ST000112,Neighborhood Convenience Store #112,104 Hill Street,Mumbai,Maharashtra,India
ST000113,Prime Supermarket #113,54 Park Avenue,Mumbai,Maharashtra,India
ST000114,Neighborhood Convenience Store #114,83 Lake View Road,New Delhi,Delhi,India
ST000115,Quick Grocery Store #115,55 Hill Street,New Delhi,Delhi,India
ST000116,Green Grocery Store #116,44 Ring Road,New Delhi,Delhi,India
ST000117,Family Hypermarket #117,163 Garden Lane,New Delhi,Delhi,India
ST000118,Daily Hypermarket #118,173 Station Road,Bengaluru,Karnataka,India
ST000119,Green Pharmacy #119,38 Main Road,Bengaluru,Karnataka,India
ST000120,Metro Supermarket #120,157 Ring Road,Mumbai,Maharashtra,India
ST000121,Corner Grocery Store #121,148 Church Street,New Delhi,Delhi,India
ST000122,Quick Grocery Store #122,63 Market Street,Mumbai,Maharashtra,India
ST000123,Elite Supermarket #123,200 Park Avenue,Bengaluru,Karnataka,India
ST000124,City Pharmacy #124,133 Lake View Road,New Delhi,Delhi,India
ST000125,Family Supermarket #125,32 Lake View Road,Bengaluru,Karnataka,India
ST000126,Green Pharmacy #126,171 Hill Street,Mumbai,Maharashtra,India
ST000127,Neighborhood Convenience Store #127,194 Lake View Road,Mumbai,Maharashtra,India
ST000128,Royal Convenience Store #128,130 Park Avenue,New Delhi,Delhi,India
ST000129,Quick Convenience Store #129,191 Lake View Road,Bengaluru,Karnataka,India
ST000130,Prime Grocery Store #130,164 Station Road,Bengaluru,Karnataka,India
ST000131,Quick Convenience Store #131,62 Station Road,New Delhi,Delhi,India
ST000132,Daily Grocery Store #132,74 Church Street,New Delhi,Delhi,India
ST000133,Value Hypermarket #133,139 Ring Road,Mumbai,Maharashtra,India
ST000134,City Pharmacy #134,99 Market Street,Bengaluru,Karnataka,India
ST000135,Daily Pharmacy #135,105 MG Road,Mumbai,Maharashtra,India
ST000136,Quick Convenience Store #136,16 Church Street,Mumbai,Maharashtra,India
ST000137,Corner Grocery Store #137,179 Main Road,New Delhi,Delhi,India
ST000138,Corner Convenience Store #138,2 MG Road,Mumbai,Maharashtra,India
ST000139,Green Hypermarket #139,108 Hill Street,Mumbai,Maharashtra,India
ST000140,Green Convenience Store #140,57 Lake View Road,New Delhi,Delhi,India
ST000141,Prime Pharmacy #141,125 Main Road,Mumbai,Maharashtra,India
ST000142,Value Grocery Store #142,174 Park Avenue,New Delhi,Delhi,India
ST000143,Royal Pharmacy #143,33 Garden Lane,Mumbai,Maharashtra,India
ST000144,Fresh Convenience Store #144,152 Garden Lane,Mumbai,Maharashtra,India
ST000145,Daily Supermarket #145,110 Market Street,New Delhi,Delhi,India
ST000146,City Grocery Store #146,67 Park Avenue,Bengaluru,Karnataka,India
ST000147,Metro Hypermarket #147,84 MG Road,Mumbai,Maharashtra,India
ST000148,Prime Grocery Store #148,65 Ring Road,Mumbai,Maharashtra,India
ST000149,Fresh Grocery Store #149,139 Main Road,New Delhi,Delhi,India
ST000150,Metro Hypermarket #150,18 Main Road,New Delhi,Delhi,India
ST000151,Metro Supermarket #151,6 Garden Lane,Bengaluru,Karnataka,India
ST000152,Metro Pharmacy #152,122 Ring Road,Bengaluru,Karnataka,India
ST000153,Metro Convenience Store #153,180 Station Road,Mumbai,Maharashtra,India
ST000154,City Hypermarket #154,156 Ring Road,New Delhi,Delhi,India
ST000155,Prime Pharmacy #155,149 Main Road,Bengaluru,Karnataka,India
ST000156,Neighborhood Hypermarket #156,97 Park Avenue,New Delhi,Delhi,India
ST000157,Daily Pharmacy #157,177 Church Street,New Delhi,Delhi,India
ST000158,Sunrise Supermarket #158,176 Garden Lane,Mumbai,Maharashtra,India
ST000159,Green Supermarket #159,11 MG Road,New Delhi,Delhi,India
ST000160,Corner Convenience Store #160,95 Ring Road,New Delhi,Delhi,India
ST000161,Star Convenience Store #161,4 Park Avenue,Mumbai,Maharashtra,India
ST000162,Daily Grocery Store #162,93 Lake View Road,Mumbai,Maharashtra,India
ST000163,Corner Pharmacy #163,188 Hill Street,Bengaluru,Karnataka,India
ST000164,Neighborhood Hypermarket #164,199 Lake View Road,New Delhi,Delhi,India
ST000165,Corner Grocery Store #165,152 Station Road,New Delhi,Delhi,India
ST000166,Royal Hypermarket #166,23 Station Road,Bengaluru,Karnataka,India
ST000167,Metro Grocery Store #167,146 Garden Lane,Mumbai,Maharashtra,India
ST000168,Value Grocery Store #168,127 MG Road,Bengaluru,Karnataka,India
ST000169,Quick Pharmacy #169,91 Station Road,Bengaluru,Karnataka,India
ST000170,Prime Hypermarket #170,180 Station Road,New Delhi,Delhi,India
ST000171,Fresh Convenience Store #171,49 Ring Road,New Delhi,Delhi,India
ST000172,Sunrise Pharmacy #172,126 Hill Street,Mumbai,Maharashtra,India
ST000173,Sunrise Pharmacy #173,166 Lake View Road,Mumbai,Maharashtra,India
ST000174,Green Grocery Store #174,24 Station Road,Bengaluru,Karnataka,India
ST000175,Corner Pharmacy #175,63 Station Road,New Delhi,Delhi,India
ST000176,Value Convenience Store #176,142 Hill Street,Mumbai,Maharashtra,India
ST000177,Corner Hypermarket #177,141 MG Road,New Delhi,Delhi,India
ST000178,Sunrise Hypermarket #178,70 Station Road,Mumbai,Maharashtra,India
ST000179,Metro Hypermarket #179,185 Church Street,Bengaluru,Karnataka,India
ST000180,Daily Hypermarket #180,138 Market Street,New Delhi,Delhi,India
ST000181,Metro Pharmacy #181,124 Station Road,New Delhi,Delhi,India
ST000182,Green Convenience Store #182,153 Station Road,New Delhi,Delhi,India
ST000183,Royal Supermarket #183,76 Church Street,Bengaluru,Karnataka,India
ST000184,City Hypermarket #184,4 Hill Street,Mumbai,Maharashtra,India
ST000185,Prime Pharmacy #185,14 Hill Street,Bengaluru,Karnataka,India
ST000186,Sunrise Hypermarket #186,164 Lake View Road,Bengaluru,Karnataka,India
ST000187,Royal Supermarket #187,147 Station Road,Bengaluru,Karnataka,India
ST000188,Quick Grocery Store #188,88 Market Street,Mumbai,Maharashtra,India
ST000189,Prime Supermarket #189,30 Ring Road,Mumbai,Maharashtra,India
ST000190,Quick Grocery Store #190,148 Main Road,Bengaluru,Karnataka,India
ST000191,City Pharmacy #191,78 Ring Road,New Delhi,Delhi,India
ST000192,Daily Pharmacy #192,196 Park Avenue,New Delhi,Delhi,India
ST000193,Neighborhood Convenience Store #193,58 Hill Street,New Delhi,Delhi,India
ST000194,Quick Grocery Store #194,77 Garden Lane,Mumbai,Maharashtra,India
ST000195,Prime Grocery Store #195,159 Main Road,New Delhi,Delhi,India
ST000196,Sunrise Convenience Store #196,196 Church Street,Bengaluru,Karnataka,India
ST000197,Prime Pharmacy #197,21 Market Street,New Delhi,Delhi,India
ST000198,City Pharmacy #198,20 Market Street,New Delhi,Delhi,India
ST000199,Corner Supermarket #199,177 Garden Lane,Mumbai,Maharashtra,India
ST000200,Prime Grocery Store #200,60 Station Road,Bengaluru,Karnataka,India
ST000201,Sunrise Hypermarket #201,19 Church Street,Mumbai,Maharashtra,India
ST000202,Green Hypermarket #202,151 Church Street,New Delhi,Delhi,India
ST000203,Daily Grocery Store #203,58 Market Street,New Delhi,Delhi,India
ST000204,Royal Hypermarket #204,19 Main Road,Bengaluru,Karnataka,India
ST000205,Green Pharmacy #205,153 Garden Lane,Mumbai,Maharashtra,India
ST000206,Quick Hypermarket #206,120 Station Road,Bengaluru,Karnataka,India
ST000207,Prime Grocery Store #207,139 Lake View Road,New Delhi,Delhi,India
ST000208,Daily Grocery Store #208,11 Park Avenue,New Delhi,Delhi,India
ST000209,Neighborhood Hypermarket #209,7 Ring Road,Mumbai,Maharashtra,India
ST000210,Star Pharmacy #210,151 Main Road,New Delhi,Delhi,India
ST000211,Neighborhood Hypermarket #211,196 Market Street,Bengaluru,Karnataka,India
ST000212,Family Grocery Store #212,114 Station Road,New Delhi,Delhi,India
ST000213,Neighborhood Pharmacy #213,163 Lake View Road,Mumbai,Maharashtra,India
ST000214,Quick Supermarket #214,105 MG Road,Mumbai,Maharashtra,India
ST000215,Star Hypermarket #215,42 MG Road,Bengaluru,Karnataka,India
ST000216,Sunrise Grocery Store #216,74 Park Avenue,Mumbai,Maharashtra,India
ST000217,Fresh Convenience Store #217,23 MG Road,Mumbai,Maharashtra,India
ST000218,Value Hypermarket #218,198 Park Avenue,Bengaluru,Karnataka,India
ST000219,Royal Convenience Store #219,169 Hill Street,Bengaluru,Karnataka,India
ST000220,Corner Grocery Store #220,49 Hill Street,Bengaluru,Karnataka,India
ST000221,Neighborhood Hypermarket #221,161 Lake View Road,Mumbai,Maharashtra,India
ST000222,Metro Supermarket #222,141 Market Street,Mumbai,Maharashtra,India
ST000223,Quick Hypermarket #223,125 Ring Road,New Delhi,Delhi,India
ST000224,Star Supermarket #224,62 Market Street,New Delhi,Delhi,India
ST000225,Family Hypermarket #225,142 Park Avenue,Bengaluru,Karnataka,India
ST000226,Metro Supermarket #226,119 Ring Road,Bengaluru,Karnataka,India
ST000227,Quick Pharmacy #227,75 Hill Street,New Delhi,Delhi,India
ST000228,Corner Hypermarket #228,121 Church Street,Mumbai,Maharashtra,India
ST000229,Family Grocery Store #229,99 Church Street,Bengaluru,Karnataka,India
ST000230,Family Convenience Store #230,35 Ring Road,New Delhi,Delhi,India
ST000231,Green Hypermarket #231,88 Hill Street,Mumbai,Maharashtra,India
ST000232,Royal Hypermarket #232,73 Station Road,Bengaluru,Karnataka,India
ST000233,Neighborhood Convenience Store #233,126 Market Street,New Delhi,Delhi,India
ST000234,Family Grocery Store #234,89 MG Road,Mumbai,Maharashtra,India
ST000235,Green Convenience Store #235,97 Lake View Road,New Delhi,Delhi,India
ST000236,Royal Hypermarket #236,179 Church Street,Bengaluru,Karnataka,India
ST000237,Corner Convenience Store #237,199 Park Avenue,Bengaluru,Karnataka,India
ST000238,Value Supermarket #238,122 Park Avenue,New Delhi,Delhi,India
ST000239,Star Grocery Store #239,39 Lake View Road,New Delhi,Delhi,India
ST000240,City Supermarket #240,152 MG Road,New Delhi,Delhi,India
ST000241,Royal Supermarket #241,26 Hill Street,Mumbai,Maharashtra,India
ST000242,Fresh Grocery Store #242,37 Park Avenue,New Delhi,Delhi,India
ST000243,Daily Pharmacy #243,68 MG Road,Mumbai,Maharashtra,India
ST000244,Sunrise Convenience Store #244,167 Ring Road,Mumbai,Maharashtra,India
ST000245,Royal Hypermarket #245,137 Park Avenue,New Delhi,Delhi,India
ST000246,Star Hypermarket #246,195 Lake View Road,New Delhi,Delhi,India
ST000247,Fresh Convenience Store #247,18 Church Street,New Delhi,Delhi,India
ST000248,Metro Hypermarket #248,24 Park Avenue,New Delhi,Delhi,India
ST000249,Green Supermarket #249,181 Ring Road,New Delhi,Delhi,India
ST000250,City Grocery Store #250,77 Main Road,New Delhi,Delhi,India
ST000251,Value Supermarket #251,76 MG Road,Bengaluru,Karnataka,India
ST000252,Corner Hypermarket #252,63 Hill Street,Bengaluru,Karnataka,India
ST000253,Neighborhood Grocery Store #253,47 Market Street,New Delhi,Delhi,India
ST000254,Daily Pharmacy #254,98 Garden Lane,New Delhi,Delhi,India
ST000255,Quick Pharmacy #255,37 Church Street,New Delhi,Delhi,India
ST000256,Star Grocery Store #256,118 Station Road,Mumbai,Maharashtra,India
ST000257,Elite Supermarket #257,74 Hill Street,Mumbai,Maharashtra,India
ST000258,Daily Pharmacy #258,89 Garden Lane,Mumbai,Maharashtra,India
ST000259,Star Hypermarket #259,177 Station Road,Mumbai,Maharashtra,India
ST000260,Royal Grocery Store #260,51 Park Avenue,Mumbai,Maharashtra,India
ST000261,Daily Grocery Store #261,98 Garden Lane,Bengaluru,Karnataka,India
ST000262,Neighborhood Hypermarket #262,180 Station Road,Mumbai,Maharashtra,India
ST000263,Royal Supermarket #263,102 Station Road,New Delhi,Delhi,India
ST000264,Neighborhood Supermarket #264,200 Main Road,New Delhi,Delhi,India
ST000265,Sunrise Convenience Store #265,74 Church Street,Mumbai,Maharashtra,India
ST000266,Green Convenience Store #266,57 Church Street,Mumbai,Maharashtra,India
ST000267,Prime Convenience Store #267,194 Market Street,New Delhi,Delhi,India
ST000268,Elite Supermarket #268,166 Main Road,New Delhi,Delhi,India
ST000269,Green Hypermarket #269,9 Garden Lane,Mumbai,Maharashtra,India
ST000270,Sunrise Hypermarket #270,24 Station Road,Bengaluru,Karnataka,India
ST000271,Sunrise Hypermarket #271,45 Church Street,Mumbai,Maharashtra,India
ST000272,Green Pharmacy #272,94 Hill Street,New Delhi,Delhi,India
ST000273,Elite Convenience Store #273,43 Station Road,Mumbai,Maharashtra,India
ST000274,Green Grocery Store #274,192 MG Road,Mumbai,Maharashtra,India
ST000275,Quick Supermarket #275,37 Church Street,Bengaluru,Karnataka,India
ST000276,Royal Grocery Store #276,94 Ring Road,New Delhi,Delhi,India
ST000277,Fresh Grocery Store #277,138 Ring Road,Mumbai,Maharashtra,India
ST000278,Value Grocery Store #278,192 Station Road,New Delhi,Delhi,India
ST000279,Corner Convenience Store #279,96 Ring Road,New Delhi,Delhi,India
ST000280,Quick Pharmacy #280,159 Hill Street,Bengaluru,Karnataka,India
ST000281,Elite Hypermarket #281,57 Ring Road,New Delhi,Delhi,India
ST000282,Elite Grocery Store #282,78 Park Avenue,New Delhi,Delhi,India
ST000283,City Supermarket #283,10 Station Road,Bengaluru,Karnataka,India
ST000284,Daily Grocery Store #284,61 Hill Street,Bengaluru,Karnataka,India
ST000285,Corner Pharmacy #285,95 Hill Street,Mumbai,Maharashtra,India
ST000286,Neighborhood Grocery Store #286,187 Market Street,New Delhi,Delhi,India
ST000287,Star Grocery Store #287,126 Garden Lane,Bengaluru,Karnataka,India
ST000288,Prime Grocery Store #288,177 MG Road,Bengaluru,Karnataka,India
ST000289,Quick Pharmacy #289,61 MG Road,Mumbai,Maharashtra,India
ST000290,Star Supermarket #290,140 MG Road,Mumbai,Maharashtra,India
ST000291,Corner Supermarket #291,49 Ring Road,Mumbai,Maharashtra,India
ST000292,Daily Grocery Store #292,55 Garden Lane,New Delhi,Delhi,India
ST000293,Fresh Supermarket #293,63 Market Street,Mumbai,Maharashtra,India
ST000294,Metro Convenience Store #294,196 Hill Street,Bengaluru,Karnataka,India
ST000295,Neighborhood Pharmacy #295,60 MG Road,Bengaluru,Karnataka,India
ST000296,Green Pharmacy #296,1 Station Road,New Delhi,Delhi,India
ST000297,City Pharmacy #297,65 Market Street,New Delhi,Delhi,India
ST000298,Star Supermarket #298,34 Main Road,Bengaluru,Karnataka,India
ST000299,Green Hypermarket #299,151 MG Road,Bengaluru,Karnataka,India
ST000300,City Supermarket #300,14 Market Street,Mumbai,Maharashtra,India
ST000301,Family Grocery Store #301,191 Ring Road,Bengaluru,Karnataka,India
ST000302,Quick Grocery Store #302,132 Garden Lane,Mumbai,Maharashtra,India
ST000303,Quick Supermarket #303,57 Garden Lane,New Delhi,Delhi,India
ST000304,Sunrise Supermarket #304,134 Station Road,New Delhi,Delhi,India
ST000305,Star Grocery Store #305,16 Lake View Road,Bengaluru,Karnataka,India
ST000306,Corner Grocery Store #306,28 Lake View Road,New Delhi,Delhi,India
ST000307,Daily Grocery Store #307,83 Garden Lane,Bengaluru,Karnataka,India
ST000308,Daily Pharmacy #308,71 Garden Lane,Bengaluru,Karnataka,India
ST000309,Family Convenience Store #309,84 Park Avenue,New Delhi,Delhi,India
ST000310,Family Convenience Store #310,117 Hill Street,Mumbai,Maharashtra,India
ST000311,Corner Convenience Store #311,180 Ring Road,Bengaluru,Karnataka,India
ST000312,Sunrise Convenience Store #312,111 Lake View Road,Bengaluru,Karnataka,India
ST000313,Corner Pharmacy #313,117 Park Avenue,Mumbai,Maharashtra,India
ST000314,Sunrise Grocery Store #314,81 Park Avenue,Bengaluru,Karnataka,India
ST000315,Star Hypermarket #315,96 Market Street,Mumbai,Maharashtra,India
ST000316,Daily Grocery Store #316,22 Ring Road,Bengaluru,Karnataka,India
ST000317,Daily Grocery Store #317,190 MG Road,New Delhi,Delhi,India
ST000318,Family Pharmacy #318,151 Hill Street,Bengaluru,Karnataka,India
ST000319,Value Convenience Store #319,32 Park Avenue,New Delhi,Delhi,India
ST000320,Royal Hypermarket #320,193 Park Avenue,New Delhi,Delhi,India
ST000321,Prime Supermarket #321,80 MG Road,New Delhi,Delhi,India
ST000322,Neighborhood Supermarket #322,55 Market Street,New Delhi,Delhi,India
ST000323,Metro Grocery Store #323,90 Hill Street,Bengaluru,Karnataka,India
ST000324,Daily Hypermarket #324,147 Church Street,Mumbai,Maharashtra,India
ST000325,Royal Grocery Store #325,197 Garden Lane,New Delhi,Delhi,India
ST000326,Star Convenience Store #326,143 Main Road,New Delhi,Delhi,India
ST000327,Elite Convenience Store #327,178 Station Road,New Delhi,Delhi,India
ST000328,City Supermarket #328,180 Station Road,Mumbai,Maharashtra,India
ST000329,Value Hypermarket #329,47 Market Street,Bengaluru,Karnataka,India
ST000330,Star Convenience Store #330,18 Market Street,Mumbai,Maharashtra,India
ST000331,Daily Supermarket #331,136 Church Street,New Delhi,Delhi,India
ST000332,Corner Grocery Store #332,88 Market Street,Mumbai,Maharashtra,India
ST000333,Prime Hypermarket #333,84 Garden Lane,New Delhi,Delhi,India
ST000334,Daily Convenience Store #334,40 Market Street,Bengaluru,Karnataka,India
ST000335,Fresh Convenience Store #335,21 Station Road,New Delhi,Delhi,India
ST000336,Star Grocery Store #336,125 Garden Lane,Mumbai,Maharashtra,India
ST000337,Corner Grocery Store #337,56 Hill Street,Mumbai,Maharashtra,India
ST000338,Value Supermarket #338,29 Station Road,Mumbai,Maharashtra,India
ST000339,Quick Convenience Store #339,171 Station Road,New Delhi,Delhi,India
ST000340,Metro Supermarket #340,154 Main Road,Mumbai,Maharashtra,India
ST000341,Metro Supermarket #341,55 Market Street,Mumbai,Maharashtra,India
ST000342,Prime Hypermarket #342,31 Main Road,Mumbai,Maharashtra,India
ST000343,Sunrise Grocery Store #343,45 Market Street,Mumbai,Maharashtra,India
ST000344,Family Grocery Store #344,59 Hill Street,New Delhi,Delhi,India
ST000345,Royal Convenience Store #345,91 Ring Road,New Delhi,Delhi,India
ST000346,Royal Grocery Store #346,11 Park Avenue,New Delhi,Delhi,India
ST000347,Quick Supermarket #347,81 Garden Lane,Bengaluru,Karnataka,India
ST000348,Neighborhood Grocery Store #348,182 Park Avenue,Mumbai,Maharashtra,India
ST000349,Daily Hypermarket #349,6 MG Road,Mumbai,Maharashtra,India
ST000350,Green Pharmacy #350,118 MG Road,New Delhi,Delhi,India
ST000351,Corner Supermarket #351,63 Park Avenue,Bengaluru,Karnataka,India
ST000352,Corner Convenience Store #352,21 Park Avenue,New Delhi,Delhi,India
ST000353,Sunrise Hypermarket #353,57 MG Road,Mumbai,Maharashtra,India
ST000354,Daily Pharmacy #354,163 Ring Road,New Delhi,Delhi,India
ST000355,Family Convenience Store #355,199 MG Road,Bengaluru,Karnataka,India
ST000356,Sunrise Hypermarket #356,38 Church Street,New Delhi,Delhi,India
ST000357,City Supermarket #357,51 Market Street,Mumbai,Maharashtra,India
ST000358,City Convenience Store #358,20 Market Street,New Delhi,Delhi,India
ST000359,Quick Grocery Store #359,195 Garden Lane,New Delhi,Delhi,India
ST000360,Star Grocery Store #360,165 Garden Lane,New Delhi,Delhi,India
ST000361,Royal Hypermarket #361,81 Market Street,New Delhi,Delhi,India
ST000362,Daily Grocery Store #362,114 Station Road,Mumbai,Maharashtra,India
ST000363,Neighborhood Hypermarket #363,91 Hill Street,Bengaluru,Karnataka,India
ST000364,Prime Supermarket #364,116 Main Road,Mumbai,Maharashtra,India
ST000365,Value Supermarket #365,20 Ring Road,Mumbai,Maharashtra,India
ST000366,Neighborhood Convenience Store #366,99 Lake View Road,New Delhi,Delhi,India
ST000367,Family Convenience Store #367,11 Lake View Road,New Delhi,Delhi,India
ST000368,Star Convenience Store #368,83 Garden Lane,Bengaluru,Karnataka,India
ST000369,Family Grocery Store #369,16 Lake View Road,Bengaluru,Karnataka,India
ST000370,Green Supermarket #370,183 Ring Road,Mumbai,Maharashtra,India
ST000371,Star Convenience Store #371,11 Church Street,Bengaluru,Karnataka,India
ST000372,Quick Grocery Store #372,134 Garden Lane,New Delhi,Delhi,India
ST000373,Value Pharmacy #373,73 Park Avenue,Mumbai,Maharashtra,India
ST000374,Green Grocery Store #374,174 Garden Lane,Mumbai,Maharashtra,India
ST000375,Green Supermarket #375,166 MG Road,New Delhi,Delhi,India
ST000376,Value Supermarket #376,143 Park Avenue,Bengaluru,Karnataka,India
ST000377,Prime Hypermarket #377,169 Garden Lane,New Delhi,Delhi,India
ST000378,Value Pharmacy #378,150 Market Street,Bengaluru,Karnataka,India
ST000379,Prime Hypermarket #379,179 Park Avenue,New Delhi,Delhi,India
ST000380,Neighborhood Pharmacy #380,22 Station Road,New Delhi,Delhi,India
ST000381,Corner Convenience Store #381,85 Market Street,New Delhi,Delhi,India
ST000382,Daily Convenience Store #382,172 Park Avenue,New Delhi,Delhi,India
ST000383,Value Convenience Store #383,93 Station Road,Bengaluru,Karnataka,India
ST000384,Metro Pharmacy #384,197 Lake View Road,Mumbai,Maharashtra,India
ST000385,Metro Pharmacy #385,40 Ring Road,Bengaluru,Karnataka,India
ST000386,Royal Hypermarket #386,130 Hill Street,Bengaluru,Karnataka,India
ST000387,Fresh Convenience Store #387,87 Garden Lane,New Delhi,Delhi,India
ST000388,Neighborhood Pharmacy #388,40 Market Street,Mumbai,Maharashtra,India
ST000389,Royal Pharmacy #389,198 Garden Lane,New Delhi,Delhi,India
ST000390,Sunrise Pharmacy #390,12 Park Avenue,Mumbai,Maharashtra,India
ST000391,Star Hypermarket #391,61 Lake View Road,New Delhi,Delhi,India
ST000392,Prime Convenience Store #392,115 Church Street,New Delhi,Delhi,India
ST000393,Metro Convenience Store #393,121 Church Street,Mumbai,Maharashtra,India
ST000394,Star Hypermarket #394,113 Lake View Road,New Delhi,Delhi,India
ST000395,Green Hypermarket #395,129 Hill Street,Mumbai,Maharashtra,India
ST000396,City Grocery Store #396,155 Market Street,Bengaluru,Karnataka,India
ST000397,Fresh Hypermarket #397,124 MG Road,New Delhi,Delhi,India
ST000398,Elite Convenience Store #398,183 Hill Street,Bengaluru,Karnataka,India
ST000399,Prime Supermarket #399,196 Market Street,Bengaluru,Karnataka,India
ST000400,Quick Hypermarket #400,38 Park Avenue,New Delhi,Delhi,India
ST000401,Elite Supermarket #401,116 MG Road,Bengaluru,Karnataka,India
ST000402,Corner Supermarket #402,102 Hill Street,Bengaluru,Karnataka,India
ST000403,Metro Hypermarket #403,21 MG Road,Mumbai,Maharashtra,India
ST000404,Fresh Pharmacy #404,26 MG Road,Mumbai,Maharashtra,India
ST000405,City Pharmacy #405,74 Lake View Road,Bengaluru,Karnataka,India
ST000406,Green Pharmacy #406,121 Lake View Road,New Delhi,Delhi,India
ST000407,Fresh Convenience Store #407,5 Station Road,Bengaluru,Karnataka,India
ST000408,Royal Pharmacy #408,141 Garden Lane,Bengaluru,Karnataka,India
ST000409,Corner Convenience Store #409,199 Station Road,Bengaluru,Karnataka,India
ST000410,Prime Pharmacy #410,13 Church Street,Bengaluru,Karnataka,India
ST000411,Star Grocery Store #411,118 Ring Road,New Delhi,Delhi,India
ST000412,Royal Supermarket #412,153 Hill Street,Mumbai,Maharashtra,India
ST000413,Star Supermarket #413,148 Church Street,New Delhi,Delhi,India
ST000414,Prime Pharmacy #414,1 Garden Lane,Mumbai,Maharashtra,India
ST000415,Metro Hypermarket #415,107 Market Street,New Delhi,Delhi,India
ST000416,Family Supermarket #416,18 Hill Street,Mumbai,Maharashtra,India
ST000417,Family Convenience Store #417,142 Main Road,New Delhi,Delhi,India
ST000418,Royal Grocery Store #418,12 Park Avenue,Mumbai,Maharashtra,India
ST000419,Prime Hypermarket #419,5 MG Road,New Delhi,Delhi,India
ST000420,Value Supermarket #420,188 Ring Road,Bengaluru,Karnataka,India
ST000421,Sunrise Convenience Store #421,35 Main Road,Mumbai,Maharashtra,India
ST000422,Family Hypermarket #422,165 Market Street,Mumbai,Maharashtra,India
ST000423,Sunrise Grocery Store #423,162 Market Street,Mumbai,Maharashtra,India
ST000424,Daily Pharmacy #424,199 Lake View Road,New Delhi,Delhi,India
ST000425,Prime Supermarket #425,12 Church Street,Bengaluru,Karnataka,India
ST000426,Value Supermarket #426,132 Park Avenue,Mumbai,Maharashtra,India
ST000427,Quick Convenience Store #427,10 Church Street,Mumbai,Maharashtra,India
ST000428,Value Hypermarket #428,168 MG Road,Bengaluru,Karnataka,India
ST000429,Daily Hypermarket #429,112 Park Avenue,Mumbai,Maharashtra,India
ST000430,Elite Grocery Store #430,87 Market Street,Mumbai,Maharashtra,India
ST000431,Sunrise Grocery Store #431,95 Hill Street,Mumbai,Maharashtra,India
ST000432,Green Hypermarket #432,187 Park Avenue,Bengaluru,Karnataka,India
ST000433,Corner Supermarket #433,47 Hill Street,New Delhi,Delhi,India
ST000434,Value Hypermarket #434,21 MG Road,Bengaluru,Karnataka,India
ST000435,Prime Hypermarket #435,155 Park Avenue,Mumbai,Maharashtra,India
ST000436,Sunrise Pharmacy #436,90 Lake View Road,Mumbai,Maharashtra,India
ST000437,Sunrise Supermarket #437,158 Park Avenue,Mumbai,Maharashtra,India
ST000438,Star Hypermarket #438,20 Park Avenue,Bengaluru,Karnataka,India
ST000439,Family Hypermarket #439,174 Market Street,New Delhi,Delhi,India
ST000440,City Supermarket #440,174 Lake View Road,New Delhi,Delhi,India
ST000441,City Supermarket #441,61 MG Road,Bengaluru,Karnataka,India
ST000442,Corner Hypermarket #442,9 Garden Lane,New Delhi,Delhi,India
ST000443,Star Pharmacy #443,95 MG Road,Mumbai,Maharashtra,India
ST000444,Green Grocery Store #444,147 Market Street,Bengaluru,Karnataka,India
ST000445,Value Convenience Store #445,81 Station Road,Mumbai,Maharashtra,India
ST000446,Daily Pharmacy #446,189 Market Street,Bengaluru,Karnataka,India
ST000447,Family Grocery Store #447,144 Ring Road,Mumbai,Maharashtra,India
ST000448,Green Hypermarket #448,181 Lake View Road,Mumbai,Maharashtra,India
ST000449,Neighborhood Pharmacy #449,178 Lake View Road,Mumbai,Maharashtra,India
ST000450,Daily Pharmacy #450,19 Lake View Road,Bengaluru,Karnataka,India
ST000451,Elite Pharmacy #451,114 Ring Road,New Delhi,Delhi,India
ST000452,Star Hypermarket #452,182 Ring Road,Mumbai,Maharashtra,India
ST000453,Family Convenience Store #453,77 Market Street,Mumbai,Maharashtra,India
ST000454,Green Pharmacy #454,131 Church Street,Mumbai,Maharashtra,India
ST000455,Metro Supermarket #455,61 Lake View Road,Bengaluru,Karnataka,India
ST000456,Value Supermarket #456,147 MG Road,New Delhi,Delhi,India
ST000457,Green Grocery Store #457,34 Garden Lane,New Delhi,Delhi,India
ST000458,Daily Supermarket #458,102 Lake View Road,Mumbai,Maharashtra,India
ST000459,Corner Convenience Store #459,148 Ring Road,Mumbai,Maharashtra,India
ST000460,Value Pharmacy #460,19 Lake View Road,New Delhi,Delhi,India
ST000461,Star Grocery Store #461,89 Market Street,New Delhi,Delhi,India
ST000462,Star Convenience Store #462,47 Market Street,New Delhi,Delhi,India
ST000463,Family Grocery Store #463,32 Hill Street,Bengaluru,Karnataka,India
ST000464,Prime Pharmacy #464,42 MG Road,Bengaluru,Karnataka,India
ST000465,Value Pharmacy #465,73 Ring Road,New Delhi,Delhi,India
ST000466,Metro Hypermarket #466,142 Station Road,New Delhi,Delhi,India
ST000467,Star Pharmacy #467,158 Hill Street,Mumbai,Maharashtra,India
ST000468,Family Supermarket #468,44 Garden Lane,New Delhi,Delhi,India
ST000469,City Convenience Store #469,169 Garden Lane,Bengaluru,Karnataka,India
ST000470,Value Convenience Store #470,11 Main Road,New Delhi,Delhi,India
ST000471,Fresh Supermarket #471,198 Garden Lane,New Delhi,Delhi,India
ST000472,Star Hypermarket #472,197 Garden Lane,Bengaluru,Karnataka,India
ST000473,Neighborhood Grocery Store #473,8 Lake View Road,New Delhi,Delhi,India
ST000474,Prime Convenience Store #474,78 Lake View Road,New Delhi,Delhi,India
ST000475,Green Pharmacy #475,104 Station Road,New Delhi,Delhi,India
ST000476,Daily Grocery Store #476,16 Market Street,New Delhi,Delhi,India
ST000477,Corner Grocery Store #477,119 Church Street,Mumbai,Maharashtra,India
ST000478,Neighborhood Hypermarket #478,81 MG Road,Bengaluru,Karnataka,India
ST000479,Corner Hypermarket #479,195 MG Road,Bengaluru,Karnataka,India
ST000480,Family Convenience Store #480,82 Church Street,Bengaluru,Karnataka,India
ST000481,Daily Grocery Store #481,116 Church Street,Mumbai,Maharashtra,India
ST000482,Daily Pharmacy #482,75 Park Avenue,Bengaluru,Karnataka,India
ST000483,Corner Convenience Store #483,41 MG Road,Bengaluru,Karnataka,India
ST000484,Sunrise Convenience Store #484,49 Market Street,Mumbai,Maharashtra,India
ST000485,Family Grocery Store #485,128 Station Road,Mumbai,Maharashtra,India
ST000486,Fresh Grocery Store #486,101 Hill Street,Bengaluru,Karnataka,India
ST000487,Metro Grocery Store #487,150 MG Road,Bengaluru,Karnataka,India
ST000488,Fresh Supermarket #488,127 Garden Lane,Mumbai,Maharashtra,India
ST000489,Prime Grocery Store #489,3 Ring Road,New Delhi,Delhi,India
ST000490,City Grocery Store #490,187 MG Road,Mumbai,Maharashtra,India
ST000491,Value Grocery Store #491,103 Main Road,Bengaluru,Karnataka,India
ST000492,Family Convenience Store #492,93 Hill Street,Bengaluru,Karnataka,India
ST000493,Daily Hypermarket #493,130 Lake View Road,Mumbai,Maharashtra,India
ST000494,Prime Convenience Store #494,175 Garden Lane,New Delhi,Delhi,India
ST000495,City Supermarket #495,101 MG Road,Bengaluru,Karnataka,India
ST000496,Family Hypermarket #496,194 Market Street,Mumbai,Maharashtra,India
ST000497,Neighborhood Pharmacy #497,103 Hill Street,New Delhi,Delhi,India
ST000498,Fresh Supermarket #498,36 MG Road,Bengaluru,Karnataka,India
ST000499,Family Grocery Store #499,39 Garden Lane,Mumbai,Maharashtra,India
ST000500,City Convenience Store #500,157 MG Road,Mumbai,Maharashtra,India
ST000501,Corner Pharmacy #501,190 Station Road,New Delhi,Delhi,India
ST000502,Value Convenience Store #502,131 Hill Street,New Delhi,Delhi,India
ST000503,Sunrise Grocery Store #503,77 Lake View Road,New Delhi,Delhi,India
ST000504,Value Supermarket #504,173 Ring Road,Mumbai,Maharashtra,India
ST000505,Neighborhood Grocery Store #505,186 Main Road,Mumbai,Maharashtra,India
ST000506,Quick Convenience Store #506,168 Garden Lane,Mumbai,Maharashtra,India
ST000507,Metro Convenience Store #507,14 Garden Lane,New Delhi,Delhi,India
ST000508,City Grocery Store #508,162 Garden Lane,New Delhi,Delhi,India
ST000509,City Grocery Store #509,63 Main Road,New Delhi,Delhi,India
ST000510,Sunrise Convenience Store #510,49 Main Road,Bengaluru,Karnataka,India
ST000511,Value Grocery Store #511,39 Park Avenue,Mumbai,Maharashtra,India
ST000512,Corner Pharmacy #512,199 Garden Lane,New Delhi,Delhi,India
ST000513,Royal Grocery Store #513,187 Main Road,New Delhi,Delhi,India
ST000514,Family Pharmacy #514,144 MG Road,Bengaluru,Karnataka,India
ST000515,Family Grocery Store #515,81 Market Street,Mumbai,Maharashtra,India
ST000516,Elite Grocery Store #516,88 Hill Street,New Delhi,Delhi,India
ST000517,Star Hypermarket #517,175 Station Road,New Delhi,Delhi,India
ST000518,Quick Convenience Store #518,64 Station Road,Bengaluru,Karnataka,India
ST000519,Prime Convenience Store #519,77 Station Road,Bengaluru,Karnataka,India
ST000520,Sunrise Pharmacy #520,126 MG Road,New Delhi,Delhi,India
ST000521,Value Grocery Store #521,185 Station Road,New Delhi,Delhi,India
ST000522,Daily Hypermarket #522,174 Hill Street,New Delhi,Delhi,India
ST000523,Elite Grocery Store #523,89 Market Street,Mumbai,Maharashtra,India
ST000524,Fresh Hypermarket #524,183 Ring Road,Mumbai,Maharashtra,India
ST000525,Elite Hypermarket #525,168 Station Road,Mumbai,Maharashtra,India
ST000526,Metro Grocery Store #526,138 Station Road,Bengaluru,Karnataka,India
ST000527,Sunrise Convenience Store #527,36 Ring Road,Mumbai,Maharashtra,India
ST000528,Sunrise Convenience Store #528,62 Church Street,New Delhi,Delhi,India
ST000529,Star Supermarket #529,58 Church Street,New Delhi,Delhi,India
ST000530,Daily Supermarket #530,85 Lake View Road,Mumbai,Maharashtra,India
ST000531,Star Supermarket #531,2 Hill Street,Bengaluru,Karnataka,India
ST000532,Corner Pharmacy #532,122 Lake View Road,New Delhi,Delhi,India
ST000533,Green Pharmacy #533,83 Station Road,Mumbai,Maharashtra,India
ST000534,Elite Supermarket #534,167 Garden Lane,Bengaluru,Karnataka,India
ST000535,Family Pharmacy #535,186 Main Road,New Delhi,Delhi,India
ST000536,Corner Pharmacy #536,10 Park Avenue,Bengaluru,Karnataka,India
ST000537,City Grocery Store #537,75 Main Road,New Delhi,Delhi,India
ST000538,Prime Supermarket #538,155 Ring Road,New Delhi,Delhi,India
ST000539,Prime Hypermarket #539,165 Hill Street,Mumbai,Maharashtra,India
ST000540,Quick Convenience Store #540,130 Lake View Road,Bengaluru,Karnataka,India
ST000541,Metro Hypermarket #541,85 Market Street,Bengaluru,Karnataka,India
ST000542,Star Grocery Store #542,184 Market Street,Mumbai,Maharashtra,India
ST000543,Sunrise Supermarket #543,76 Garden Lane,Mumbai,Maharashtra,India
ST000544,City Pharmacy #544,164 Park Avenue,New Delhi,Delhi,India
ST000545,Family Grocery Store #545,23 Park Avenue,Mumbai,Maharashtra,India
ST000546,City Supermarket #546,123 MG Road,Bengaluru,Karnataka,India
ST000547,Fresh Pharmacy #547,99 Church Street,Mumbai,Maharashtra,India
ST000548,Green Grocery Store #548,85 Station Road,Mumbai,Maharashtra,India
ST000549,Sunrise Convenience Store #549,3 Station Road,New Delhi,Delhi,India
ST000550,Sunrise Hypermarket #550,16 Ring Road,Bengaluru,Karnataka,India
ST000551,Prime Grocery Store #551,104 Hill Street,Bengaluru,Karnataka,India
ST000552,Sunrise Hypermarket #552,164 Station Road,Bengaluru,Karnataka,India
ST000553,Neighborhood Hypermarket #553,57 Market Street,Bengaluru,Karnataka,India
ST000554,City Grocery Store #554,192 Garden Lane,Mumbai,Maharashtra,India
ST000555,Corner Hypermarket #555,141 Lake View Road,New Delhi,Delhi,India
ST000556,Green Convenience Store #556,56 Church Street,New Delhi,Delhi,India
ST000557,Royal Convenience Store #557,135 Lake View Road,Bengaluru,Karnataka,India
ST000558,Sunrise Convenience Store #558,20 Garden Lane,Mumbai,Maharashtra,India
ST000559,Fresh Supermarket #559,130 Church Street,New Delhi,Delhi,India
ST000560,Family Convenience Store #560,43 MG Road,Bengaluru,Karnataka,India
ST000561,Quick Convenience Store #561,175 Church Street,Bengaluru,Karnataka,India
ST000562,Quick Convenience Store #562,131 Lake View Road,Bengaluru,Karnataka,India
ST000563,Quick Supermarket #563,132 Park Avenue,Bengaluru,Karnataka,India
ST000564,Neighborhood Grocery Store #564,144 Lake View Road,Bengaluru,Karnataka,India
ST000565,Sunrise Hypermarket #565,102 Station Road,Bengaluru,Karnataka,India
ST000566,Sunrise Supermarket #566,149 Ring Road,Bengaluru,Karnataka,India
ST000567,Corner Supermarket #567,180 Ring Road,Mumbai,Maharashtra,India
ST000568,Fresh Convenience Store #568,121 Main Road,Bengaluru,Karnataka,India
ST000569,Corner Hypermarket #569,197 Market Street,Bengaluru,Karnataka,India
ST000570,Value Grocery Store #570,115 Park Avenue,Mumbai,Maharashtra,India
ST000571,Daily Grocery Store #571,170 Hill Street,New Delhi,Delhi,India
ST000572,Star Pharmacy #572,31 Market Street,Mumbai,Maharashtra,India
ST000573,Corner Convenience Store #573,33 Church Street,New Delhi,Delhi,India
ST000574,Green Supermarket #574,77 Lake View Road,Bengaluru,Karnataka,India
ST000575,Corner Convenience Store #575,98 Church Street,New Delhi,Delhi,India
ST000576,Quick Pharmacy #576,40 Station Road,Mumbai,Maharashtra,India
ST000577,Elite Pharmacy #577,196 Ring Road,New Delhi,Delhi,India
ST000578,Green Supermarket #578,108 Garden Lane,New Delhi,Delhi,India
ST000579,Metro Supermarket #579,18 Ring Road,Bengaluru,Karnataka,India
ST000580,Fresh Convenience Store #580,154 Main Road,Mumbai,Maharashtra,India
ST000581,Sunrise Pharmacy #581,103 Lake View Road,Bengaluru,Karnataka,India
ST000582,Family Pharmacy #582,194 Main Road,Bengaluru,Karnataka,India
ST000583,Family Pharmacy #583,60 Garden Lane,Mumbai,Maharashtra,India
ST000584,Neighborhood Hypermarket #584,198 MG Road,New Delhi,Delhi,India
ST000585,Prime Pharmacy #585,170 Hill Street,Bengaluru,Karnataka,India
ST000586,Corner Pharmacy #586,71 Main Road,Mumbai,Maharashtra,India
ST000587,Neighborhood Convenience Store #587,45 Park Avenue,New Delhi,Delhi,India
ST000588,Quick Convenience Store #588,89 Park Avenue,Bengaluru,Karnataka,India
ST000589,Value Convenience Store #589,107 Park Avenue,New Delhi,Delhi,India
ST000590,Prime Pharmacy #590,48 Hill Street,Mumbai,Maharashtra,India
ST000591,Metro Grocery Store #591,77 Market Street,Bengaluru,Karnataka,India
ST000592,Elite Grocery Store #592,144 Park Avenue,Bengaluru,Karnataka,India
ST000593,Family Grocery Store #593,35 Park Avenue,New Delhi,Delhi,India
ST000594,Prime Pharmacy #594,85 Ring Road,Bengaluru,Karnataka,India
ST000595,Royal Grocery Store #595,24 Hill Street,Mumbai,Maharashtra,India
ST000596,Fresh Pharmacy #596,97 Garden Lane,Mumbai,Maharashtra,India
ST000597,Fresh Convenience Store #597,49 Garden Lane,Bengaluru,Karnataka,India
ST000598,Metro Convenience Store #598,54 MG Road,Mumbai,Maharashtra,India
ST000599,Elite Hypermarket #599,55 Church Street,Bengaluru,Karnataka,India
ST000600,Sunrise Supermarket #600,63 Garden Lane,Mumbai,Maharashtra,India
ST000601,Corner Pharmacy #601,142 MG Road,Bengaluru,Karnataka,India
ST000602,Corner Hypermarket #602,137 MG Road,Mumbai,Maharashtra,India
ST000603,Prime Hypermarket #603,132 Lake View Road,Mumbai,Maharashtra,India
ST000604,Daily Grocery Store #604,121 MG Road,New Delhi,Delhi,India
ST000605,Value Pharmacy #605,106 Main Road,Mumbai,Maharashtra,India
ST000606,Royal Convenience Store #606,190 Market Street,Bengaluru,Karnataka,India
ST000607,Prime Supermarket #607,150 Garden Lane,New Delhi,Delhi,India
ST000608,Prime Grocery Store #608,51 MG Road,Bengaluru,Karnataka,India
ST000609,Corner Pharmacy #609,63 Lake View Road,New Delhi,Delhi,India
ST000610,Star Convenience Store #610,87 Station Road,New Delhi,Delhi,India
ST000611,Sunrise Grocery Store #611,190 Lake View Road,New Delhi,Delhi,India
ST000612,City Grocery Store #612,91 Market Street,New Delhi,Delhi,India
ST000613,Sunrise Pharmacy #613,126 Market Street,New Delhi,Delhi,India
ST000614,Star Convenience Store #614,135 Main Road,Bengaluru,Karnataka,India
ST000615,Royal Supermarket #615,13 Main Road,New Delhi,Delhi,India
ST000616,City Grocery Store #616,60 Ring Road,New Delhi,Delhi,India
ST000617,Fresh Pharmacy #617,130 Lake View Road,Bengaluru,Karnataka,India
ST000618,Fresh Hypermarket #618,164 Garden Lane,New Delhi,Delhi,India
ST000619,Star Grocery Store #619,5 Main Road,Mumbai,Maharashtra,India
ST000620,Family Convenience Store #620,4 Main Road,Mumbai,Maharashtra,India
ST000621,Sunrise Convenience Store #621,138 Station Road,Mumbai,Maharashtra,India
ST000622,Family Supermarket #622,173 Park Avenue,New Delhi,Delhi,India
ST000623,Daily Pharmacy #623,135 Market Street,Bengaluru,Karnataka,India
ST000624,Metro Pharmacy #624,135 Station Road,New Delhi,Delhi,India
ST000625,Prime Hypermarket #625,21 MG Road,Mumbai,Maharashtra,India
ST000626,Quick Grocery Store #626,63 Church Street,New Delhi,Delhi,India
ST000627,Star Hypermarket #627,168 Main Road,Bengaluru,Karnataka,India
ST000628,Corner Supermarket #628,97 Hill Street,Mumbai,Maharashtra,India
ST000629,Fresh Grocery Store #629,3 Market Street,New Delhi,Delhi,India
ST000630,Quick Supermarket #630,166 MG Road,Mumbai,Maharashtra,India
ST000631,Royal Convenience Store #631,136 Main Road,Bengaluru,Karnataka,India
ST000632,Metro Pharmacy #632,146 Lake View Road,New Delhi,Delhi,India
ST000633,Fresh Hypermarket #633,176 Station Road,Bengaluru,Karnataka,India
ST000634,Neighborhood Convenience Store #634,9 Market Street,New Delhi,Delhi,India
ST000635,Fresh Hypermarket #635,151 Market Street,Bengaluru,Karnataka,India
ST000636,Elite Grocery Store #636,77 Market Street,Bengaluru,Karnataka,India
ST000637,Metro Convenience Store #637,100 Hill Street,New Delhi,Delhi,India
ST000638,Corner Hypermarket #638,36 Ring Road,New Delhi,Delhi,India
ST000639,Sunrise Convenience Store #639,14 Ring Road,Mumbai,Maharashtra,India
ST000640,Metro Grocery Store #640,88 Garden Lane,Bengaluru,Karnataka,India
ST000641,Neighborhood Convenience Store #641,199 MG Road,Mumbai,Maharashtra,India
ST000642,Star Supermarket #642,116 Lake View Road,Mumbai,Maharashtra,India
ST000643,Value Pharmacy #643,97 Park Avenue,New Delhi,Delhi,India
ST000644,Star Pharmacy #644,170 Park Avenue,New Delhi,Delhi,India
ST000645,Green Supermarket #645,76 Church Street,New Delhi,Delhi,India
ST000646,Daily Supermarket #646,40 Park Avenue,Mumbai,Maharashtra,India
ST000647,Sunrise Pharmacy #647,82 MG Road,Mumbai,Maharashtra,India
ST000648,Daily Supermarket #648,79 Lake View Road,Bengaluru,Karnataka,India
ST000649,Green Hypermarket #649,27 Market Street,Mumbai,Maharashtra,India
ST000650,City Supermarket #650,115 Hill Street,Mumbai,Maharashtra,India
ST000651,Family Convenience Store #651,27 Main Road,Mumbai,Maharashtra,India
ST000652,Value Supermarket #652,24 Garden Lane,New Delhi,Delhi,India
ST000653,Green Convenience Store #653,99 Main Road,Mumbai,Maharashtra,India
ST000654,Corner Hypermarket #654,200 Ring Road,Mumbai,Maharashtra,India
ST000655,Elite Convenience Store #655,147 Hill Street,Bengaluru,Karnataka,India
ST000656,Star Pharmacy #656,44 Market Street,Mumbai,Maharashtra,India
ST000657,Prime Hypermarket #657,127 Market Street,Mumbai,Maharashtra,India
ST000658,City Supermarket #658,71 Park Avenue,Mumbai,Maharashtra,India
ST000659,Quick Hypermarket #659,93 Station Road,Bengaluru,Karnataka,India
ST000660,Sunrise Pharmacy #660,127 Garden Lane,New Delhi,Delhi,India
ST000661,Metro Convenience Store #661,28 Market Street,Mumbai,Maharashtra,India
ST000662,Fresh Hypermarket #662,86 Garden Lane,Mumbai,Maharashtra,India
ST000663,Green Grocery Store #663,113 MG Road,Mumbai,Maharashtra,India
ST000664,Royal Grocery Store #664,153 Market Street,New Delhi,Delhi,India
ST000665,Value Hypermarket #665,178 Church Street,New Delhi,Delhi,India
ST000666,Value Grocery Store #666,102 MG Road,Bengaluru,Karnataka,India
ST000667,Sunrise Hypermarket #667,163 Lake View Road,New Delhi,Delhi,India
ST000668,Green Convenience Store #668,84 Park Avenue,Bengaluru,Karnataka,India
ST000669,Royal Hypermarket #669,94 Ring Road,Mumbai,Maharashtra,India
ST000670,Metro Convenience Store #670,140 Market Street,New Delhi,Delhi,India
ST000671,Fresh Convenience Store #671,119 Church Street,New Delhi,Delhi,India
ST000672,Green Grocery Store #672,178 Ring Road,Mumbai,Maharashtra,India
ST000673,Star Grocery Store #673,36 Station Road,Mumbai,Maharashtra,India
ST000674,Prime Pharmacy #674,40 Park Avenue,New Delhi,Delhi,India
ST000675,Daily Grocery Store #675,154 Lake View Road,Mumbai,Maharashtra,India
ST000676,Corner Convenience Store #676,130 Park Avenue,New Delhi,Delhi,India
ST000677,Fresh Convenience Store #677,180 Hill Street,Mumbai,Maharashtra,India
ST000678,Star Convenience Store #678,28 Church Street,Bengaluru,Karnataka,India
ST000679,City Hypermarket #679,157 Main Road,New Delhi,Delhi,India
ST000680,Star Convenience Store #680,166 Park Avenue,New Delhi,Delhi,India
ST000681,Green Hypermarket #681,28 Main Road,Mumbai,Maharashtra,India
ST000682,Prime Supermarket #682,131 Hill Street,Bengaluru,Karnataka,India
ST000683,Neighborhood Convenience Store #683,148 Church Street,New Delhi,Delhi,India
ST000684,Value Grocery Store #684,119 Garden Lane,Mumbai,Maharashtra,India
ST000685,City Convenience Store #685,7 Lake View Road,Mumbai,Maharashtra,India
ST000686,Prime Supermarket #686,22 Ring Road,Mumbai,Maharashtra,India
ST000687,Value Pharmacy #687,88 Lake View Road,Mumbai,Maharashtra,India
ST000688,Family Pharmacy #688,90 Lake View Road,Mumbai,Maharashtra,India
ST000689,Quick Supermarket #689,179 Lake View Road,New Delhi,Delhi,India
ST000690,Daily Hypermarket #690,12 Ring Road,Mumbai,Maharashtra,India
ST000691,Royal Supermarket #691,166 Ring Road,Mumbai,Maharashtra,India
ST000692,Elite Pharmacy #692,63 Hill Street,New Delhi,Delhi,India
ST000693,Family Pharmacy #693,85 Hill Street,Bengaluru,Karnataka,India
ST000694,Quick Grocery Store #694,104 Market Street,Bengaluru,Karnataka,India
ST000695,Star Pharmacy #695,111 Park Avenue,New Delhi,Delhi,India
ST000696,Sunrise Supermarket #696,51 Lake View Road,New Delhi,Delhi,India
ST000697,Corner Convenience Store #697,2 Church Street,Mumbai,Maharashtra,India
ST000698,Prime Pharmacy #698,17 Garden Lane,New Delhi,Delhi,India
ST000699,Green Supermarket #699,48 MG Road,New Delhi,Delhi,India
ST000700,Metro Hypermarket #700,30 Station Road,Mumbai,Maharashtra,India
ST000701,Family Grocery Store #701,81 Garden Lane,New Delhi,Delhi,India
ST000702,Neighborhood Grocery Store #702,151 Ring Road,Mumbai,Maharashtra,India
ST000703,Value Hypermarket #703,159 Market Street,Mumbai,Maharashtra,India
ST000704,Elite Hypermarket #704,152 Ring Road,New Delhi,Delhi,India
ST000705,Value Pharmacy #705,62 Station Road,Bengaluru,Karnataka,India
ST000706,City Supermarket #706,178 Market Street,Mumbai,Maharashtra,India
ST000707,Corner Convenience Store #707,153 Market Street,Mumbai,Maharashtra,India
ST000708,Corner Convenience Store #708,48 Lake View Road,Mumbai,Maharashtra,India
ST000709,Sunrise Convenience Store #709,45 Hill Street,New Delhi,Delhi,India
ST000710,Quick Pharmacy #710,36 Market Street,Mumbai,Maharashtra,India
ST000711,Royal Hypermarket #711,159 Main Road,Mumbai,Maharashtra,India
ST000712,Fresh Hypermarket #712,35 Church Street,Mumbai,Maharashtra,India
ST000713,Family Grocery Store #713,168 Lake View Road,New Delhi,Delhi,India
ST000714,Star Grocery Store #714,107 Lake View Road,Mumbai,Maharashtra,India
ST000715,City Grocery Store #715,145 Main Road,Bengaluru,Karnataka,India
ST000716,Prime Pharmacy #716,71 Church Street,Bengaluru,Karnataka,India
ST000717,Prime Convenience Store #717,200 Lake View Road,Bengaluru,Karnataka,India
ST000718,Sunrise Convenience Store #718,141 Hill Street,Mumbai,Maharashtra,India
ST000719,Neighborhood Supermarket #719,69 Hill Street,Bengaluru,Karnataka,India
ST000720,Family Hypermarket #720,195 Lake View Road,Bengaluru,Karnataka,India
ST000721,Metro Convenience Store #721,27 Church Street,Mumbai,Maharashtra,India
ST000722,Royal Hypermarket #722,116 Station Road,Bengaluru,Karnataka,India
ST000723,Royal Hypermarket #723,113 Ring Road,Bengaluru,Karnataka,India
ST000724,Metro Pharmacy #724,151 MG Road,New Delhi,Delhi,India
ST000725,Star Convenience Store #725,43 Garden Lane,Mumbai,Maharashtra,India
ST000726,Green Pharmacy #726,53 Main Road,Bengaluru,Karnataka,India
ST000727,Value Convenience Store #727,72 Garden Lane,New Delhi,Delhi,India
ST000728,City Convenience Store #728,181 Station Road,Mumbai,Maharashtra,India
ST000729,Neighborhood Hypermarket #729,132 Ring Road,Mumbai,Maharashtra,India
ST000730,Green Pharmacy #730,16 Station Road,Mumbai,Maharashtra,India
ST000731,Sunrise Pharmacy #731,64 Market Street,Bengaluru,Karnataka,India
ST000732,Royal Hypermarket #732,195 Park Avenue,Bengaluru,Karnataka,India
ST000733,City Grocery Store #733,162 Station Road,New Delhi,Delhi,India
ST000734,Corner Grocery Store #734,20 Ring Road,Mumbai,Maharashtra,India
ST000735,Family Grocery Store #735,72 MG Road,New Delhi,Delhi,India
ST000736,Quick Grocery Store #736,149 Main Road,Mumbai,Maharashtra,India
ST000737,Sunrise Supermarket #737,163 MG Road,Mumbai,Maharashtra,India
ST000738,Green Supermarket #738,102 Church Street,New Delhi,Delhi,India
ST000739,Royal Grocery Store #739,127 Station Road,Bengaluru,Karnataka,India
ST000740,Royal Hypermarket #740,87 Hill Street,Mumbai,Maharashtra,India
ST000741,City Convenience Store #741,125 MG Road,New Delhi,Delhi,India
ST000742,Fresh Supermarket #742,161 Lake View Road,Bengaluru,Karnataka,India
ST000743,Daily Supermarket #743,113 Lake View Road,Bengaluru,Karnataka,India
ST000744,Corner Supermarket #744,177 Market Street,Bengaluru,Karnataka,India
ST000745,City Hypermarket #745,24 MG Road,Mumbai,Maharashtra,India
ST000746,Daily Hypermarket #746,171 Market Street,Mumbai,Maharashtra,India
ST000747,Corner Supermarket #747,79 Church Street,New Delhi,Delhi,India
ST000748,Star Grocery Store #748,181 Ring Road,Bengaluru,Karnataka,India
ST000749,Metro Supermarket #749,20 Market Street,Mumbai,Maharashtra,India
ST000750,Metro Convenience Store #750,175 Lake View Road,New Delhi,Delhi,India
ST000751,Fresh Supermarket #751,88 Ring Road,New Delhi,Delhi,India
ST000752,Sunrise Grocery Store #752,123 Ring Road,Bengaluru,Karnataka,India
ST000753,Corner Pharmacy #753,188 Ring Road,Bengaluru,Karnataka,India
ST000754,Value Supermarket #754,77 Market Street,Mumbai,Maharashtra,India
ST000755,Green Grocery Store #755,165 Market Street,Bengaluru,Karnataka,India
ST000756,Family Supermarket #756,3 Garden Lane,New Delhi,Delhi,India
ST000757,Quick Pharmacy #757,185 Church Street,Mumbai,Maharashtra,India
ST000758,Elite Pharmacy #758,158 Lake View Road,Mumbai,Maharashtra,India
ST000759,Daily Pharmacy #759,36 Ring Road,Bengaluru,Karnataka,India
ST000760,Sunrise Convenience Store #760,90 Park Avenue,Mumbai,Maharashtra,India
ST000761,Green Hypermarket #761,64 Station Road,Bengaluru,Karnataka,India
ST000762,Metro Supermarket #762,154 Garden Lane,New Delhi,Delhi,India
ST000763,Prime Convenience Store #763,7 Station Road,New Delhi,Delhi,India
ST000764,Family Pharmacy #764,131 Church Street,New Delhi,Delhi,India
ST000765,Prime Grocery Store #765,14 Church Street,New Delhi,Delhi,India
ST000766,Corner Grocery Store #766,62 Lake View Road,Bengaluru,Karnataka,India
ST000767,Daily Convenience Store #767,4 MG Road,New Delhi,Delhi,India
ST000768,City Hypermarket #768,146 Park Avenue,Mumbai,Maharashtra,India
ST000769,Family Hypermarket #769,45 Lake View Road,New Delhi,Delhi,India
ST000770,Fresh Supermarket #770,18 Main Road,New Delhi,Delhi,India
ST000771,Metro Hypermarket #771,16 Park Avenue,Bengaluru,Karnataka,India
ST000772,Prime Convenience Store #772,183 Hill Street,New Delhi,Delhi,India
ST000773,Corner Grocery Store #773,103 Ring Road,New Delhi,Delhi,India
ST000774,Family Convenience Store #774,40 Station Road,New Delhi,Delhi,India
ST000775,Prime Supermarket #775,131 Church Street,Bengaluru,Karnataka,India
ST000776,Family Pharmacy #776,101 Garden Lane,Mumbai,Maharashtra,India
ST000777,Prime Supermarket #777,112 Church Street,New Delhi,Delhi,India
ST000778,Metro Supermarket #778,112 Ring Road,Bengaluru,Karnataka,India
ST000779,Neighborhood Grocery Store #779,15 Station Road,New Delhi,Delhi,India
ST000780,Daily Pharmacy #780,182 Market Street,Bengaluru,Karnataka,India
ST000781,City Supermarket #781,89 Hill Street,Mumbai,Maharashtra,India
ST000782,Green Convenience Store #782,67 Market Street,New Delhi,Delhi,India
ST000783,City Hypermarket #783,200 Station Road,New Delhi,Delhi,India
ST000784,Green Supermarket #784,86 Park Avenue,Bengaluru,Karnataka,India
ST000785,Family Hypermarket #785,68 Garden Lane,Bengaluru,Karnataka,India
ST000786,Quick Supermarket #786,131 MG Road,Mumbai,Maharashtra,India
ST000787,Quick Supermarket #787,43 MG Road,New Delhi,Delhi,India
ST000788,Prime Pharmacy #788,147 Ring Road,Bengaluru,Karnataka,India
ST000789,Sunrise Pharmacy #789,1 Main Road,New Delhi,Delhi,India
ST000790,Metro Supermarket #790,121 MG Road,Bengaluru,Karnataka,India
ST000791,Elite Grocery Store #791,46 Main Road,Bengaluru,Karnataka,India
ST000792,Green Convenience Store #792,190 Park Avenue,New Delhi,Delhi,India
ST000793,Value Pharmacy #793,107 MG Road,Bengaluru,Karnataka,India
ST000794,Royal Hypermarket #794,147 MG Road,Bengaluru,Karnataka,India
ST000795,Family Supermarket #795,14 Market Street,New Delhi,Delhi,India
ST000796,Green Pharmacy #796,12 Park Avenue,New Delhi,Delhi,India
ST000797,Elite Supermarket #797,73 Station Road,Mumbai,Maharashtra,India
ST000798,Daily Hypermarket #798,117 Main Road,New Delhi,Delhi,India
ST000799,Metro Hypermarket #799,145 Station Road,Mumbai,Maharashtra,India
ST000800,Metro Convenience Store #800,95 Garden Lane,Mumbai,Maharashtra,India
ST000801,Green Grocery Store #801,188 Hill Street,Bengaluru,Karnataka,India
ST000802,City Pharmacy #802,105 Main Road,Bengaluru,Karnataka,India
ST000803,Family Pharmacy #803,163 Main Road,Mumbai,Maharashtra,India
ST000804,Fresh Hypermarket #804,97 Station Road,New Delhi,Delhi,India
ST000805,Metro Supermarket #805,61 Park Avenue,New Delhi,Delhi,India
ST000806,Fresh Grocery Store #806,183 Station Road,Bengaluru,Karnataka,India
ST000807,Fresh Supermarket #807,134 Park Avenue,Bengaluru,Karnataka,India
ST000808,Quick Hypermarket #808,22 Garden Lane,New Delhi,Delhi,India
ST000809,Family Supermarket #809,164 Park Avenue,Bengaluru,Karnataka,India
ST000810,Neighborhood Supermarket #810,16 Park Avenue,New Delhi,Delhi,India
ST000811,Metro Pharmacy #811,67 MG Road,Mumbai,Maharashtra,India
ST000812,Sunrise Grocery Store #812,84 MG Road,New Delhi,Delhi,India
ST000813,Prime Grocery Store #813,20 Church Street,Bengaluru,Karnataka,India
ST000814,Green Pharmacy #814,28 Market Street,New Delhi,Delhi,India
ST000815,City Supermarket #815,120 MG Road,Mumbai,Maharashtra,India
ST000816,Daily Grocery Store #816,92 Church Street,New Delhi,Delhi,India
ST000817,Prime Grocery Store #817,68 Ring Road,Mumbai,Maharashtra,India
ST000818,City Supermarket #818,78 Garden Lane,New Delhi,Delhi,India
ST000819,Metro Supermarket #819,38 Ring Road,Mumbai,Maharashtra,India
ST000820,Value Pharmacy #820,132 Main Road,Mumbai,Maharashtra,India
ST000821,Prime Hypermarket #821,8 Park Avenue,Bengaluru,Karnataka,India
ST000822,Family Grocery Store #822,141 Church Street,New Delhi,Delhi,India
ST000823,Quick Supermarket #823,36 Ring Road,Bengaluru,Karnataka,India
ST000824,Fresh Supermarket #824,34 Church Street,Bengaluru,Karnataka,India
ST000825,Value Grocery Store #825,162 Ring Road,New Delhi,Delhi,India
ST000826,Neighborhood Convenience Store #826,20 Main Road,Mumbai,Maharashtra,India
ST000827,Metro Supermarket #827,114 Market Street,New Delhi,Delhi,India
ST000828,Elite Supermarket #828,32 Main Road,Mumbai,Maharashtra,India
ST000829,Fresh Grocery Store #829,147 Park Avenue,Bengaluru,Karnataka,India
ST000830,Quick Grocery Store #830,98 Park Avenue,Bengaluru,Karnataka,India
ST000831,Value Pharmacy #831,48 Station Road,Bengaluru,Karnataka,India
ST000832,Quick Hypermarket #832,9 Garden Lane,Bengaluru,Karnataka,India
ST000833,Neighborhood Convenience Store #833,166 Station Road,Bengaluru,Karnataka,India
ST000834,Corner Grocery Store #834,123 Main Road,New Delhi,Delhi,India
ST000835,Prime Supermarket #835,36 Park Avenue,Mumbai,Maharashtra,India
ST000836,Star Pharmacy #836,64 Hill Street,New Delhi,Delhi,India
ST000837,Corner Supermarket #837,92 Lake View Road,New Delhi,Delhi,India
ST000838,Green Convenience Store #838,89 Garden Lane,Mumbai,Maharashtra,India
ST000839,Value Convenience Store #839,70 Market Street,Mumbai,Maharashtra,India
ST000840,Value Supermarket #840,57 Main Road,New Delhi,Delhi,India
ST000841,Fresh Hypermarket #841,136 MG Road,Mumbai,Maharashtra,India
ST000842,Metro Convenience Store #842,26 Church Street,Bengaluru,Karnataka,India
ST000843,Prime Pharmacy #843,189 Main Road,New Delhi,Delhi,India
ST000844,Neighborhood Pharmacy #844,91 Market Street,Mumbai,Maharashtra,India
ST000845,Metro Pharmacy #845,82 MG Road,New Delhi,Delhi,India
ST000846,Fresh Convenience Store #846,180 MG Road,New Delhi,Delhi,India
ST000847,Neighborhood Convenience Store #847,145 Church Street,Bengaluru,Karnataka,India
ST000848,Family Grocery Store #848,45 Lake View Road,Mumbai,Maharashtra,India
ST000849,Daily Supermarket #849,60 Garden Lane,Bengaluru,Karnataka,India
ST000850,Fresh Pharmacy #850,123 Main Road,New Delhi,Delhi,India
ST000851,Elite Hypermarket #851,52 Market Street,New Delhi,Delhi,India
ST000852,Sunrise Hypermarket #852,83 Main Road,Bengaluru,Karnataka,India
ST000853,City Supermarket #853,181 Market Street,New Delhi,Delhi,India
ST000854,Royal Supermarket #854,94 Ring Road,New Delhi,Delhi,India
ST000855,Sunrise Hypermarket #855,102 Garden Lane,New Delhi,Delhi,India
ST000856,Value Supermarket #856,83 Market Street,Mumbai,Maharashtra,India
ST000857,Sunrise Pharmacy #857,164 Lake View Road,Mumbai,Maharashtra,India
ST000858,City Hypermarket #858,144 Garden Lane,New Delhi,Delhi,India
ST000859,Metro Hypermarket #859,151 Market Street,New Delhi,Delhi,India
ST000860,Prime Grocery Store #860,177 Station Road,New Delhi,Delhi,India
ST000861,City Pharmacy #861,1 Garden Lane,New Delhi,Delhi,India
ST000862,Royal Grocery Store #862,9 Market Street,New Delhi,Delhi,India
ST000863,Value Convenience Store #863,57 Garden Lane,New Delhi,Delhi,India
ST000864,Elite Supermarket #864,37 MG Road,Mumbai,Maharashtra,India
ST000865,Metro Supermarket #865,82 Market Street,Mumbai,Maharashtra,India
ST000866,Royal Supermarket #866,172 MG Road,New Delhi,Delhi,India
ST000867,Fresh Grocery Store #867,54 Church Street,Mumbai,Maharashtra,India
ST000868,Value Supermarket #868,28 Main Road,Mumbai,Maharashtra,India
ST000869,Corner Supermarket #869,188 Park Avenue,Mumbai,Maharashtra,India
ST000870,Elite Pharmacy #870,127 Park Avenue,Mumbai,Maharashtra,India
ST000871,Family Hypermarket #871,26 Lake View Road,Mumbai,Maharashtra,India
ST000872,Star Convenience Store #872,58 Market Street,New Delhi,Delhi,India
ST000873,Daily Grocery Store #873,76 Main Road,Bengaluru,Karnataka,India
ST000874,Prime Hypermarket #874,19 MG Road,Bengaluru,Karnataka,India
ST000875,Elite Pharmacy #875,42 Ring Road,Mumbai,Maharashtra,India
ST000876,Elite Convenience Store #876,87 Garden Lane,Bengaluru,Karnataka,India
ST000877,Elite Convenience Store #877,181 Main Road,Mumbai,Maharashtra,India
ST000878,Star Grocery Store #878,156 Park Avenue,Bengaluru,Karnataka,India
ST000879,Fresh Pharmacy #879,85 Church Street,Bengaluru,Karnataka,India
ST000880,Corner Pharmacy #880,142 Hill Street,New Delhi,Delhi,India
ST000881,Star Hypermarket #881,77 Church Street,Mumbai,Maharashtra,India
ST000882,Fresh Supermarket #882,147 Hill Street,Mumbai,Maharashtra,India
ST000883,City Grocery Store #883,93 Main Road,Bengaluru,Karnataka,India
ST000884,Daily Grocery Store #884,170 Garden Lane,Mumbai,Maharashtra,India
ST000885,Metro Grocery Store #885,7 Church Street,Bengaluru,Karnataka,India
ST000886,Star Pharmacy #886,21 Lake View Road,Mumbai,Maharashtra,India
ST000887,Prime Supermarket #887,121 Lake View Road,Mumbai,Maharashtra,India
ST000888,Daily Hypermarket #888,140 Park Avenue,New Delhi,Delhi,India
ST000889,Value Pharmacy #889,95 Market Street,Mumbai,Maharashtra,India
ST000890,Fresh Grocery Store #890,113 Lake View Road,Mumbai,Maharashtra,India
ST000891,Metro Hypermarket #891,145 Main Road,Mumbai,Maharashtra,India
ST000892,Green Pharmacy #892,171 Ring Road,New Delhi,Delhi,India
ST000893,Star Supermarket #893,139 Park Avenue,Mumbai,Maharashtra,India
ST000894,Metro Convenience Store #894,16 Park Avenue,New Delhi,Delhi,India
ST000895,Corner Convenience Store #895,176 Lake View Road,New Delhi,Delhi,India
ST000896,Elite Convenience Store #896,122 Station Road,Bengaluru,Karnataka,India
ST000897,Corner Supermarket #897,9 Hill Street,New Delhi,Delhi,India
ST000898,Elite Convenience Store #898,147 Garden Lane,New Delhi,Delhi,India
ST000899,Daily Pharmacy #899,45 Market Street,Mumbai,Maharashtra,India
ST000900,Green Pharmacy #900,33 Main Road,Bengaluru,Karnataka,India
ST000901,Daily Grocery Store #901,112 Church Street,New Delhi,Delhi,India
ST000902,Royal Pharmacy #902,67 MG Road,New Delhi,Delhi,India
ST000903,Daily Supermarket #903,143 Park Avenue,Mumbai,Maharashtra,India
ST000904,Value Convenience Store #904,134 Lake View Road,Mumbai,Maharashtra,India
ST000905,Green Supermarket #905,160 Garden Lane,New Delhi,Delhi,India
ST000906,Green Convenience Store #906,29 Park Avenue,Mumbai,Maharashtra,India
ST000907,City Pharmacy #907,151 Garden Lane,New Delhi,Delhi,India
ST000908,Elite Supermarket #908,145 Ring Road,Bengaluru,Karnataka,India
ST000909,Royal Hypermarket #909,89 Park Avenue,New Delhi,Delhi,India
ST000910,Corner Hypermarket #910,125 Garden Lane,New Delhi,Delhi,India
ST000911,Quick Convenience Store #911,45 Station Road,Bengaluru,Karnataka,India
ST000912,City Grocery Store #912,156 Park Avenue,New Delhi,Delhi,India
ST000913,Corner Supermarket #913,177 Church Street,Mumbai,Maharashtra,India
ST000914,Sunrise Supermarket #914,69 MG Road,Mumbai,Maharashtra,India
ST000915,Value Supermarket #915,80 Station Road,Mumbai,Maharashtra,India
ST000916,Royal Grocery Store #916,176 Ring Road,New Delhi,Delhi,India
ST000917,City Pharmacy #917,191 Lake View Road,Mumbai,Maharashtra,India
ST000918,Prime Hypermarket #918,107 Garden Lane,New Delhi,Delhi,India
ST000919,Metro Supermarket #919,55 Park Avenue,Mumbai,Maharashtra,India
ST000920,Green Grocery Store #920,96 Main Road,New Delhi,Delhi,India
ST000921,Green Convenience Store #921,17 Station Road,Bengaluru,Karnataka,India
ST000922,Corner Convenience Store #922,200 Hill Street,Bengaluru,Karnataka,India
ST000923,Fresh Convenience Store #923,50 Church Street,Bengaluru,Karnataka,India
ST000924,Metro Supermarket #924,117 Main Road,Bengaluru,Karnataka,India
ST000925,Sunrise Hypermarket #925,71 MG Road,Bengaluru,Karnataka,India
ST000926,Family Grocery Store #926,163 Ring Road,Mumbai,Maharashtra,India
ST000927,Metro Supermarket #927,126 Garden Lane,Mumbai,Maharashtra,India
ST000928,City Grocery Store #928,151 Hill Street,Mumbai,Maharashtra,India
ST000929,Value Hypermarket #929,67 Ring Road,Bengaluru,Karnataka,India
ST000930,Fresh Hypermarket #930,13 Market Street,Mumbai,Maharashtra,India
ST000931,Green Convenience Store #931,57 Church Street,Bengaluru,Karnataka,India
ST000932,Prime Pharmacy #932,105 Hill Street,New Delhi,Delhi,India
ST000933,Royal Supermarket #933,3 Lake View Road,New Delhi,Delhi,India
ST000934,Star Pharmacy #934,154 Main Road,Bengaluru,Karnataka,India
ST000935,Prime Pharmacy #935,79 Station Road,New Delhi,Delhi,India
ST000936,Elite Grocery Store #936,90 Lake View Road,Mumbai,Maharashtra,India
ST000937,Metro Hypermarket #937,78 Hill Street,Mumbai,Maharashtra,India
ST000938,Corner Convenience Store #938,27 Main Road,New Delhi,Delhi,India
ST000939,Star Convenience Store #939,144 Garden Lane,Mumbai,Maharashtra,India
ST000940,Prime Convenience Store #940,176 Ring Road,Mumbai,Maharashtra,India
ST000941,Daily Grocery Store #941,71 MG Road,Mumbai,Maharashtra,India
ST000942,Prime Hypermarket #942,183 Station Road,New Delhi,Delhi,India
ST000943,City Pharmacy #943,196 Church Street,New Delhi,Delhi,India
ST000944,Green Supermarket #944,104 MG Road,New Delhi,Delhi,India
ST000945,Sunrise Pharmacy #945,168 Lake View Road,Bengaluru,Karnataka,India
ST000946,Prime Hypermarket #946,104 Park Avenue,Mumbai,Maharashtra,India
ST000947,Neighborhood Supermarket #947,147 Church Street,New Delhi,Delhi,India
ST000948,Sunrise Hypermarket #948,57 Hill Street,New Delhi,Delhi,India
ST000949,Elite Grocery Store #949,92 Hill Street,New Delhi,Delhi,India
ST000950,Royal Hypermarket #950,169 Hill Street,Bengaluru,Karnataka,India
ST000951,Prime Pharmacy #951,121 Market Street,Bengaluru,Karnataka,India
ST000952,Sunrise Hypermarket #952,196 Market Street,New Delhi,Delhi,India
ST000953,Star Hypermarket #953,57 MG Road,Bengaluru,Karnataka,India
ST000954,Sunrise Pharmacy #954,108 MG Road,Mumbai,Maharashtra,India
ST000955,Prime Hypermarket #955,76 Lake View Road,New Delhi,Delhi,India
ST000956,Quick Supermarket #956,163 Garden Lane,Bengaluru,Karnataka,India
ST000957,Neighborhood Convenience Store #957,121 Church Street,Bengaluru,Karnataka,India
ST000958,Daily Convenience Store #958,98 Hill Street,New Delhi,Delhi,India
ST000959,Corner Hypermarket #959,39 Market Street,Bengaluru,Karnataka,India
ST000960,Value Pharmacy #960,146 Lake View Road,Mumbai,Maharashtra,India
ST000961,Value Pharmacy #961,47 Ring Road,New Delhi,Delhi,India
ST000962,Value Grocery Store #962,46 MG Road,New Delhi,Delhi,India
ST000963,Fresh Supermarket #963,71 Church Street,Mumbai,Maharashtra,India
ST000964,Neighborhood Pharmacy #964,126 Ring Road,Bengaluru,Karnataka,India
ST000965,Neighborhood Pharmacy #965,163 Park Avenue,Mumbai,Maharashtra,India
ST000966,Corner Grocery Store #966,99 Main Road,Mumbai,Maharashtra,India
ST000967,Family Supermarket #967,188 MG Road,Bengaluru,Karnataka,India
ST000968,Elite Supermarket #968,194 Hill Street,Mumbai,Maharashtra,India
ST000969,Fresh Pharmacy #969,2 Church Street,New Delhi,Delhi,India
ST000970,Sunrise Pharmacy #970,80 Market Street,Mumbai,Maharashtra,India
ST000971,Corner Supermarket #971,151 Station Road,New Delhi,Delhi,India
ST000972,Daily Pharmacy #972,77 Station Road,Bengaluru,Karnataka,India
ST000973,Sunrise Grocery Store #973,153 Hill Street,New Delhi,Delhi,India
ST000974,Corner Hypermarket #974,35 MG Road,New Delhi,Delhi,India
ST000975,Value Grocery Store #975,43 Park Avenue,Bengaluru,Karnataka,India
ST000976,Metro Supermarket #976,187 Market Street,Bengaluru,Karnataka,India
ST000977,Sunrise Pharmacy #977,151 Hill Street,Bengaluru,Karnataka,India
ST000978,Daily Pharmacy #978,183 Main Road,Mumbai,Maharashtra,India
ST000979,Elite Grocery Store #979,66 Hill Street,New Delhi,Delhi,India
ST000980,Fresh Convenience Store #980,13 Ring Road,New Delhi,Delhi,India
ST000981,Fresh Supermarket #981,30 Park Avenue,New Delhi,Delhi,India
ST000982,Corner Grocery Store #982,141 Station Road,Bengaluru,Karnataka,India
ST000983,Sunrise Grocery Store #983,53 Main Road,Bengaluru,Karnataka,India
ST000984,Corner Hypermarket #984,26 Hill Street,New Delhi,Delhi,India
ST000985,Neighborhood Hypermarket #985,180 Market Street,New Delhi,Delhi,India
ST000986,Royal Grocery Store #986,131 Garden Lane,Bengaluru,Karnataka,India
ST000987,Prime Supermarket #987,28 Lake View Road,Bengaluru,Karnataka,India
ST000988,Neighborhood Pharmacy #988,200 Station Road,Bengaluru,Karnataka,India
ST000989,Metro Convenience Store #989,181 Park Avenue,Mumbai,Maharashtra,India
ST000990,City Hypermarket #990,141 Lake View Road,Bengaluru,Karnataka,India
ST000991,Sunrise Pharmacy #991,85 Church Street,Mumbai,Maharashtra,India
ST000992,Fresh Supermarket #992,23 Ring Road,New Delhi,Delhi,India
ST000993,Star Convenience Store #993,39 Ring Road,Mumbai,Maharashtra,India
ST000994,Daily Convenience Store #994,186 Ring Road,New Delhi,Delhi,India
ST000995,Star Hypermarket #995,117 Station Road,Bengaluru,Karnataka,India
ST000996,Quick Hypermarket #996,26 Market Street,Bengaluru,Karnataka,India
ST000997,Royal Supermarket #997,93 MG Road,Mumbai,Maharashtra,India
ST000998,Sunrise Grocery Store #998,25 Main Road,Bengaluru,Karnataka,India
ST000999,Royal Supermarket #999,170 Market Street,Bengaluru,Karnataka,India
ST001000,Value Hypermarket #1000,160 Station Road,Mumbai,Maharashtra,India
ST001001,Value Supermarket #1001,47 Ring Road,Mumbai,Maharashtra,India
ST001002,Corner Grocery Store #1002,70 Park Avenue,Mumbai,Maharashtra,India
ST001003,Green Grocery Store #1003,167 Market Street,Mumbai,Maharashtra,India
ST001004,City Supermarket #1004,186 Main Road,New Delhi,Delhi,India
ST001005,Daily Pharmacy #1005,152 Lake View Road,Mumbai,Maharashtra,India
ST001006,Star Convenience Store #1006,47 Garden Lane,Mumbai,Maharashtra,India
ST001007,Green Grocery Store #1007,157 Main Road,Mumbai,Maharashtra,India
ST001008,Quick Pharmacy #1008,29 Park Avenue,Mumbai,Maharashtra,India
ST001009,Fresh Grocery Store #1009,67 MG Road,Bengaluru,Karnataka,India
ST001010,Sunrise Supermarket #1010,135 Garden Lane,New Delhi,Delhi,India
ST001011,Metro Convenience Store #1011,87 Hill Street,New Delhi,Delhi,India
ST001012,Sunrise Convenience Store #1012,159 Ring Road,New Delhi,Delhi,India
ST001013,Star Grocery Store #1013,64 Lake View Road,New Delhi,Delhi,India
ST001014,Star Hypermarket #1014,165 Park Avenue,New Delhi,Delhi,India
ST001015,Royal Pharmacy #1015,157 Main Road,New Delhi,Delhi,India
ST001016,Star Supermarket #1016,130 Lake View Road,Bengaluru,Karnataka,India
ST001017,Royal Grocery Store #1017,20 Lake View Road,Bengaluru,Karnataka,India
ST001018,Metro Hypermarket #1018,72 Main Road,Mumbai,Maharashtra,India
ST001019,Metro Convenience Store #1019,165 Park Avenue,New Delhi,Delhi,India
ST001020,Royal Grocery Store #1020,21 Lake View Road,Bengaluru,Karnataka,India
ST001021,Green Grocery Store #1021,115 Ring Road,New Delhi,Delhi,India
ST001022,Quick Grocery Store #1022,31 Lake View Road,Mumbai,Maharashtra,India
ST001023,Daily Supermarket #1023,106 Main Road,Mumbai,Maharashtra,India
ST001024,Family Convenience Store #1024,24 Garden Lane,Bengaluru,Karnataka,India
ST001025,Star Convenience Store #1025,131 Hill Street,Mumbai,Maharashtra,India
ST001026,Star Pharmacy #1026,117 MG Road,New Delhi,Delhi,India
ST001027,Royal Hypermarket #1027,58 Lake View Road,Bengaluru,Karnataka,India
ST001028,Family Hypermarket #1028,154 Lake View Road,New Delhi,Delhi,India
ST001029,Sunrise Hypermarket #1029,30 Ring Road,Mumbai,Maharashtra,India
ST001030,Fresh Pharmacy #1030,91 Station Road,Mumbai,Maharashtra,India
ST001031,Family Convenience Store #1031,180 Ring Road,Mumbai,Maharashtra,India
ST001032,Elite Supermarket #1032,127 Market Street,Bengaluru,Karnataka,India
ST001033,Daily Grocery Store #1033,157 Church Street,Mumbai,Maharashtra,India
ST001034,Daily Pharmacy #1034,56 Lake View Road,Mumbai,Maharashtra,India
ST001035,Sunrise Pharmacy #1035,28 Park Avenue,Mumbai,Maharashtra,India
ST001036,Elite Supermarket #1036,173 Garden Lane,New Delhi,Delhi,India
ST001037,Green Supermarket #1037,118 Garden Lane,Mumbai,Maharashtra,India
ST001038,City Convenience Store #1038,2 Hill Street,Mumbai,Maharashtra,India
ST001039,Family Supermarket #1039,150 Lake View Road,Mumbai,Maharashtra,India
ST001040,Green Convenience Store #1040,178 Garden Lane,Bengaluru,Karnataka,India
ST001041,Sunrise Pharmacy #1041,27 Park Avenue,Bengaluru,Karnataka,India
ST001042,Neighborhood Convenience Store #1042,130 Park Avenue,Mumbai,Maharashtra,India
ST001043,Neighborhood Grocery Store #1043,196 Church Street,New Delhi,Delhi,India
ST001044,Corner Hypermarket #1044,76 Lake View Road,Mumbai,Maharashtra,India
ST001045,City Pharmacy #1045,155 Hill Street,Mumbai,Maharashtra,India
ST001046,Royal Hypermarket #1046,141 MG Road,New Delhi,Delhi,India
ST001047,Star Convenience Store #1047,52 Church Street,Bengaluru,Karnataka,India
ST001048,Sunrise Convenience Store #1048,176 MG Road,Mumbai,Maharashtra,India
ST001049,Sunrise Pharmacy #1049,46 Hill Street,New Delhi,Delhi,India
ST001050,Sunrise Convenience Store #1050,83 Ring Road,New Delhi,Delhi,India
ST001051,Family Hypermarket #1051,150 Garden Lane,Mumbai,Maharashtra,India
ST001052,Star Grocery Store #1052,137 Station Road,New Delhi,Delhi,India
ST001053,Green Grocery Store #1053,134 Ring Road,Bengaluru,Karnataka,India
ST001054,Corner Supermarket #1054,14 Main Road,Bengaluru,Karnataka,India
ST001055,Prime Pharmacy #1055,74 Station Road,Bengaluru,Karnataka,India
ST001056,Royal Pharmacy #1056,177 Station Road,Bengaluru,Karnataka,India
ST001057,Green Pharmacy #1057,9 MG Road,New Delhi,Delhi,India
ST001058,Daily Grocery Store #1058,173 Hill Street,New Delhi,Delhi,India
ST001059,Sunrise Pharmacy #1059,144 Park Avenue,New Delhi,Delhi,India
ST001060,Family Pharmacy #1060,74 Main Road,New Delhi,Delhi,India
ST001061,Corner Grocery Store #1061,176 MG Road,Mumbai,Maharashtra,India
ST001062,Fresh Convenience Store #1062,191 Station Road,Bengaluru,Karnataka,India
ST001063,Neighborhood Pharmacy #1063,58 MG Road,Mumbai,Maharashtra,India
ST001064,Family Convenience Store #1064,155 Church Street,New Delhi,Delhi,India
ST001065,Prime Pharmacy #1065,46 Ring Road,Mumbai,Maharashtra,India
ST001066,City Pharmacy #1066,132 Ring Road,New Delhi,Delhi,India
ST001067,Fresh Grocery Store #1067,72 Hill Street,Mumbai,Maharashtra,India
ST001068,City Hypermarket #1068,150 Station Road,Bengaluru,Karnataka,India
ST001069,Value Supermarket #1069,182 Market Street,Mumbai,Maharashtra,India
ST001070,City Supermarket #1070,153 Main Road,Mumbai,Maharashtra,India
ST001071,Royal Convenience Store #1071,78 Lake View Road,New Delhi,Delhi,India
ST001072,Family Convenience Store #1072,19 MG Road,Mumbai,Maharashtra,India
ST001073,Metro Convenience Store #1073,134 Ring Road,Bengaluru,Karnataka,India
ST001074,City Convenience Store #1074,140 Hill Street,Mumbai,Maharashtra,India
ST001075,Daily Grocery Store #1075,57 Church Street,Mumbai,Maharashtra,India
ST001076,Value Hypermarket #1076,76 Church Street,Mumbai,Maharashtra,India
ST001077,Family Convenience Store #1077,144 Main Road,Mumbai,Maharashtra,India
ST001078,Star Supermarket #1078,115 Church Street,Mumbai,Maharashtra,India
ST001079,Elite Convenience Store #1079,63 Main Road,New Delhi,Delhi,India
ST001080,Corner Hypermarket #1080,99 Station Road,Bengaluru,Karnataka,India
ST001081,Sunrise Convenience Store #1081,7 Hill Street,Mumbai,Maharashtra,India
ST001082,Family Hypermarket #1082,115 Lake View Road,New Delhi,Delhi,India
ST001083,Prime Supermarket #1083,50 MG Road,New Delhi,Delhi,India
ST001084,Daily Convenience Store #1084,43 Hill Street,Bengaluru,Karnataka,India
ST001085,Fresh Convenience Store #1085,17 Church Street,New Delhi,Delhi,India
ST001086,Royal Pharmacy #1086,109 Ring Road,New Delhi,Delhi,India
ST001087,Family Pharmacy #1087,190 Park Avenue,New Delhi,Delhi,India
ST001088,Sunrise Supermarket #1088,40 Main Road,New Delhi,Delhi,India
ST001089,Sunrise Grocery Store #1089,10 Ring Road,Mumbai,Maharashtra,India
ST001090,Fresh Supermarket #1090,65 Hill Street,Bengaluru,Karnataka,India
ST001091,Neighborhood Supermarket #1091,67 Park Avenue,Bengaluru,Karnataka,India
ST001092,Quick Grocery Store #1092,104 Park Avenue,New Delhi,Delhi,India
ST001093,Fresh Hypermarket #1093,173 Ring Road,Mumbai,Maharashtra,India
ST001094,Fresh Convenience Store #1094,185 Garden Lane,New Delhi,Delhi,India
ST001095,Green Supermarket #1095,150 Main Road,New Delhi,Delhi,India
ST001096,Value Supermarket #1096,28 Station Road,New Delhi,Delhi,India
ST001097,Neighborhood Hypermarket #1097,73 Lake View Road,Bengaluru,Karnataka,India
ST001098,Corner Grocery Store #1098,8 Lake View Road,New Delhi,Delhi,India
ST001099,Family Pharmacy #1099,35 Park Avenue,Bengaluru,Karnataka,India
ST001100,Prime Convenience Store #1100,37 Station Road,New Delhi,Delhi,India
ST001101,Fresh Hypermarket #1101,143 Market Street,New Delhi,Delhi,India
ST001102,Fresh Supermarket #1102,147 Garden Lane,Bengaluru,Karnataka,India
ST001103,Family Grocery Store #1103,22 Station Road,New Delhi,Delhi,India
ST001104,Sunrise Pharmacy #1104,186 MG Road,New Delhi,Delhi,India
ST001105,Corner Pharmacy #1105,132 Market Street,New Delhi,Delhi,India
ST001106,City Pharmacy #1106,158 Station Road,Bengaluru,Karnataka,India
ST001107,Daily Pharmacy #1107,172 Garden Lane,Bengaluru,Karnataka,India
ST001108,Royal Supermarket #1108,119 Hill Street,New Delhi,Delhi,India
ST001109,Prime Supermarket #1109,18 Station Road,New Delhi,Delhi,India
ST001110,Metro Supermarket #1110,149 Lake View Road,New Delhi,Delhi,India
ST001111,Value Hypermarket #1111,172 Church Street,Bengaluru,Karnataka,India
ST001112,Prime Supermarket #1112,18 Church Street,New Delhi,Delhi,India
ST001113,Quick Hypermarket #1113,85 Garden Lane,Mumbai,Maharashtra,India
ST001114,Sunrise Hypermarket #1114,40 Garden Lane,New Delhi,Delhi,India
ST001115,Value Convenience Store #1115,110 Market Street,Mumbai,Maharashtra,India
ST001116,Value Supermarket #1116,57 Park Avenue,Bengaluru,Karnataka,India
ST001117,Royal Hypermarket #1117,35 MG Road,Mumbai,Maharashtra,India
ST001118,Quick Grocery Store #1118,92 Station Road,Mumbai,Maharashtra,India
ST001119,Family Grocery Store #1119,45 Garden Lane,Bengaluru,Karnataka,India
ST001120,Royal Supermarket #1120,36 Hill Street,Mumbai,Maharashtra,India
ST001121,Prime Pharmacy #1121,161 Ring Road,New Delhi,Delhi,India
ST001122,Elite Supermarket #1122,130 Main Road,Bengaluru,Karnataka,India
ST001123,Neighborhood Convenience Store #1123,197 Garden Lane,Mumbai,Maharashtra,India
ST001124,Elite Pharmacy #1124,142 Station Road,Bengaluru,Karnataka,India
ST001125,Elite Convenience Store #1125,121 Market Street,New Delhi,Delhi,India
ST001126,Corner Hypermarket #1126,198 Garden Lane,Bengaluru,Karnataka,India
ST001127,City Hypermarket #1127,129 Hill Street,Mumbai,Maharashtra,India
ST001128,Corner Supermarket #1128,129 Main Road,Mumbai,Maharashtra,India
ST001129,Royal Pharmacy #1129,176 Market Street,New Delhi,Delhi,India
ST001130,City Convenience Store #1130,41 Market Street,Mumbai,Maharashtra,India
ST001131,Neighborhood Convenience Store #1131,38 Lake View Road,New Delhi,Delhi,India
ST001132,Fresh Hypermarket #1132,195 Lake View Road,Bengaluru,Karnataka,India
ST001133,Daily Pharmacy #1133,95 Church Street,Mumbai,Maharashtra,India
ST001134,Star Supermarket #1134,133 MG Road,Bengaluru,Karnataka,India
ST001135,Quick Grocery Store #1135,12 Main Road,Mumbai,Maharashtra,India
ST001136,Daily Hypermarket #1136,134 Station Road,New Delhi,Delhi,India
ST001137,Neighborhood Hypermarket #1137,146 Market Street,New Delhi,Delhi,India
ST001138,Star Grocery Store #1138,94 Garden Lane,Mumbai,Maharashtra,India
ST001139,Family Supermarket #1139,97 Church Street,Mumbai,Maharashtra,India
ST001140,Corner Convenience Store #1140,89 Lake View Road,Mumbai,Maharashtra,India
ST001141,Elite Grocery Store #1141,2 Hill Street,New Delhi,Delhi,India
ST001142,Quick Pharmacy #1142,59 Ring Road,Bengaluru,Karnataka,India
ST001143,Star Convenience Store #1143,55 Market Street,Mumbai,Maharashtra,India
ST001144,City Pharmacy #1144,155 Ring Road,Mumbai,Maharashtra,India
ST001145,Corner Pharmacy #1145,185 Ring Road,Mumbai,Maharashtra,India
ST001146,Star Grocery Store #1146,123 Church Street,Mumbai,Maharashtra,India
ST001147,City Convenience Store #1147,106 Main Road,New Delhi,Delhi,India
ST001148,Fresh Pharmacy #1148,147 Garden Lane,Bengaluru,Karnataka,India
ST001149,City Pharmacy #1149,132 Main Road,New Delhi,Delhi,India
ST001150,City Convenience Store #1150,43 Station Road,Bengaluru,Karnataka,India
ST001151,Family Pharmacy #1151,154 Garden Lane,Mumbai,Maharashtra,India
ST001152,Elite Supermarket #1152,187 Station Road,New Delhi,Delhi,India
ST001153,Metro Supermarket #1153,156 Lake View Road,Mumbai,Maharashtra,India
ST001154,City Grocery Store #1154,106 Garden Lane,Bengaluru,Karnataka,India
ST001155,Green Pharmacy #1155,197 Market Street,New Delhi,Delhi,India
ST001156,Star Convenience Store #1156,68 Market Street,New Delhi,Delhi,India
ST001157,Elite Hypermarket #1157,153 Garden Lane,Mumbai,Maharashtra,India
ST001158,Metro Supermarket #1158,99 Market Street,Mumbai,Maharashtra,India
ST001159,Fresh Supermarket #1159,134 Hill Street,Bengaluru,Karnataka,India
ST001160,Royal Grocery Store #1160,156 Ring Road,Bengaluru,Karnataka,India
ST001161,Quick Pharmacy #1161,154 Main Road,New Delhi,Delhi,India
ST001162,Family Convenience Store #1162,24 Lake View Road,Bengaluru,Karnataka,India
ST001163,Elite Pharmacy #1163,139 Main Road,New Delhi,Delhi,India
ST001164,Family Grocery Store #1164,95 Main Road,Mumbai,Maharashtra,India
ST001165,Corner Convenience Store #1165,124 Park Avenue,Bengaluru,Karnataka,India
ST001166,Neighborhood Hypermarket #1166,195 Garden Lane,New Delhi,Delhi,India
ST001167,Corner Supermarket #1167,66 Lake View Road,Bengaluru,Karnataka,India
ST001168,Elite Pharmacy #1168,73 Garden Lane,Bengaluru,Karnataka,India
ST001169,Corner Convenience Store #1169,49 Main Road,Mumbai,Maharashtra,India
ST001170,Neighborhood Supermarket #1170,31 Hill Street,New Delhi,Delhi,India
ST001171,Corner Supermarket #1171,53 MG Road,New Delhi,Delhi,India
ST001172,Value Grocery Store #1172,40 Park Avenue,Bengaluru,Karnataka,India
ST001173,Prime Convenience Store #1173,138 Park Avenue,Mumbai,Maharashtra,India
ST001174,Value Convenience Store #1174,71 Park Avenue,New Delhi,Delhi,India
ST001175,Corner Pharmacy #1175,143 Lake View Road,New Delhi,Delhi,India
ST001176,Value Pharmacy #1176,143 Lake View Road,New Delhi,Delhi,India
ST001177,Prime Hypermarket #1177,89 Park Avenue,New Delhi,Delhi,India
ST001178,Royal Pharmacy #1178,31 Church Street,New Delhi,Delhi,India
ST001179,Green Grocery Store #1179,42 Ring Road,New Delhi,Delhi,India
ST001180,Family Pharmacy #1180,87 Hill Street,Mumbai,Maharashtra,India
ST001181,Sunrise Convenience Store #1181,181 Main Road,New Delhi,Delhi,India
ST001182,Corner Pharmacy #1182,2 Ring Road,New Delhi,Delhi,India
ST001183,Quick Pharmacy #1183,112 Ring Road,New Delhi,Delhi,India
ST001184,Prime Supermarket #1184,95 Ring Road,Bengaluru,Karnataka,India
ST001185,Fresh Convenience Store #1185,99 Park Avenue,New Delhi,Delhi,India
ST001186,Star Convenience Store #1186,74 Garden Lane,New Delhi,Delhi,India
ST001187,Green Supermarket #1187,164 Lake View Road,Bengaluru,Karnataka,India
ST001188,Fresh Grocery Store #1188,169 Hill Street,Bengaluru,Karnataka,India
ST001189,Metro Hypermarket #1189,154 Hill Street,Bengaluru,Karnataka,India
ST001190,Sunrise Convenience Store #1190,158 Market Street,Bengaluru,Karnataka,India
ST001191,Value Supermarket #1191,168 Main Road,Bengaluru,Karnataka,India
ST001192,Daily Pharmacy #1192,200 Park Avenue,Mumbai,Maharashtra,India
ST001193,Star Hypermarket #1193,104 Garden Lane,Mumbai,Maharashtra,India
ST001194,Family Pharmacy #1194,189 Ring Road,Bengaluru,Karnataka,India
ST001195,Family Supermarket #1195,186 Hill Street,Mumbai,Maharashtra,India
ST001196,Value Convenience Store #1196,71 Church Street,Mumbai,Maharashtra,India
ST001197,Metro Convenience Store #1197,104 Garden Lane,Mumbai,Maharashtra,India
ST001198,Prime Supermarket #1198,105 Hill Street,Bengaluru,Karnataka,India
ST001199,Family Supermarket #1199,129 Station Road,Bengaluru,Karnataka,India
ST001200,Daily Hypermarket #1200,66 Hill Street,New Delhi,Delhi,India
ST001201,Prime Convenience Store #1201,114 Park Avenue,New Delhi,Delhi,India
ST001202,Quick Convenience Store #1202,194 MG Road,Bengaluru,Karnataka,India
ST001203,Star Grocery Store #1203,151 Main Road,Mumbai,Maharashtra,India
ST001204,Daily Grocery Store #1204,18 Park Avenue,Mumbai,Maharashtra,India
ST001205,Star Pharmacy #1205,59 MG Road,New Delhi,Delhi,India
ST001206,Value Grocery Store #1206,138 Main Road,New Delhi,Delhi,India
ST001207,Metro Hypermarket #1207,24 Park Avenue,Mumbai,Maharashtra,India
ST001208,Daily Hypermarket #1208,46 Lake View Road,New Delhi,Delhi,India
ST001209,Value Hypermarket #1209,147 Station Road,Bengaluru,Karnataka,India
ST001210,Sunrise Pharmacy #1210,49 Lake View Road,New Delhi,Delhi,India
ST001211,Metro Pharmacy #1211,62 Station Road,New Delhi,Delhi,India
ST001212,Metro Pharmacy #1212,64 Garden Lane,Bengaluru,Karnataka,India
ST001213,City Hypermarket #1213,31 Ring Road,Bengaluru,Karnataka,India
ST001214,Neighborhood Grocery Store #1214,196 Hill Street,Bengaluru,Karnataka,India
ST001215,Royal Supermarket #1215,96 Garden Lane,Mumbai,Maharashtra,India
ST001216,Quick Hypermarket #1216,71 Lake View Road,New Delhi,Delhi,India
ST001217,Green Pharmacy #1217,72 Park Avenue,New Delhi,Delhi,India
ST001218,Green Pharmacy #1218,33 Main Road,New Delhi,Delhi,India
ST001219,Green Convenience Store #1219,123 Hill Street,Mumbai,Maharashtra,India
ST001220,Family Supermarket #1220,101 Market Street,Mumbai,Maharashtra,India
ST001221,Daily Grocery Store #1221,133 Lake View Road,New Delhi,Delhi,India
ST001222,Sunrise Hypermarket #1222,4 Church Street,Bengaluru,Karnataka,India
ST001223,Neighborhood Grocery Store #1223,84 MG Road,Bengaluru,Karnataka,India
ST001224,Royal Convenience Store #1224,48 Hill Street,Mumbai,Maharashtra,India
ST001225,Metro Hypermarket #1225,121 Garden Lane,Mumbai,Maharashtra,India
ST001226,Value Hypermarket #1226,128 Park Avenue,Bengaluru,Karnataka,India
ST001227,Corner Pharmacy #1227,193 MG Road,New Delhi,Delhi,India
ST001228,Royal Hypermarket #1228,72 Lake View Road,Mumbai,Maharashtra,India
ST001229,Neighborhood Pharmacy #1229,148 Church Street,Bengaluru,Karnataka,India
ST001230,Sunrise Supermarket #1230,61 Hill Street,Mumbai,Maharashtra,India
ST001231,Royal Grocery Store #1231,51 Market Street,Mumbai,Maharashtra,India
ST001232,Quick Pharmacy #1232,46 Park Avenue,Bengaluru,Karnataka,India
ST001233,City Grocery Store #1233,133 Hill Street,New Delhi,Delhi,India
ST001234,Green Hypermarket #1234,77 Station Road,Mumbai,Maharashtra,India
ST001235,Royal Convenience Store #1235,13 Park Avenue,New Delhi,Delhi,India
ST001236,Sunrise Supermarket #1236,16 Church Street,Bengaluru,Karnataka,India
ST001237,Quick Hypermarket #1237,25 Lake View Road,New Delhi,Delhi,India
ST001238,Prime Hypermarket #1238,93 Hill Street,Mumbai,Maharashtra,India
ST001239,Elite Convenience Store #1239,89 Main Road,Mumbai,Maharashtra,India
ST001240,Daily Grocery Store #1240,174 Garden Lane,Mumbai,Maharashtra,India
ST001241,Neighborhood Pharmacy #1241,167 Hill Street,New Delhi,Delhi,India
ST001242,Green Pharmacy #1242,91 MG Road,Mumbai,Maharashtra,India
ST001243,Quick Convenience Store #1243,115 Ring Road,New Delhi,Delhi,India
ST001244,Neighborhood Grocery Store #1244,119 Market Street,Mumbai,Maharashtra,India
ST001245,Star Pharmacy #1245,108 Garden Lane,Mumbai,Maharashtra,India
ST001246,Corner Convenience Store #1246,21 Market Street,Bengaluru,Karnataka,India
ST001247,Metro Hypermarket #1247,82 Station Road,Mumbai,Maharashtra,India
ST001248,Neighborhood Hypermarket #1248,102 Station Road,New Delhi,Delhi,India
ST001249,Green Grocery Store #1249,192 Garden Lane,Mumbai,Maharashtra,India
ST001250,Quick Convenience Store #1250,43 Market Street,Mumbai,Maharashtra,India
ST001251,City Supermarket #1251,61 Station Road,New Delhi,Delhi,India
ST001252,Metro Supermarket #1252,102 Ring Road,Bengaluru,Karnataka,India
ST001253,Daily Supermarket #1253,141 Main Road,Mumbai,Maharashtra,India
ST001254,Green Supermarket #1254,135 Ring Road,Mumbai,Maharashtra,India
ST001255,Prime Supermarket #1255,40 Ring Road,New Delhi,Delhi,India
ST001256,Prime Grocery Store #1256,64 Station Road,Bengaluru,Karnataka,India
ST001257,Star Grocery Store #1257,34 Hill Street,Bengaluru,Karnataka,India
ST001258,Fresh Pharmacy #1258,170 MG Road,Bengaluru,Karnataka,India
ST001259,Royal Hypermarket #1259,120 Hill Street,Mumbai,Maharashtra,India
ST001260,Family Hypermarket #1260,35 Hill Street,Mumbai,Maharashtra,India
ST001261,Neighborhood Pharmacy #1261,117 Garden Lane,New Delhi,Delhi,India
ST001262,Family Grocery Store #1262,164 Hill Street,New Delhi,Delhi,India
ST001263,Elite Hypermarket #1263,124 Hill Street,Mumbai,Maharashtra,India
ST001264,Green Pharmacy #1264,114 Station Road,Bengaluru,Karnataka,India
ST001265,Corner Hypermarket #1265,40 Station Road,Mumbai,Maharashtra,India
ST001266,Fresh Supermarket #1266,195 Market Street,New Delhi,Delhi,India
ST001267,Prime Hypermarket #1267,137 Main Road,Mumbai,Maharashtra,India
ST001268,Green Grocery Store #1268,77 Main Road,Mumbai,Maharashtra,India
ST001269,Green Grocery Store #1269,153 Church Street,Mumbai,Maharashtra,India
ST001270,Family Supermarket #1270,49 Park Avenue,Mumbai,Maharashtra,India
ST001271,Corner Convenience Store #1271,64 Market Street,Mumbai,Maharashtra,India
ST001272,Royal Grocery Store #1272,57 Station Road,Mumbai,Maharashtra,India
ST001273,Corner Supermarket #1273,62 Hill Street,New Delhi,Delhi,India
ST001274,Green Convenience Store #1274,176 Station Road,New Delhi,Delhi,India
ST001275,Star Hypermarket #1275,137 Station Road,New Delhi,Delhi,India
ST001276,Metro Grocery Store #1276,47 Market Street,Bengaluru,Karnataka,India
ST001277,Daily Hypermarket #1277,117 Garden Lane,New Delhi,Delhi,India
ST001278,Prime Grocery Store #1278,160 Lake View Road,New Delhi,Delhi,India
ST001279,Value Pharmacy #1279,39 Main Road,Bengaluru,Karnataka,India
ST001280,Fresh Convenience Store #1280,27 Station Road,Bengaluru,Karnataka,India
ST001281,City Hypermarket #1281,113 Main Road,New Delhi,Delhi,India
ST001282,Daily Pharmacy #1282,4 Lake View Road,Bengaluru,Karnataka,India
ST001283,Value Pharmacy #1283,80 Lake View Road,Mumbai,Maharashtra,India
ST001284,Quick Hypermarket #1284,9 MG Road,New Delhi,Delhi,India
ST001285,Royal Supermarket #1285,15 Station Road,Bengaluru,Karnataka,India
ST001286,Daily Grocery Store #1286,121 Market Street,New Delhi,Delhi,India
ST001287,Elite Pharmacy #1287,98 Main Road,Mumbai,Maharashtra,India
ST001288,Green Supermarket #1288,64 Park Avenue,New Delhi,Delhi,India
ST001289,Metro Grocery Store #1289,9 Church Street,New Delhi,Delhi,India
ST001290,Sunrise Grocery Store #1290,134 Church Street,Bengaluru,Karnataka,India
ST001291,Corner Grocery Store #1291,80 MG Road,New Delhi,Delhi,India
ST001292,Star Pharmacy #1292,11 Hill Street,New Delhi,Delhi,India
ST001293,Daily Convenience Store #1293,124 Station Road,Mumbai,Maharashtra,India
ST001294,Value Pharmacy #1294,171 Church Street,Bengaluru,Karnataka,India
ST001295,Metro Supermarket #1295,112 MG Road,New Delhi,Delhi,India
ST001296,City Supermarket #1296,150 Ring Road,Mumbai,Maharashtra,India
ST001297,Green Grocery Store #1297,3 Main Road,Bengaluru,Karnataka,India
ST001298,Green Convenience Store #1298,122 Garden Lane,New Delhi,Delhi,India
ST001299,Value Pharmacy #1299,64 Market Street,Bengaluru,Karnataka,India
ST001300,Daily Grocery Store #1300,159 MG Road,New Delhi,Delhi,India
ST001301,Fresh Supermarket #1301,166 Market Street,Mumbai,Maharashtra,India
ST001302,Green Convenience Store #1302,33 Lake View Road,Bengaluru,Karnataka,India
ST001303,Value Pharmacy #1303,166 MG Road,New Delhi,Delhi,India
ST001304,Sunrise Grocery Store #1304,6 Park Avenue,Bengaluru,Karnataka,India
ST001305,Sunrise Hypermarket #1305,65 Main Road,Bengaluru,Karnataka,India
ST001306,Sunrise Grocery Store #1306,144 Station Road,Mumbai,Maharashtra,India
ST001307,Sunrise Convenience Store #1307,49 Garden Lane,Mumbai,Maharashtra,India
ST001308,Family Pharmacy #1308,83 Lake View Road,Mumbai,Maharashtra,India
ST001309,Royal Hypermarket #1309,142 Market Street,New Delhi,Delhi,India
ST001310,Family Supermarket #1310,116 Station Road,Bengaluru,Karnataka,India
ST001311,Family Hypermarket #1311,117 Main Road,Mumbai,Maharashtra,India
ST001312,Corner Convenience Store #1312,48 Main Road,New Delhi,Delhi,India
ST001313,Royal Convenience Store #1313,199 Garden Lane,Mumbai,Maharashtra,India
ST001314,Value Pharmacy #1314,17 Hill Street,New Delhi,Delhi,India
ST001315,Metro Grocery Store #1315,175 Lake View Road,New Delhi,Delhi,India
ST001316,City Convenience Store #1316,73 MG Road,New Delhi,Delhi,India
ST001317,Star Grocery Store #1317,29 Ring Road,Mumbai,Maharashtra,India
ST001318,Star Convenience Store #1318,12 Market Street,Bengaluru,Karnataka,India
ST001319,Royal Pharmacy #1319,52 Ring Road,Bengaluru,Karnataka,India
ST001320,Metro Grocery Store #1320,9 Garden Lane,Bengaluru,Karnataka,India
ST001321,Star Grocery Store #1321,135 Garden Lane,Mumbai,Maharashtra,India
ST001322,Prime Convenience Store #1322,94 Church Street,Bengaluru,Karnataka,India
ST001323,Sunrise Convenience Store #1323,4 Church Street,Bengaluru,Karnataka,India
ST001324,Elite Grocery Store #1324,120 Main Road,Bengaluru,Karnataka,India
ST001325,Family Hypermarket #1325,107 MG Road,New Delhi,Delhi,India
ST001326,Royal Supermarket #1326,69 Hill Street,New Delhi,Delhi,India
ST001327,Sunrise Supermarket #1327,78 Ring Road,Bengaluru,Karnataka,India
ST001328,Family Pharmacy #1328,26 Church Street,Bengaluru,Karnataka,India
ST001329,Corner Convenience Store #1329,50 Hill Street,Bengaluru,Karnataka,India
ST001330,Neighborhood Pharmacy #1330,46 Hill Street,New Delhi,Delhi,India
ST001331,Corner Convenience Store #1331,28 Garden Lane,New Delhi,Delhi,India
ST001332,Star Hypermarket #1332,180 Park Avenue,Mumbai,Maharashtra,India
ST001333,City Supermarket #1333,141 Park Avenue,Bengaluru,Karnataka,India
ST001334,Value Convenience Store #1334,41 Hill Street,New Delhi,Delhi,India
ST001335,Quick Convenience Store #1335,81 Hill Street,Mumbai,Maharashtra,India
ST001336,Royal Hypermarket #1336,106 Park Avenue,Mumbai,Maharashtra,India
ST001337,Neighborhood Hypermarket #1337,145 Hill Street,Bengaluru,Karnataka,India
ST001338,Corner Pharmacy #1338,191 Station Road,New Delhi,Delhi,India
ST001339,Quick Hypermarket #1339,102 Main Road,Mumbai,Maharashtra,India
ST001340,Prime Supermarket #1340,5 Hill Street,New Delhi,Delhi,India
ST001341,Elite Pharmacy #1341,2 Station Road,Mumbai,Maharashtra,India
ST001342,Metro Pharmacy #1342,6 Station Road,Mumbai,Maharashtra,India
ST001343,Family Convenience Store #1343,147 Garden Lane,New Delhi,Delhi,India
ST001344,Daily Pharmacy #1344,118 MG Road,Bengaluru,Karnataka,India
ST001345,City Pharmacy #1345,94 Garden Lane,Mumbai,Maharashtra,India
ST001346,Metro Pharmacy #1346,77 Ring Road,Mumbai,Maharashtra,India
ST001347,Corner Convenience Store #1347,56 Ring Road,New Delhi,Delhi,India
ST001348,Green Hypermarket #1348,45 Lake View Road,Mumbai,Maharashtra,India
ST001349,Royal Convenience Store #1349,153 Station Road,Bengaluru,Karnataka,India
ST001350,Sunrise Supermarket #1350,98 Ring Road,New Delhi,Delhi,India
ST001351,Elite Supermarket #1351,90 Park Avenue,Mumbai,Maharashtra,India
ST001352,Elite Grocery Store #1352,198 Church Street,Bengaluru,Karnataka,India
ST001353,Elite Convenience Store #1353,163 Park Avenue,Bengaluru,Karnataka,India
ST001354,Prime Supermarket #1354,11 MG Road,New Delhi,Delhi,India
ST001355,Neighborhood Convenience Store #1355,84 Hill Street,Bengaluru,Karnataka,India
ST001356,City Pharmacy #1356,173 Park Avenue,Bengaluru,Karnataka,India
ST001357,Green Grocery Store #1357,148 Hill Street,New Delhi,Delhi,India
ST001358,Metro Supermarket #1358,75 Park Avenue,Mumbai,Maharashtra,India
ST001359,City Pharmacy #1359,22 Lake View Road,Mumbai,Maharashtra,India
ST001360,Sunrise Convenience Store #1360,141 Park Avenue,Bengaluru,Karnataka,India
ST001361,Daily Hypermarket #1361,129 Park Avenue,Mumbai,Maharashtra,India
ST001362,Green Pharmacy #1362,124 Hill Street,Bengaluru,Karnataka,India
ST001363,Quick Pharmacy #1363,167 Garden Lane,Mumbai,Maharashtra,India
ST001364,Family Pharmacy #1364,189 Hill Street,New Delhi,Delhi,India
ST001365,Metro Pharmacy #1365,69 Park Avenue,Bengaluru,Karnataka,India
ST001366,Star Hypermarket #1366,23 Ring Road,New Delhi,Delhi,India
ST001367,Corner Grocery Store #1367,90 Church Street,Mumbai,Maharashtra,India
ST001368,Value Hypermarket #1368,168 Main Road,New Delhi,Delhi,India
ST001369,City Hypermarket #1369,158 Lake View Road,Mumbai,Maharashtra,India
ST001370,City Convenience Store #1370,12 Church Street,Mumbai,Maharashtra,India
ST001371,Star Pharmacy #1371,40 Ring Road,Mumbai,Maharashtra,India
ST001372,Sunrise Supermarket #1372,63 Garden Lane,Bengaluru,Karnataka,India
ST001373,Royal Pharmacy #1373,4 MG Road,Mumbai,Maharashtra,India
ST001374,Prime Supermarket #1374,121 Main Road,Mumbai,Maharashtra,India
ST001375,Metro Hypermarket #1375,138 Church Street,New Delhi,Delhi,India
ST001376,Family Pharmacy #1376,193 Station Road,New Delhi,Delhi,India
ST001377,Quick Convenience Store #1377,187 Market Street,New Delhi,Delhi,India
ST001378,Corner Supermarket #1378,170 Hill Street,New Delhi,Delhi,India
ST001379,Prime Supermarket #1379,16 Station Road,Bengaluru,Karnataka,India
ST001380,Green Pharmacy #1380,159 Station Road,New Delhi,Delhi,India
ST001381,Quick Supermarket #1381,3 Ring Road,New Delhi,Delhi,India
ST001382,Star Grocery Store #1382,170 MG Road,Mumbai,Maharashtra,India
ST001383,Fresh Supermarket #1383,167 Park Avenue,Mumbai,Maharashtra,India
ST001384,Corner Pharmacy #1384,182 Ring Road,New Delhi,Delhi,India
ST001385,Quick Hypermarket #1385,137 Ring Road,New Delhi,Delhi,India
ST001386,Metro Pharmacy #1386,118 Hill Street,New Delhi,Delhi,India
ST001387,Fresh Supermarket #1387,136 Station Road,Bengaluru,Karnataka,India
ST001388,Quick Hypermarket #1388,191 Market Street,Mumbai,Maharashtra,India
ST001389,Value Supermarket #1389,91 MG Road,New Delhi,Delhi,India
ST001390,Metro Hypermarket #1390,71 Main Road,New Delhi,Delhi,India
ST001391,Elite Hypermarket #1391,8 Hill Street,Mumbai,Maharashtra,India
ST001392,Metro Hypermarket #1392,88 Park Avenue,Bengaluru,Karnataka,India
ST001393,Daily Pharmacy #1393,98 Hill Street,New Delhi,Delhi,India
ST001394,Royal Convenience Store #1394,176 Church Street,New Delhi,Delhi,India
ST001395,Metro Grocery Store #1395,40 Park Avenue,New Delhi,Delhi,India
ST001396,Elite Hypermarket #1396,85 Lake View Road,New Delhi,Delhi,India
ST001397,City Convenience Store #1397,168 Market Street,Bengaluru,Karnataka,India
ST001398,Family Convenience Store #1398,52 Market Street,New Delhi,Delhi,India
ST001399,Sunrise Hypermarket #1399,135 Market Street,New Delhi,Delhi,India
ST001400,Elite Grocery Store #1400,168 Garden Lane,Bengaluru,Karnataka,India
ST001401,Value Pharmacy #1401,143 Hill Street,Bengaluru,Karnataka,India
ST001402,City Supermarket #1402,38 Main Road,Mumbai,Maharashtra,India
ST001403,Elite Hypermarket #1403,106 Station Road,Mumbai,Maharashtra,India
ST001404,Sunrise Grocery Store #1404,190 Station Road,New Delhi,Delhi,India
ST001405,Green Pharmacy #1405,28 Market Street,Bengaluru,Karnataka,India
ST001406,Fresh Pharmacy #1406,158 Station Road,New Delhi,Delhi,India
ST001407,Neighborhood Convenience Store #1407,60 Garden Lane,New Delhi,Delhi,India
ST001408,Metro Pharmacy #1408,7 MG Road,New Delhi,Delhi,India
ST001409,Sunrise Supermarket #1409,35 Hill Street,Mumbai,Maharashtra,India
ST001410,Quick Convenience Store #1410,167 MG Road,New Delhi,Delhi,India
ST001411,Royal Pharmacy #1411,126 Lake View Road,Mumbai,Maharashtra,India
ST001412,City Pharmacy #1412,58 Main Road,Bengaluru,Karnataka,India
ST001413,Green Grocery Store #1413,70 Park Avenue,Bengaluru,Karnataka,India
ST001414,Sunrise Pharmacy #1414,52 Church Street,New Delhi,Delhi,India
ST001415,City Supermarket #1415,158 Lake View Road,Mumbai,Maharashtra,India
ST001416,Royal Hypermarket #1416,64 Park Avenue,Mumbai,Maharashtra,India
ST001417,Green Grocery Store #1417,156 Park Avenue,Bengaluru,Karnataka,India
ST001418,Corner Hypermarket #1418,191 Garden Lane,New Delhi,Delhi,India
ST001419,Family Convenience Store #1419,165 Main Road,New Delhi,Delhi,India
ST001420,Daily Convenience Store #1420,117 Main Road,Mumbai,Maharashtra,India
ST001421,Family Pharmacy #1421,102 Main Road,New Delhi,Delhi,India
ST001422,Corner Convenience Store #1422,196 Main Road,New Delhi,Delhi,India
ST001423,Prime Pharmacy #1423,102 Station Road,Mumbai,Maharashtra,India
ST001424,Quick Hypermarket #1424,109 Station Road,Bengaluru,Karnataka,India
ST001425,Elite Convenience Store #1425,177 Hill Street,Bengaluru,Karnataka,India
ST001426,Quick Pharmacy #1426,116 Ring Road,New Delhi,Delhi,India
ST001427,Daily Convenience Store #1427,200 Garden Lane,Bengaluru,Karnataka,India
ST001428,City Convenience Store #1428,106 MG Road,Mumbai,Maharashtra,India
ST001429,Fresh Grocery Store #1429,117 Garden Lane,Bengaluru,Karnataka,India
ST001430,Elite Pharmacy #1430,24 Station Road,Mumbai,Maharashtra,India
ST001431,Sunrise Hypermarket #1431,183 Market Street,New Delhi,Delhi,India
ST001432,Daily Supermarket #1432,181 Lake View Road,Bengaluru,Karnataka,India
ST001433,Daily Hypermarket #1433,182 Park Avenue,New Delhi,Delhi,India
ST001434,Neighborhood Convenience Store #1434,97 Hill Street,Bengaluru,Karnataka,India
ST001435,Fresh Grocery Store #1435,86 Garden Lane,Bengaluru,Karnataka,India
ST001436,City Pharmacy #1436,46 Main Road,Bengaluru,Karnataka,India
ST001437,Prime Grocery Store #1437,187 Lake View Road,Mumbai,Maharashtra,India
ST001438,Star Hypermarket #1438,31 Market Street,Bengaluru,Karnataka,India
ST001439,Fresh Pharmacy #1439,196 Station Road,New Delhi,Delhi,India
ST001440,Quick Supermarket #1440,128 Hill Street,Mumbai,Maharashtra,India
ST001441,Neighborhood Supermarket #1441,61 Church Street,Mumbai,Maharashtra,India
ST001442,Star Convenience Store #1442,117 Park Avenue,Mumbai,Maharashtra,India
ST001443,Daily Grocery Store #1443,154 Main Road,New Delhi,Delhi,India
ST001444,Elite Pharmacy #1444,72 Garden Lane,New Delhi,Delhi,India
ST001445,Royal Convenience Store #1445,13 Market Street,Bengaluru,Karnataka,India
ST001446,Fresh Pharmacy #1446,90 Main Road,New Delhi,Delhi,India
ST001447,Royal Pharmacy #1447,171 Garden Lane,Bengaluru,Karnataka,India
ST001448,Prime Convenience Store #1448,23 Main Road,Mumbai,Maharashtra,India
ST001449,Corner Supermarket #1449,42 Station Road,Bengaluru,Karnataka,India
ST001450,Star Convenience Store #1450,180 Garden Lane,New Delhi,Delhi,India
ST001451,Green Convenience Store #1451,46 Lake View Road,New Delhi,Delhi,India
ST001452,Value Convenience Store #1452,24 Station Road,Bengaluru,Karnataka,India
ST001453,Value Hypermarket #1453,18 Park Avenue,Mumbai,Maharashtra,India
ST001454,Daily Convenience Store #1454,121 Market Street,Mumbai,Maharashtra,India
ST001455,Sunrise Supermarket #1455,85 Hill Street,Mumbai,Maharashtra,India
ST001456,Family Grocery Store #1456,179 Church Street,Bengaluru,Karnataka,India
ST001457,Fresh Convenience Store #1457,147 Hill Street,Bengaluru,Karnataka,India
ST001458,Quick Supermarket #1458,177 Garden Lane,New Delhi,Delhi,India
ST001459,Corner Hypermarket #1459,82 Station Road,New Delhi,Delhi,India
ST001460,Neighborhood Convenience Store #1460,91 Market Street,New Delhi,Delhi,India
ST001461,Neighborhood Convenience Store #1461,134 Lake View Road,Mumbai,Maharashtra,India
ST001462,Green Grocery Store #1462,157 Church Street,Bengaluru,Karnataka,India
ST001463,Metro Hypermarket #1463,31 Main Road,Bengaluru,Karnataka,India
ST001464,Star Grocery Store #1464,189 Church Street,Bengaluru,Karnataka,India
ST001465,Corner Convenience Store #1465,12 MG Road,Mumbai,Maharashtra,India
ST001466,Family Hypermarket #1466,55 Main Road,New Delhi,Delhi,India
ST001467,Sunrise Pharmacy #1467,66 Ring Road,Mumbai,Maharashtra,India
ST001468,Prime Hypermarket #1468,141 MG Road,New Delhi,Delhi,India
ST001469,Daily Supermarket #1469,86 MG Road,New Delhi,Delhi,India
ST001470,Sunrise Grocery Store #1470,158 Main Road,New Delhi,Delhi,India
ST001471,Metro Pharmacy #1471,87 Lake View Road,Mumbai,Maharashtra,India
ST001472,Green Grocery Store #1472,166 Market Street,Bengaluru,Karnataka,India
ST001473,City Grocery Store #1473,118 Hill Street,New Delhi,Delhi,India
ST001474,Quick Hypermarket #1474,191 Main Road,Mumbai,Maharashtra,India
ST001475,Prime Convenience Store #1475,186 MG Road,New Delhi,Delhi,India
ST001476,Family Convenience Store #1476,54 Garden Lane,Bengaluru,Karnataka,India
ST001477,Green Hypermarket #1477,17 Market Street,Mumbai,Maharashtra,India
ST001478,Royal Hypermarket #1478,87 Park Avenue,Bengaluru,Karnataka,India
ST001479,Royal Convenience Store #1479,147 Garden Lane,Bengaluru,Karnataka,India
ST001480,City Grocery Store #1480,30 Station Road,New Delhi,Delhi,India
ST001481,Sunrise Hypermarket #1481,70 Park Avenue,Bengaluru,Karnataka,India
ST001482,Quick Supermarket #1482,96 Lake View Road,Bengaluru,Karnataka,India
ST001483,Metro Hypermarket #1483,78 Market Street,New Delhi,Delhi,India
ST001484,Value Supermarket #1484,200 Church Street,Bengaluru,Karnataka,India
ST001485,Quick Supermarket #1485,7 Lake View Road,New Delhi,Delhi,India
ST001486,City Convenience Store #1486,88 Lake View Road,Bengaluru,Karnataka,India
ST001487,Prime Convenience Store #1487,37 Ring Road,Mumbai,Maharashtra,India
ST001488,Star Convenience Store #1488,53 Main Road,Bengaluru,Karnataka,India
ST001489,Corner Grocery Store #1489,134 Ring Road,New Delhi,Delhi,India
ST001490,Prime Supermarket #1490,176 Garden Lane,Bengaluru,Karnataka,India
ST001491,Value Supermarket #1491,12 Ring Road,Mumbai,Maharashtra,India
ST001492,Green Convenience Store #1492,191 Station Road,New Delhi,Delhi,India
ST001493,Neighborhood Supermarket #1493,164 Church Street,Mumbai,Maharashtra,India
ST001494,Metro Hypermarket #1494,74 Station Road,Bengaluru,Karnataka,India
ST001495,Value Convenience Store #1495,172 Ring Road,Mumbai,Maharashtra,India
ST001496,City Hypermarket #1496,71 Ring Road,Bengaluru,Karnataka,India
ST001497,Neighborhood Supermarket #1497,132 Ring Road,New Delhi,Delhi,India
ST001498,Family Pharmacy #1498,141 MG Road,Mumbai,Maharashtra,India
ST001499,City Hypermarket #1499,73 Garden Lane,New Delhi,Delhi,India
ST001500,City Pharmacy #1500,80 Garden Lane,Bengaluru,Karnataka,India
ST001501,Family Hypermarket #1501,13 Market Street,Mumbai,Maharashtra,India
ST001502,Quick Supermarket #1502,13 Ring Road,New Delhi,Delhi,India
ST001503,Fresh Grocery Store #1503,110 Park Avenue,Bengaluru,Karnataka,India
ST001504,Sunrise Pharmacy #1504,152 Lake View Road,New Delhi,Delhi,India
ST001505,Value Convenience Store #1505,86 Church Street,Mumbai,Maharashtra,India
ST001506,Daily Convenience Store #1506,146 Market Street,Mumbai,Maharashtra,India
ST001507,Royal Supermarket #1507,120 Ring Road,New Delhi,Delhi,India
ST001508,Prime Grocery Store #1508,165 Lake View Road,New Delhi,Delhi,India
ST001509,Metro Grocery Store #1509,37 Garden Lane,Bengaluru,Karnataka,India
ST001510,Elite Hypermarket #1510,101 Market Street,Mumbai,Maharashtra,India
ST001511,Green Hypermarket #1511,117 Lake View Road,Mumbai,Maharashtra,India
ST001512,Daily Supermarket #1512,29 MG Road,Mumbai,Maharashtra,India
ST001513,Quick Grocery Store #1513,73 MG Road,Bengaluru,Karnataka,India
ST001514,Neighborhood Convenience Store #1514,131 Ring Road,Bengaluru,Karnataka,India
ST001515,Royal Grocery Store #1515,28 MG Road,New Delhi,Delhi,India
ST001516,Star Convenience Store #1516,78 Hill Street,Bengaluru,Karnataka,India
ST001517,Corner Grocery Store #1517,106 Church Street,New Delhi,Delhi,India
ST001518,Metro Convenience Store #1518,41 Lake View Road,New Delhi,Delhi,India
ST001519,Daily Grocery Store #1519,54 Garden Lane,Mumbai,Maharashtra,India
ST001520,Green Grocery Store #1520,146 MG Road,Mumbai,Maharashtra,India
ST001521,Sunrise Convenience Store #1521,45 Ring Road,Bengaluru,Karnataka,India
ST001522,Royal Convenience Store #1522,30 Garden Lane,Mumbai,Maharashtra,India
ST001523,Quick Convenience Store #1523,143 Ring Road,Mumbai,Maharashtra,India
ST001524,City Grocery Store #1524,104 Ring Road,Mumbai,Maharashtra,India
ST001525,Daily Convenience Store #1525,153 Park Avenue,New Delhi,Delhi,India
ST001526,Quick Hypermarket #1526,170 Main Road,New Delhi,Delhi,India
ST001527,Metro Supermarket #1527,149 Main Road,Bengaluru,Karnataka,India
ST001528,Star Pharmacy #1528,116 Hill Street,Bengaluru,Karnataka,India
ST001529,Corner Hypermarket #1529,148 Lake View Road,New Delhi,Delhi,India
ST001530,Metro Pharmacy #1530,82 Station Road,New Delhi,Delhi,India
ST001531,Green Convenience Store #1531,78 Park Avenue,New Delhi,Delhi,India
ST001532,Daily Hypermarket #1532,3 Garden Lane,New Delhi,Delhi,India
ST001533,Corner Convenience Store #1533,76 Main Road,Bengaluru,Karnataka,India
ST001534,Elite Hypermarket #1534,14 Main Road,New Delhi,Delhi,India
ST001535,Royal Convenience Store #1535,29 Station Road,Mumbai,Maharashtra,India
ST001536,Metro Supermarket #1536,180 Garden Lane,Mumbai,Maharashtra,India
ST001537,Star Grocery Store #1537,183 Park Avenue,Mumbai,Maharashtra,India
ST001538,Corner Grocery Store #1538,140 Church Street,Mumbai,Maharashtra,India
ST001539,Quick Pharmacy #1539,49 Hill Street,Bengaluru,Karnataka,India
ST001540,Royal Grocery Store #1540,107 Market Street,Mumbai,Maharashtra,India
ST001541,Royal Hypermarket #1541,33 Market Street,New Delhi,Delhi,India
ST001542,Daily Supermarket #1542,5 Market Street,New Delhi,Delhi,India
ST001543,Star Grocery Store #1543,35 Ring Road,Mumbai,Maharashtra,India
ST001544,Star Pharmacy #1544,117 Garden Lane,Mumbai,Maharashtra,India
ST001545,Neighborhood Grocery Store #1545,117 Hill Street,Bengaluru,Karnataka,India
ST001546,Family Grocery Store #1546,99 MG Road,Mumbai,Maharashtra,India
ST001547,City Pharmacy #1547,155 Main Road,Mumbai,Maharashtra,India
ST001548,Quick Convenience Store #1548,61 Hill Street,New Delhi,Delhi,India
ST001549,Corner Hypermarket #1549,148 MG Road,New Delhi,Delhi,India
ST001550,Fresh Supermarket #1550,124 MG Road,New Delhi,Delhi,India
ST001551,Neighborhood Supermarket #1551,177 Ring Road,Mumbai,Maharashtra,India
ST001552,Sunrise Pharmacy #1552,135 Station Road,New Delhi,Delhi,India
ST001553,Family Grocery Store #1553,134 Garden Lane,Bengaluru,Karnataka,India
ST001554,Metro Supermarket #1554,162 Ring Road,Mumbai,Maharashtra,India
ST001555,Green Convenience Store #1555,80 Garden Lane,New Delhi,Delhi,India
ST001556,Elite Supermarket #1556,137 Main Road,Mumbai,Maharashtra,India
ST001557,Quick Grocery Store #1557,121 Garden Lane,New Delhi,Delhi,India
ST001558,Corner Hypermarket #1558,76 Station Road,Mumbai,Maharashtra,India
ST001559,Fresh Pharmacy #1559,153 Station Road,New Delhi,Delhi,India
ST001560,Prime Convenience Store #1560,162 Lake View Road,Bengaluru,Karnataka,India
ST001561,City Convenience Store #1561,14 Station Road,New Delhi,Delhi,India
ST001562,Fresh Convenience Store #1562,125 Ring Road,Mumbai,Maharashtra,India
ST001563,Family Pharmacy #1563,72 Station Road,Bengaluru,Karnataka,India
ST001564,Neighborhood Pharmacy #1564,71 Station Road,Mumbai,Maharashtra,India
ST001565,Sunrise Supermarket #1565,155 Market Street,Bengaluru,Karnataka,India
ST001566,Sunrise Convenience Store #1566,169 Lake View Road,Bengaluru,Karnataka,India
ST001567,Green Hypermarket #1567,67 Church Street,Bengaluru,Karnataka,India
ST001568,City Grocery Store #1568,9 MG Road,New Delhi,Delhi,India
ST001569,City Supermarket #1569,40 Lake View Road,New Delhi,Delhi,India
ST001570,Green Grocery Store #1570,61 Lake View Road,Mumbai,Maharashtra,India
ST001571,Metro Pharmacy #1571,188 MG Road,New Delhi,Delhi,India
ST001572,Star Supermarket #1572,194 Ring Road,Mumbai,Maharashtra,India
ST001573,City Supermarket #1573,103 Lake View Road,Mumbai,Maharashtra,India
ST001574,Quick Hypermarket #1574,193 Hill Street,New Delhi,Delhi,India
ST001575,Corner Pharmacy #1575,181 Park Avenue,New Delhi,Delhi,India
ST001576,Prime Grocery Store #1576,136 Park Avenue,Bengaluru,Karnataka,India
ST001577,Prime Supermarket #1577,98 MG Road,Mumbai,Maharashtra,India
ST001578,Star Convenience Store #1578,25 Hill Street,Bengaluru,Karnataka,India
ST001579,Royal Hypermarket #1579,157 Station Road,Mumbai,Maharashtra,India
ST001580,Prime Hypermarket #1580,26 Station Road,Mumbai,Maharashtra,India
ST001581,Corner Convenience Store #1581,198 Church Street,Mumbai,Maharashtra,India
ST001582,Green Convenience Store #1582,134 MG Road,Bengaluru,Karnataka,India
ST001583,Value Pharmacy #1583,3 Main Road,New Delhi,Delhi,India
ST001584,Fresh Supermarket #1584,26 Hill Street,Mumbai,Maharashtra,India
ST001585,Star Supermarket #1585,90 Church Street,Mumbai,Maharashtra,India
ST001586,Prime Hypermarket #1586,9 Main Road,Bengaluru,Karnataka,India
ST001587,Daily Convenience Store #1587,153 Church Street,Bengaluru,Karnataka,India
ST001588,Star Convenience Store #1588,182 Ring Road,Bengaluru,Karnataka,India
ST001589,Royal Supermarket #1589,34 Park Avenue,New Delhi,Delhi,India
ST001590,Green Convenience Store #1590,29 Market Street,Bengaluru,Karnataka,India
ST001591,Prime Hypermarket #1591,170 Ring Road,Mumbai,Maharashtra,India
ST001592,Elite Grocery Store #1592,197 Park Avenue,Mumbai,Maharashtra,India
ST001593,Prime Hypermarket #1593,200 Ring Road,Bengaluru,Karnataka,India
ST001594,Green Hypermarket #1594,98 Park Avenue,Bengaluru,Karnataka,India
ST001595,Fresh Hypermarket #1595,68 Market Street,Mumbai,Maharashtra,India
ST001596,Daily Grocery Store #1596,52 Garden Lane,Mumbai,Maharashtra,India
ST001597,City Grocery Store #1597,126 Ring Road,New Delhi,Delhi,India
ST001598,Family Pharmacy #1598,56 Garden Lane,Mumbai,Maharashtra,India
ST001599,Elite Supermarket #1599,184 Station Road,Mumbai,Maharashtra,India
ST001600,Fresh Supermarket #1600,19 Garden Lane,Bengaluru,Karnataka,India
ST001601,Green Hypermarket #1601,5 Lake View Road,Mumbai,Maharashtra,India
ST001602,Star Pharmacy #1602,1 Main Road,New Delhi,Delhi,India
ST001603,Prime Grocery Store #1603,180 MG Road,Bengaluru,Karnataka,India
ST001604,Neighborhood Grocery Store #1604,132 Lake View Road,Bengaluru,Karnataka,India
ST001605,Corner Grocery Store #1605,187 Ring Road,Mumbai,Maharashtra,India
ST001606,Metro Convenience Store #1606,99 Lake View Road,Bengaluru,Karnataka,India
ST001607,Neighborhood Supermarket #1607,92 MG Road,New Delhi,Delhi,India
ST001608,Corner Hypermarket #1608,162 Ring Road,Bengaluru,Karnataka,India
ST001609,Family Hypermarket #1609,21 Lake View Road,Mumbai,Maharashtra,India
ST001610,Star Hypermarket #1610,46 Hill Street,Bengaluru,Karnataka,India
ST001611,Corner Supermarket #1611,49 Station Road,New Delhi,Delhi,India
ST001612,Elite Grocery Store #1612,162 MG Road,Bengaluru,Karnataka,India
ST001613,Daily Grocery Store #1613,113 Church Street,New Delhi,Delhi,India
ST001614,Fresh Pharmacy #1614,7 Garden Lane,Bengaluru,Karnataka,India
ST001615,Quick Pharmacy #1615,17 Hill Street,Mumbai,Maharashtra,India
ST001616,Quick Hypermarket #1616,116 Main Road,New Delhi,Delhi,India
ST001617,Value Supermarket #1617,87 Main Road,Bengaluru,Karnataka,India
ST001618,Daily Grocery Store #1618,168 Hill Street,Bengaluru,Karnataka,India
ST001619,Star Grocery Store #1619,39 Garden Lane,New Delhi,Delhi,India
ST001620,Elite Pharmacy #1620,10 Market Street,Bengaluru,Karnataka,India
ST001621,Star Grocery Store #1621,121 Garden Lane,Bengaluru,Karnataka,India
ST001622,Metro Supermarket #1622,167 Market Street,New Delhi,Delhi,India
ST001623,City Supermarket #1623,13 Station Road,New Delhi,Delhi,India
ST001624,Quick Supermarket #1624,44 Garden Lane,New Delhi,Delhi,India
ST001625,Royal Supermarket #1625,30 Lake View Road,Bengaluru,Karnataka,India
ST001626,Green Convenience Store #1626,57 Ring Road,New Delhi,Delhi,India
ST001627,Corner Pharmacy #1627,189 Park Avenue,Mumbai,Maharashtra,India
ST001628,Daily Hypermarket #1628,148 Hill Street,New Delhi,Delhi,India
ST001629,Value Pharmacy #1629,196 Main Road,Bengaluru,Karnataka,India
ST001630,City Convenience Store #1630,17 Ring Road,Mumbai,Maharashtra,India
ST001631,City Hypermarket #1631,44 MG Road,Mumbai,Maharashtra,India
ST001632,City Convenience Store #1632,63 Garden Lane,Mumbai,Maharashtra,India
ST001633,City Supermarket #1633,162 Garden Lane,Bengaluru,Karnataka,India
ST001634,Green Grocery Store #1634,5 Lake View Road,Bengaluru,Karnataka,India
ST001635,Fresh Supermarket #1635,46 Ring Road,Bengaluru,Karnataka,India
ST001636,Elite Convenience Store #1636,107 Lake View Road,Mumbai,Maharashtra,India
ST001637,Metro Pharmacy #1637,164 Station Road,Bengaluru,Karnataka,India
ST001638,Quick Convenience Store #1638,62 Market Street,Mumbai,Maharashtra,India
ST001639,Sunrise Convenience Store #1639,153 Market Street,Bengaluru,Karnataka,India
ST001640,Neighborhood Grocery Store #1640,161 Station Road,Bengaluru,Karnataka,India
ST001641,Corner Hypermarket #1641,143 Church Street,Bengaluru,Karnataka,India
ST001642,Daily Pharmacy #1642,25 Garden Lane,New Delhi,Delhi,India
ST001643,Royal Hypermarket #1643,130 Church Street,New Delhi,Delhi,India
ST001644,Green Grocery Store #1644,169 Church Street,New Delhi,Delhi,India
ST001645,Fresh Hypermarket #1645,29 Market Street,Bengaluru,Karnataka,India
ST001646,Quick Grocery Store #1646,41 Main Road,Bengaluru,Karnataka,India
ST001647,Star Supermarket #1647,73 Church Street,Mumbai,Maharashtra,India
ST001648,Prime Grocery Store #1648,158 Lake View Road,Mumbai,Maharashtra,India
ST001649,Daily Supermarket #1649,14 Hill Street,New Delhi,Delhi,India
ST001650,City Pharmacy #1650,125 Hill Street,Bengaluru,Karnataka,India
ST001651,Daily Supermarket #1651,185 Lake View Road,Bengaluru,Karnataka,India
ST001652,Neighborhood Convenience Store #1652,108 Church Street,Mumbai,Maharashtra,India
ST001653,Metro Hypermarket #1653,84 Church Street,Bengaluru,Karnataka,India
ST001654,Metro Supermarket #1654,106 Church Street,New Delhi,Delhi,India
ST001655,Elite Grocery Store #1655,19 Lake View Road,Bengaluru,Karnataka,India
ST001656,Quick Convenience Store #1656,112 Market Street,Bengaluru,Karnataka,India
ST001657,Elite Pharmacy #1657,117 Market Street,New Delhi,Delhi,India
ST001658,Value Grocery Store #1658,118 Church Street,Bengaluru,Karnataka,India
ST001659,Prime Hypermarket #1659,86 Market Street,Bengaluru,Karnataka,India
ST001660,Sunrise Supermarket #1660,16 Station Road,New Delhi,Delhi,India
ST001661,Daily Pharmacy #1661,118 Park Avenue,Mumbai,Maharashtra,India
ST001662,Green Pharmacy #1662,57 Station Road,Mumbai,Maharashtra,India
ST001663,City Convenience Store #1663,157 Market Street,New Delhi,Delhi,India
ST001664,Family Convenience Store #1664,23 Park Avenue,Bengaluru,Karnataka,India
ST001665,Quick Convenience Store #1665,152 Lake View Road,Bengaluru,Karnataka,India
ST001666,Prime Grocery Store #1666,187 Park Avenue,Bengaluru,Karnataka,India
ST001667,Metro Pharmacy #1667,112 Garden Lane,Mumbai,Maharashtra,India
ST001668,Elite Pharmacy #1668,39 Garden Lane,New Delhi,Delhi,India
ST001669,Corner Supermarket #1669,11 Lake View Road,Bengaluru,Karnataka,India
ST001670,Fresh Convenience Store #1670,136 Park Avenue,Mumbai,Maharashtra,India
ST001671,Green Grocery Store #1671,26 Lake View Road,New Delhi,Delhi,India
ST001672,Metro Grocery Store #1672,143 Main Road,Bengaluru,Karnataka,India
ST001673,Metro Grocery Store #1673,92 Station Road,Bengaluru,Karnataka,India
ST001674,Star Pharmacy #1674,5 Lake View Road,Bengaluru,Karnataka,India
ST001675,City Hypermarket #1675,118 Garden Lane,New Delhi,Delhi,India
ST001676,Fresh Convenience Store #1676,119 Market Street,Mumbai,Maharashtra,India
ST001677,City Grocery Store #1677,161 Lake View Road,Mumbai,Maharashtra,India
ST001678,Royal Supermarket #1678,19 Park Avenue,New Delhi,Delhi,India
ST001679,Family Hypermarket #1679,76 Park Avenue,Bengaluru,Karnataka,India
ST001680,Sunrise Hypermarket #1680,139 Garden Lane,New Delhi,Delhi,India
ST001681,Green Pharmacy #1681,21 Garden Lane,New Delhi,Delhi,India
ST001682,Sunrise Hypermarket #1682,132 MG Road,Bengaluru,Karnataka,India
ST001683,Daily Supermarket #1683,94 Lake View Road,Mumbai,Maharashtra,India
ST001684,Fresh Convenience Store #1684,94 Market Street,Mumbai,Maharashtra,India
ST001685,Sunrise Convenience Store #1685,144 Church Street,Bengaluru,Karnataka,India
ST001686,Value Pharmacy #1686,139 Ring Road,Bengaluru,Karnataka,India
ST001687,Sunrise Grocery Store #1687,180 Church Street,New Delhi,Delhi,India
ST001688,Value Pharmacy #1688,69 Hill Street,Mumbai,Maharashtra,India
ST001689,Prime Grocery Store #1689,17 MG Road,Bengaluru,Karnataka,India
ST001690,Quick Hypermarket #1690,129 Hill Street,Mumbai,Maharashtra,India
ST001691,Quick Supermarket #1691,137 Hill Street,New Delhi,Delhi,India
ST001692,Quick Hypermarket #1692,95 Ring Road,New Delhi,Delhi,India
ST001693,Elite Pharmacy #1693,23 Ring Road,Mumbai,Maharashtra,India
ST001694,Elite Grocery Store #1694,74 Ring Road,Bengaluru,Karnataka,India
ST001695,City Supermarket #1695,29 Market Street,Mumbai,Maharashtra,India
ST001696,City Grocery Store #1696,134 Main Road,Bengaluru,Karnataka,India
ST001697,Corner Hypermarket #1697,139 Market Street,New Delhi,Delhi,India
ST001698,Value Grocery Store #1698,114 Main Road,Mumbai,Maharashtra,India
ST001699,Metro Hypermarket #1699,6 Church Street,Bengaluru,Karnataka,India
ST001700,Star Convenience Store #1700,106 Garden Lane,Mumbai,Maharashtra,India
ST001701,Star Hypermarket #1701,84 Lake View Road,New Delhi,Delhi,India
ST001702,Star Convenience Store #1702,136 Hill Street,New Delhi,Delhi,India
ST001703,Quick Grocery Store #1703,146 Market Street,Mumbai,Maharashtra,India
ST001704,City Hypermarket #1704,59 Lake View Road,Mumbai,Maharashtra,India
ST001705,Prime Hypermarket #1705,38 MG Road,Bengaluru,Karnataka,India
ST001706,Quick Hypermarket #1706,159 Market Street,Bengaluru,Karnataka,India
ST001707,Prime Convenience Store #1707,45 Market Street,Bengaluru,Karnataka,India
ST001708,Metro Pharmacy #1708,11 MG Road,Bengaluru,Karnataka,India
ST001709,City Convenience Store #1709,67 MG Road,Mumbai,Maharashtra,India
ST001710,Metro Pharmacy #1710,182 Main Road,New Delhi,Delhi,India
ST001711,Value Hypermarket #1711,96 Lake View Road,Bengaluru,Karnataka,India
ST001712,City Convenience Store #1712,78 Ring Road,New Delhi,Delhi,India
ST001713,Corner Supermarket #1713,197 Market Street,Mumbai,Maharashtra,India
ST001714,Elite Grocery Store #1714,40 Main Road,Mumbai,Maharashtra,India
ST001715,Family Convenience Store #1715,166 Station Road,Mumbai,Maharashtra,India
ST001716,Elite Grocery Store #1716,194 Garden Lane,Mumbai,Maharashtra,India
ST001717,Green Pharmacy #1717,187 Lake View Road,New Delhi,Delhi,India
ST001718,Sunrise Hypermarket #1718,188 Lake View Road,Bengaluru,Karnataka,India
ST001719,City Supermarket #1719,142 Ring Road,New Delhi,Delhi,India
ST001720,Fresh Hypermarket #1720,159 Church Street,Mumbai,Maharashtra,India
ST001721,Value Grocery Store #1721,84 Main Road,Bengaluru,Karnataka,India
ST001722,Star Convenience Store #1722,150 Hill Street,Bengaluru,Karnataka,India
ST001723,Green Pharmacy #1723,51 Main Road,Mumbai,Maharashtra,India
ST001724,Family Supermarket #1724,174 Ring Road,Mumbai,Maharashtra,India
ST001725,Corner Convenience Store #1725,126 MG Road,Bengaluru,Karnataka,India
ST001726,Neighborhood Convenience Store #1726,15 MG Road,New Delhi,Delhi,India
ST001727,City Grocery Store #1727,110 MG Road,New Delhi,Delhi,India
ST001728,Value Grocery Store #1728,73 MG Road,Bengaluru,Karnataka,India
ST001729,Prime Hypermarket #1729,144 Ring Road,Mumbai,Maharashtra,India
ST001730,Sunrise Pharmacy #1730,190 Park Avenue,Mumbai,Maharashtra,India
ST001731,Prime Grocery Store #1731,187 Park Avenue,Bengaluru,Karnataka,India
ST001732,City Grocery Store #1732,154 Ring Road,New Delhi,Delhi,India
ST001733,Metro Pharmacy #1733,122 Hill Street,Mumbai,Maharashtra,India
ST001734,Daily Hypermarket #1734,194 Park Avenue,New Delhi,Delhi,India
ST001735,Fresh Supermarket #1735,164 Station Road,Mumbai,Maharashtra,India
ST001736,City Grocery Store #1736,119 Garden Lane,New Delhi,Delhi,India
ST001737,Metro Pharmacy #1737,98 Station Road,Bengaluru,Karnataka,India
ST001738,Quick Convenience Store #1738,78 Garden Lane,Bengaluru,Karnataka,India
ST001739,Quick Hypermarket #1739,190 Lake View Road,New Delhi,Delhi,India
ST001740,Fresh Pharmacy #1740,40 Station Road,Bengaluru,Karnataka,India
ST001741,Star Hypermarket #1741,121 Ring Road,New Delhi,Delhi,India
ST001742,Corner Hypermarket #1742,126 Church Street,Bengaluru,Karnataka,India
ST001743,Daily Supermarket #1743,127 Ring Road,Mumbai,Maharashtra,India
ST001744,Sunrise Convenience Store #1744,149 Lake View Road,Mumbai,Maharashtra,India
ST001745,Corner Convenience Store #1745,161 Lake View Road,Mumbai,Maharashtra,India
ST001746,Value Supermarket #1746,188 Garden Lane,New Delhi,Delhi,India
ST001747,Royal Supermarket #1747,42 Garden Lane,Mumbai,Maharashtra,India
ST001748,City Supermarket #1748,119 Market Street,Mumbai,Maharashtra,India
ST001749,City Hypermarket #1749,70 MG Road,Bengaluru,Karnataka,India
ST001750,Star Grocery Store #1750,13 Station Road,Mumbai,Maharashtra,India
ST001751,Family Hypermarket #1751,20 Hill Street,New Delhi,Delhi,India
ST001752,Green Pharmacy #1752,47 Ring Road,New Delhi,Delhi,India
ST001753,Green Convenience Store #1753,140 MG Road,Bengaluru,Karnataka,India
ST001754,Royal Hypermarket #1754,78 Station Road,New Delhi,Delhi,India
ST001755,Daily Hypermarket #1755,149 MG Road,New Delhi,Delhi,India
ST001756,Fresh Pharmacy #1756,133 Station Road,Bengaluru,Karnataka,India
ST001757,Green Hypermarket #1757,106 MG Road,Mumbai,Maharashtra,India
ST001758,Daily Pharmacy #1758,40 Hill Street,Bengaluru,Karnataka,India
ST001759,Royal Pharmacy #1759,144 Garden Lane,Bengaluru,Karnataka,India
ST001760,Royal Convenience Store #1760,183 Hill Street,New Delhi,Delhi,India
ST001761,Corner Supermarket #1761,20 Ring Road,Mumbai,Maharashtra,India
ST001762,Elite Pharmacy #1762,123 MG Road,Bengaluru,Karnataka,India
ST001763,Sunrise Hypermarket #1763,36 Lake View Road,Mumbai,Maharashtra,India
ST001764,Family Convenience Store #1764,45 Station Road,Mumbai,Maharashtra,India
ST001765,Sunrise Supermarket #1765,57 Market Street,Bengaluru,Karnataka,India
ST001766,Sunrise Pharmacy #1766,79 Market Street,Bengaluru,Karnataka,India
ST001767,City Pharmacy #1767,109 Ring Road,Bengaluru,Karnataka,India
ST001768,Fresh Supermarket #1768,194 Park Avenue,Mumbai,Maharashtra,India
ST001769,Metro Supermarket #1769,9 Hill Street,Bengaluru,Karnataka,India
ST001770,Fresh Convenience Store #1770,31 Station Road,Mumbai,Maharashtra,India
ST001771,Daily Supermarket #1771,171 Main Road,Mumbai,Maharashtra,India
ST001772,Green Supermarket #1772,155 Church Street,Bengaluru,Karnataka,India
ST001773,Elite Convenience Store #1773,48 MG Road,Bengaluru,Karnataka,India
ST001774,Daily Supermarket #1774,192 Station Road,Bengaluru,Karnataka,India
ST001775,Value Convenience Store #1775,42 Hill Street,Mumbai,Maharashtra,India
ST001776,Metro Convenience Store #1776,146 Ring Road,New Delhi,Delhi,India
ST001777,Royal Supermarket #1777,196 Main Road,New Delhi,Delhi,India
ST001778,Metro Convenience Store #1778,50 Station Road,New Delhi,Delhi,India
ST001779,Elite Pharmacy #1779,2 Ring Road,New Delhi,Delhi,India
ST001780,Elite Pharmacy #1780,182 Lake View Road,New Delhi,Delhi,India
ST001781,Sunrise Hypermarket #1781,48 Lake View Road,New Delhi,Delhi,India
ST001782,City Supermarket #1782,98 Park Avenue,Mumbai,Maharashtra,India
ST001783,Family Pharmacy #1783,105 Ring Road,Bengaluru,Karnataka,India
ST001784,Daily Hypermarket #1784,29 Hill Street,Mumbai,Maharashtra,India
ST001785,Quick Pharmacy #1785,181 Station Road,Mumbai,Maharashtra,India
ST001786,Sunrise Convenience Store #1786,22 MG Road,Bengaluru,Karnataka,India
ST001787,Daily Grocery Store #1787,73 Lake View Road,Mumbai,Maharashtra,India
ST001788,Sunrise Convenience Store #1788,176 Lake View Road,Mumbai,Maharashtra,India
ST001789,Family Pharmacy #1789,75 Park Avenue,Mumbai,Maharashtra,India
ST001790,Royal Pharmacy #1790,122 MG Road,Bengaluru,Karnataka,India
ST001791,Fresh Pharmacy #1791,126 Ring Road,New Delhi,Delhi,India
ST001792,Quick Grocery Store #1792,169 Ring Road,New Delhi,Delhi,India
ST001793,City Supermarket #1793,103 Garden Lane,Mumbai,Maharashtra,India
ST001794,Sunrise Supermarket #1794,17 MG Road,Bengaluru,Karnataka,India
ST001795,Value Pharmacy #1795,153 Park Avenue,Bengaluru,Karnataka,India
ST001796,Metro Supermarket #1796,186 Lake View Road,Mumbai,Maharashtra,India
ST001797,Green Hypermarket #1797,197 Garden Lane,New Delhi,Delhi,India
ST001798,Prime Convenience Store #1798,103 MG Road,New Delhi,Delhi,India
ST001799,Star Grocery Store #1799,104 Lake View Road,New Delhi,Delhi,India
ST001800,Prime Convenience Store #1800,197 Lake View Road,Bengaluru,Karnataka,India
ST001801,Daily Supermarket #1801,126 Lake View Road,Mumbai,Maharashtra,India
ST001802,Star Pharmacy #1802,8 Ring Road,Bengaluru,Karnataka,India
ST001803,Royal Supermarket #1803,128 Main Road,Bengaluru,Karnataka,India
ST001804,Corner Pharmacy #1804,174 MG Road,New Delhi,Delhi,India
ST001805,Prime Pharmacy #1805,160 Ring Road,New Delhi,Delhi,India
ST001806,Star Supermarket #1806,197 Lake View Road,New Delhi,Delhi,India
ST001807,Metro Grocery Store #1807,170 Lake View Road,Mumbai,Maharashtra,India
ST001808,Family Grocery Store #1808,139 MG Road,Mumbai,Maharashtra,India
ST001809,Family Convenience Store #1809,196 Main Road,Bengaluru,Karnataka,India
ST001810,Elite Grocery Store #1810,99 Lake View Road,Bengaluru,Karnataka,India
ST001811,Royal Hypermarket #1811,114 Lake View Road,Mumbai,Maharashtra,India
ST001812,Fresh Supermarket #1812,143 Station Road,Bengaluru,Karnataka,India
ST001813,Quick Pharmacy #1813,35 Station Road,Mumbai,Maharashtra,India
ST001814,Quick Grocery Store #1814,146 Lake View Road,Bengaluru,Karnataka,India
ST001815,Star Convenience Store #1815,147 Lake View Road,New Delhi,Delhi,India
ST001816,Family Grocery Store #1816,130 Main Road,Bengaluru,Karnataka,India
ST001817,Prime Grocery Store #1817,152 Park Avenue,Mumbai,Maharashtra,India
ST001818,Star Convenience Store #1818,197 Station Road,Mumbai,Maharashtra,India
ST001819,Fresh Hypermarket #1819,152 Main Road,Bengaluru,Karnataka,India
ST001820,Royal Pharmacy #1820,90 Garden Lane,Mumbai,Maharashtra,India
ST001821,Green Supermarket #1821,88 Park Avenue,New Delhi,Delhi,India
ST001822,Corner Supermarket #1822,92 Park Avenue,Mumbai,Maharashtra,India
ST001823,Fresh Hypermarket #1823,63 Church Street,New Delhi,Delhi,India
ST001824,Star Pharmacy #1824,152 Ring Road,Mumbai,Maharashtra,India
ST001825,Royal Supermarket #1825,30 MG Road,Mumbai,Maharashtra,India
ST001826,Fresh Pharmacy #1826,84 Main Road,New Delhi,Delhi,India
ST001827,Star Grocery Store #1827,146 Hill Street,Mumbai,Maharashtra,India
ST001828,Prime Grocery Store #1828,179 Lake View Road,Bengaluru,Karnataka,India
ST001829,Fresh Convenience Store #1829,97 Garden Lane,Mumbai,Maharashtra,India
ST001830,Value Grocery Store #1830,26 Lake View Road,New Delhi,Delhi,India
ST001831,Sunrise Supermarket #1831,53 MG Road,New Delhi,Delhi,India
ST001832,Family Grocery Store #1832,87 Market Street,New Delhi,Delhi,India
ST001833,Prime Convenience Store #1833,112 Church Street,Mumbai,Maharashtra,India
ST001834,Star Grocery Store #1834,138 Church Street,Bengaluru,Karnataka,India
ST001835,Prime Hypermarket #1835,77 Garden Lane,Bengaluru,Karnataka,India
ST001836,Green Grocery Store #1836,160 Ring Road,Bengaluru,Karnataka,India
ST001837,Daily Convenience Store #1837,87 Station Road,New Delhi,Delhi,India
ST001838,Neighborhood Supermarket #1838,122 Park Avenue,New Delhi,Delhi,India
ST001839,Value Pharmacy #1839,167 Station Road,Bengaluru,Karnataka,India
ST001840,Green Convenience Store #1840,111 Hill Street,Mumbai,Maharashtra,India
ST001841,Metro Hypermarket #1841,103 Station Road,Mumbai,Maharashtra,India
ST001842,Family Convenience Store #1842,172 Hill Street,Mumbai,Maharashtra,India
ST001843,Elite Pharmacy #1843,161 Hill Street,Bengaluru,Karnataka,India
ST001844,Neighborhood Pharmacy #1844,55 Lake View Road,Mumbai,Maharashtra,India
ST001845,Elite Hypermarket #1845,137 Garden Lane,New Delhi,Delhi,India
ST001846,Elite Grocery Store #1846,187 Main Road,New Delhi,Delhi,India
ST001847,Metro Convenience Store #1847,119 Market Street,Mumbai,Maharashtra,India
ST001848,City Pharmacy #1848,176 Station Road,New Delhi,Delhi,India
ST001849,Corner Grocery Store #1849,17 Church Street,Mumbai,Maharashtra,India
ST001850,Prime Grocery Store #1850,166 Market Street,Mumbai,Maharashtra,India
ST001851,Star Hypermarket #1851,61 Park Avenue,New Delhi,Delhi,India
ST001852,Daily Pharmacy #1852,50 Main Road,Bengaluru,Karnataka,India
ST001853,Green Pharmacy #1853,119 Lake View Road,Mumbai,Maharashtra,India
ST001854,Corner Convenience Store #1854,166 Main Road,Mumbai,Maharashtra,India
ST001855,City Pharmacy #1855,35 Main Road,Mumbai,Maharashtra,India
ST001856,Green Hypermarket #1856,169 Hill Street,Mumbai,Maharashtra,India
ST001857,Star Pharmacy #1857,185 Lake View Road,Bengaluru,Karnataka,India
ST001858,Fresh Supermarket #1858,81 Garden Lane,Bengaluru,Karnataka,India
ST001859,Royal Hypermarket #1859,105 MG Road,Bengaluru,Karnataka,India
ST001860,Corner Supermarket #1860,36 Church Street,New Delhi,Delhi,India
ST001861,Neighborhood Supermarket #1861,129 Ring Road,New Delhi,Delhi,India
ST001862,Star Convenience Store #1862,199 Hill Street,New Delhi,Delhi,India
ST001863,Quick Hypermarket #1863,61 Garden Lane,Bengaluru,Karnataka,India
ST001864,Green Supermarket #1864,85 Garden Lane,Mumbai,Maharashtra,India
ST001865,Green Grocery Store #1865,191 Church Street,New Delhi,Delhi,India
ST001866,Metro Grocery Store #1866,28 Market Street,Bengaluru,Karnataka,India
ST001867,Prime Pharmacy #1867,105 Station Road,Mumbai,Maharashtra,India
ST001868,Fresh Convenience Store #1868,137 MG Road,Mumbai,Maharashtra,India
ST001869,Value Supermarket #1869,109 Lake View Road,New Delhi,Delhi,India
ST001870,Prime Pharmacy #1870,93 Lake View Road,Bengaluru,Karnataka,India
ST001871,Royal Hypermarket #1871,6 Garden Lane,Mumbai,Maharashtra,India
ST001872,Royal Supermarket #1872,170 Main Road,New Delhi,Delhi,India
ST001873,Prime Pharmacy #1873,99 Station Road,New Delhi,Delhi,India
ST001874,Elite Hypermarket #1874,32 Hill Street,New Delhi,Delhi,India
ST001875,Royal Pharmacy #1875,100 Main Road,Mumbai,Maharashtra,India
ST001876,Elite Grocery Store #1876,78 Ring Road,Mumbai,Maharashtra,India
ST001877,Prime Pharmacy #1877,42 Lake View Road,Bengaluru,Karnataka,India
ST001878,Elite Hypermarket #1878,105 Main Road,New Delhi,Delhi,India
ST001879,Royal Hypermarket #1879,200 Lake View Road,Bengaluru,Karnataka,India
ST001880,Sunrise Grocery Store #1880,86 Park Avenue,Mumbai,Maharashtra,India
ST001881,Royal Supermarket #1881,179 Station Road,Bengaluru,Karnataka,India
ST001882,Daily Convenience Store #1882,108 Garden Lane,Mumbai,Maharashtra,India
ST001883,Sunrise Convenience Store #1883,117 Main Road,Mumbai,Maharashtra,India
ST001884,Star Supermarket #1884,48 Lake View Road,New Delhi,Delhi,India
ST001885,Fresh Pharmacy #1885,52 Station Road,Mumbai,Maharashtra,India
ST001886,Neighborhood Hypermarket #1886,29 Market Street,Bengaluru,Karnataka,India
ST001887,Family Pharmacy #1887,197 Market Street,New Delhi,Delhi,India
ST001888,Star Convenience Store #1888,82 Lake View Road,Mumbai,Maharashtra,India
ST001889,Royal Grocery Store #1889,35 Station Road,New Delhi,Delhi,India
ST001890,Star Pharmacy #1890,84 Station Road,New Delhi,Delhi,India
ST001891,Daily Pharmacy #1891,95 Market Street,Mumbai,Maharashtra,India
ST001892,Elite Grocery Store #1892,147 Church Street,Mumbai,Maharashtra,India
ST001893,Fresh Supermarket #1893,166 Garden Lane,New Delhi,Delhi,India
ST001894,Elite Pharmacy #1894,119 Church Street,Bengaluru,Karnataka,India
ST001895,Sunrise Hypermarket #1895,13 Park Avenue,Bengaluru,Karnataka,India
ST001896,Corner Convenience Store #1896,67 Market Street,New Delhi,Delhi,India
ST001897,Value Supermarket #1897,146 Ring Road,Bengaluru,Karnataka,India
ST001898,Sunrise Supermarket #1898,112 Lake View Road,New Delhi,Delhi,India
ST001899,Daily Grocery Store #1899,183 Church Street,Bengaluru,Karnataka,India
ST001900,Royal Pharmacy #1900,74 Lake View Road,Mumbai,Maharashtra,India
ST001901,City Grocery Store #1901,53 Garden Lane,Mumbai,Maharashtra,India
ST001902,Royal Pharmacy #1902,187 Church Street,Mumbai,Maharashtra,India
ST001903,City Grocery Store #1903,38 Main Road,Mumbai,Maharashtra,India
ST001904,Prime Hypermarket #1904,159 Lake View Road,Bengaluru,Karnataka,India
ST001905,Value Pharmacy #1905,176 Lake View Road,New Delhi,Delhi,India
ST001906,Fresh Supermarket #1906,35 MG Road,Mumbai,Maharashtra,India
ST001907,Star Grocery Store #1907,183 Park Avenue,Bengaluru,Karnataka,India
ST001908,Sunrise Grocery Store #1908,66 Ring Road,New Delhi,Delhi,India
ST001909,Family Supermarket #1909,14 MG Road,Bengaluru,Karnataka,India
ST001910,Quick Pharmacy #1910,156 Garden Lane,Mumbai,Maharashtra,India
ST001911,Fresh Supermarket #1911,130 Garden Lane,Mumbai,Maharashtra,India
ST001912,Prime Grocery Store #1912,172 MG Road,Mumbai,Maharashtra,India
ST001913,Elite Pharmacy #1913,11 Garden Lane,New Delhi,Delhi,India
ST001914,Prime Pharmacy #1914,129 Lake View Road,Bengaluru,Karnataka,India
ST001915,Elite Hypermarket #1915,34 Ring Road,Mumbai,Maharashtra,India
ST001916,Sunrise Hypermarket #1916,111 Market Street,New Delhi,Delhi,India
ST001917,Daily Hypermarket #1917,12 Market Street,Mumbai,Maharashtra,India
ST001918,Royal Grocery Store #1918,192 MG Road,Mumbai,Maharashtra,India
ST001919,Prime Grocery Store #1919,157 Station Road,Mumbai,Maharashtra,India
ST001920,Value Convenience Store #1920,43 MG Road,Mumbai,Maharashtra,India
ST001921,Green Grocery Store #1921,143 Lake View Road,Bengaluru,Karnataka,India
ST001922,Metro Supermarket #1922,14 Church Street,Bengaluru,Karnataka,India
ST001923,Fresh Pharmacy #1923,67 Market Street,Mumbai,Maharashtra,India
ST001924,Corner Grocery Store #1924,127 Main Road,Bengaluru,Karnataka,India
ST001925,Value Grocery Store #1925,144 Lake View Road,New Delhi,Delhi,India
ST001926,Quick Grocery Store #1926,185 Market Street,Bengaluru,Karnataka,India
ST001927,Value Supermarket #1927,53 Station Road,Bengaluru,Karnataka,India
ST001928,Royal Pharmacy #1928,192 Hill Street,Bengaluru,Karnataka,India
ST001929,Neighborhood Hypermarket #1929,150 Church Street,New Delhi,Delhi,India
ST001930,Fresh Convenience Store #1930,197 Garden Lane,New Delhi,Delhi,India
ST001931,Corner Pharmacy #1931,64 Lake View Road,Bengaluru,Karnataka,India
ST001932,Elite Supermarket #1932,7 Station Road,Mumbai,Maharashtra,India
ST001933,Corner Supermarket #1933,152 Ring Road,Mumbai,Maharashtra,India
ST001934,City Hypermarket #1934,21 Lake View Road,Bengaluru,Karnataka,India
ST001935,Quick Grocery Store #1935,69 Garden Lane,New Delhi,Delhi,India
ST001936,Value Supermarket #1936,168 Garden Lane,Bengaluru,Karnataka,India
ST001937,Value Grocery Store #1937,188 Garden Lane,New Delhi,Delhi,India
ST001938,Metro Pharmacy #1938,165 Station Road,Bengaluru,Karnataka,India
ST001939,Green Hypermarket #1939,191 Ring Road,Bengaluru,Karnataka,India
ST001940,Neighborhood Convenience Store #1940,24 Park Avenue,Mumbai,Maharashtra,India
ST001941,City Hypermarket #1941,198 Park Avenue,Bengaluru,Karnataka,India
ST001942,Fresh Supermarket #1942,42 Park Avenue,Bengaluru,Karnataka,India
ST001943,Prime Grocery Store #1943,193 Market Street,New Delhi,Delhi,India
ST001944,Prime Supermarket #1944,111 Station Road,Mumbai,Maharashtra,India
ST001945,City Convenience Store #1945,171 Ring Road,Mumbai,Maharashtra,India
ST001946,Family Hypermarket #1946,126 Lake View Road,Bengaluru,Karnataka,India
ST001947,Quick Grocery Store #1947,145 Garden Lane,Mumbai,Maharashtra,India
ST001948,Daily Grocery Store #1948,95 Garden Lane,Mumbai,Maharashtra,India
ST001949,Corner Pharmacy #1949,110 Ring Road,New Delhi,Delhi,India
ST001950,Family Supermarket #1950,119 Church Street,Mumbai,Maharashtra,India
ST001951,Elite Pharmacy #1951,135 Hill Street,Mumbai,Maharashtra,India
ST001952,Prime Supermarket #1952,112 Ring Road,Mumbai,Maharashtra,India
ST001953,Prime Grocery Store #1953,33 Station Road,Bengaluru,Karnataka,India
ST001954,Family Pharmacy #1954,76 Garden Lane,Mumbai,Maharashtra,India
ST001955,Family Supermarket #1955,12 Hill Street,Bengaluru,Karnataka,India
ST001956,Family Supermarket #1956,106 Ring Road,Mumbai,Maharashtra,India
ST001957,Star Grocery Store #1957,146 Station Road,New Delhi,Delhi,India
ST001958,Prime Hypermarket #1958,21 Hill Street,New Delhi,Delhi,India
ST001959,Daily Supermarket #1959,170 Lake View Road,New Delhi,Delhi,India
ST001960,Green Pharmacy #1960,101 Main Road,Bengaluru,Karnataka,India
ST001961,Corner Supermarket #1961,77 MG Road,New Delhi,Delhi,India
ST001962,Sunrise Convenience Store #1962,194 Lake View Road,Mumbai,Maharashtra,India
ST001963,Green Convenience Store #1963,88 Market Street,Mumbai,Maharashtra,India
ST001964,City Pharmacy #1964,192 Garden Lane,Bengaluru,Karnataka,India
ST001965,Royal Hypermarket #1965,28 Park Avenue,New Delhi,Delhi,India
ST001966,Fresh Convenience Store #1966,102 Ring Road,Bengaluru,Karnataka,India
ST001967,City Supermarket #1967,123 Lake View Road,New Delhi,Delhi,India
ST001968,Royal Grocery Store #1968,191 Garden Lane,New Delhi,Delhi,India
ST001969,Prime Grocery Store #1969,158 MG Road,New Delhi,Delhi,India
ST001970,Green Grocery Store #1970,23 Market Street,Mumbai,Maharashtra,India
ST001971,Fresh Pharmacy #1971,29 Main Road,Bengaluru,Karnataka,India
ST001972,Royal Pharmacy #1972,54 Lake View Road,Bengaluru,Karnataka,India
ST001973,Star Pharmacy #1973,112 Hill Street,Bengaluru,Karnataka,India
ST001974,Daily Pharmacy #1974,198 Lake View Road,Mumbai,Maharashtra,India
ST001975,Quick Pharmacy #1975,6 Ring Road,Mumbai,Maharashtra,India
ST001976,Elite Pharmacy #1976,190 Lake View Road,Bengaluru,Karnataka,India
ST001977,Quick Grocery Store #1977,116 Garden Lane,Bengaluru,Karnataka,India
ST001978,Metro Pharmacy #1978,146 Park Avenue,Mumbai,Maharashtra,India
ST001979,Value Supermarket #1979,27 Park Avenue,Bengaluru,Karnataka,India
ST001980,Royal Grocery Store #1980,189 Garden Lane,Mumbai,Maharashtra,India
ST001981,Sunrise Convenience Store #1981,75 Main Road,New Delhi,Delhi,India
ST001982,Corner Grocery Store #1982,132 Garden Lane,Mumbai,Maharashtra,India
ST001983,Elite Convenience Store #1983,125 Church Street,New Delhi,Delhi,India
ST001984,Family Supermarket #1984,109 Garden Lane,Bengaluru,Karnataka,India
ST001985,Family Hypermarket #1985,69 Park Avenue,Bengaluru,Karnataka,India
ST001986,Daily Grocery Store #1986,160 MG Road,Mumbai,Maharashtra,India
ST001987,Sunrise Grocery Store #1987,6 Market Street,Mumbai,Maharashtra,India
ST001988,Sunrise Hypermarket #1988,121 MG Road,Bengaluru,Karnataka,India
ST001989,Metro Grocery Store #1989,57 Garden Lane,New Delhi,Delhi,India
ST001990,Elite Hypermarket #1990,184 Lake View Road,New Delhi,Delhi,India
ST001991,Elite Pharmacy #1991,186 Park Avenue,Mumbai,Maharashtra,India
ST001992,Royal Grocery Store #1992,168 MG Road,New Delhi,Delhi,India
ST001993,Green Grocery Store #1993,160 Church Street,Bengaluru,Karnataka,India
ST001994,Sunrise Hypermarket #1994,23 Lake View Road,New Delhi,Delhi,India
ST001995,City Pharmacy #1995,41 Garden Lane,Bengaluru,Karnataka,India
ST001996,Daily Grocery Store #1996,127 Station Road,Mumbai,Maharashtra,India
ST001997,Metro Pharmacy #1997,13 Main Road,New Delhi,Delhi,India
ST001998,Elite Hypermarket #1998,92 Market Street,Mumbai,Maharashtra,India
ST001999,Royal Pharmacy #1999,9 Ring Road,New Delhi,Delhi,India
ST002000,Corner Hypermarket #2000,159 Church Street,Bengaluru,Karnataka,India
ST002001,Family Supermarket #2001,125 Station Road,Bengaluru,Karnataka,India
ST002002,Green Hypermarket #2002,197 Main Road,Mumbai,Maharashtra,India
ST002003,Prime Convenience Store #2003,177 Hill Street,Bengaluru,Karnataka,India
ST002004,Star Convenience Store #2004,181 Main Road,Bengaluru,Karnataka,India
ST002005,Green Grocery Store #2005,194 Ring Road,Mumbai,Maharashtra,India
ST002006,Green Supermarket #2006,157 Ring Road,New Delhi,Delhi,India
ST002007,Fresh Convenience Store #2007,27 Market Street,New Delhi,Delhi,India
ST002008,Royal Supermarket #2008,93 Market Street,Bengaluru,Karnataka,India
ST002009,Sunrise Hypermarket #2009,196 Hill Street,Mumbai,Maharashtra,India
ST002010,Sunrise Grocery Store #2010,40 MG Road,Bengaluru,Karnataka,India
ST002011,Royal Hypermarket #2011,32 Church Street,Bengaluru,Karnataka,India
ST002012,Corner Grocery Store #2012,63 Lake View Road,Bengaluru,Karnataka,India
ST002013,Prime Hypermarket #2013,44 Ring Road,New Delhi,Delhi,India
ST002014,Value Hypermarket #2014,194 Park Avenue,New Delhi,Delhi,India
ST002015,Star Hypermarket #2015,63 Market Street,New Delhi,Delhi,India
ST002016,Corner Convenience Store #2016,36 Park Avenue,Bengaluru,Karnataka,India
ST002017,Elite Grocery Store #2017,118 Hill Street,Mumbai,Maharashtra,India
ST002018,Fresh Hypermarket #2018,38 Main Road,Mumbai,Maharashtra,India
ST002019,Daily Convenience Store #2019,87 MG Road,Bengaluru,Karnataka,India
ST002020,Green Grocery Store #2020,112 Main Road,Bengaluru,Karnataka,India
ST002021,Green Grocery Store #2021,170 Market Street,Bengaluru,Karnataka,India
ST002022,Fresh Convenience Store #2022,183 Hill Street,New Delhi,Delhi,India
ST002023,Corner Hypermarket #2023,175 Hill Street,Mumbai,Maharashtra,India
ST002024,Sunrise Hypermarket #2024,81 MG Road,New Delhi,Delhi,India
ST002025,Royal Supermarket #2025,136 Garden Lane,Mumbai,Maharashtra,India
ST002026,Sunrise Pharmacy #2026,115 Church Street,Mumbai,Maharashtra,India
ST002027,Neighborhood Convenience Store #2027,167 Lake View Road,New Delhi,Delhi,India
ST002028,Elite Hypermarket #2028,104 Church Street,New Delhi,Delhi,India
ST002029,Daily Hypermarket #2029,138 MG Road,Bengaluru,Karnataka,India
ST002030,Sunrise Grocery Store #2030,190 Market Street,New Delhi,Delhi,India
ST002031,Family Convenience Store #2031,55 Ring Road,Mumbai,Maharashtra,India
ST002032,Family Convenience Store #2032,134 MG Road,Mumbai,Maharashtra,India
ST002033,Fresh Pharmacy #2033,139 Garden Lane,Bengaluru,Karnataka,India
ST002034,Metro Hypermarket #2034,186 Park Avenue,Mumbai,Maharashtra,India
ST002035,Daily Convenience Store #2035,16 MG Road,New Delhi,Delhi,India
ST002036,Star Hypermarket #2036,91 Ring Road,New Delhi,Delhi,India
ST002037,Green Supermarket #2037,32 Lake View Road,New Delhi,Delhi,India
ST002038,Neighborhood Hypermarket #2038,2 Lake View Road,New Delhi,Delhi,India
ST002039,Metro Hypermarket #2039,149 Garden Lane,New Delhi,Delhi,India
ST002040,Royal Convenience Store #2040,60 MG Road,New Delhi,Delhi,India
ST002041,Prime Hypermarket #2041,184 Garden Lane,New Delhi,Delhi,India
ST002042,Sunrise Pharmacy #2042,134 Church Street,Mumbai,Maharashtra,India
ST002043,Value Supermarket #2043,150 Church Street,New Delhi,Delhi,India
ST002044,Quick Hypermarket #2044,38 Park Avenue,Bengaluru,Karnataka,India
ST002045,Daily Grocery Store #2045,16 Park Avenue,Bengaluru,Karnataka,India
ST002046,Quick Pharmacy #2046,115 Ring Road,Bengaluru,Karnataka,India
ST002047,Star Hypermarket #2047,104 Garden Lane,New Delhi,Delhi,India
ST002048,Family Convenience Store #2048,68 Garden Lane,Mumbai,Maharashtra,India
ST002049,Star Grocery Store #2049,113 Lake View Road,Mumbai,Maharashtra,India
ST002050,Royal Grocery Store #2050,37 Hill Street,Bengaluru,Karnataka,India
ST002051,Quick Pharmacy #2051,118 Market Street,New Delhi,Delhi,India
ST002052,Royal Convenience Store #2052,31 Church Street,New Delhi,Delhi,India
ST002053,Quick Grocery Store #2053,192 Market Street,Bengaluru,Karnataka,India
ST002054,Value Convenience Store #2054,155 Park Avenue,Bengaluru,Karnataka,India
ST002055,Daily Supermarket #2055,147 Station Road,Mumbai,Maharashtra,India
ST002056,Family Supermarket #2056,31 MG Road,Bengaluru,Karnataka,India
ST002057,Value Hypermarket #2057,76 Lake View Road,Mumbai,Maharashtra,India
ST002058,Green Supermarket #2058,37 Garden Lane,Bengaluru,Karnataka,India
ST002059,Fresh Grocery Store #2059,73 Church Street,Mumbai,Maharashtra,India
ST002060,Royal Pharmacy #2060,126 Main Road,New Delhi,Delhi,India
ST002061,Family Supermarket #2061,18 Main Road,Mumbai,Maharashtra,India
ST002062,Quick Grocery Store #2062,80 Garden Lane,New Delhi,Delhi,India
ST002063,Elite Grocery Store #2063,97 Lake View Road,Mumbai,Maharashtra,India
ST002064,City Convenience Store #2064,130 Lake View Road,Bengaluru,Karnataka,India
ST002065,Star Grocery Store #2065,39 MG Road,Mumbai,Maharashtra,India
ST002066,Green Supermarket #2066,171 Garden Lane,New Delhi,Delhi,India
ST002067,Corner Grocery Store #2067,102 MG Road,Bengaluru,Karnataka,India
ST002068,Fresh Convenience Store #2068,114 Station Road,New Delhi,Delhi,India
ST002069,Royal Supermarket #2069,182 Main Road,Bengaluru,Karnataka,India
ST002070,Star Convenience Store #2070,80 Hill Street,New Delhi,Delhi,India
ST002071,Star Supermarket #2071,22 Church Street,New Delhi,Delhi,India
ST002072,Family Convenience Store #2072,194 Main Road,New Delhi,Delhi,India
ST002073,Family Convenience Store #2073,193 Lake View Road,Bengaluru,Karnataka,India
ST002074,Elite Convenience Store #2074,31 Hill Street,Bengaluru,Karnataka,India
ST002075,Fresh Pharmacy #2075,53 Church Street,Mumbai,Maharashtra,India
ST002076,Quick Convenience Store #2076,137 Garden Lane,Bengaluru,Karnataka,India
ST002077,Corner Hypermarket #2077,12 Lake View Road,New Delhi,Delhi,India
ST002078,Value Supermarket #2078,47 Park Avenue,Mumbai,Maharashtra,India
ST002079,Royal Supermarket #2079,82 Park Avenue,New Delhi,Delhi,India
ST002080,Daily Hypermarket #2080,26 Hill Street,Bengaluru,Karnataka,India
ST002081,Prime Pharmacy #2081,47 Station Road,Bengaluru,Karnataka,India
ST002082,City Supermarket #2082,105 Market Street,Mumbai,Maharashtra,India
ST002083,Neighborhood Supermarket #2083,47 Main Road,Mumbai,Maharashtra,India
ST002084,Prime Supermarket #2084,26 MG Road,Mumbai,Maharashtra,India
ST002085,Corner Pharmacy #2085,67 Park Avenue,Mumbai,Maharashtra,India
ST002086,Fresh Supermarket #2086,62 Garden Lane,Bengaluru,Karnataka,India
ST002087,Metro Convenience Store #2087,131 Hill Street,Mumbai,Maharashtra,India
ST002088,Daily Grocery Store #2088,16 MG Road,Mumbai,Maharashtra,India
ST002089,Family Grocery Store #2089,17 Lake View Road,Mumbai,Maharashtra,India
ST002090,Corner Supermarket #2090,60 Main Road,New Delhi,Delhi,India
ST002091,Family Hypermarket #2091,173 Ring Road,New Delhi,Delhi,India
ST002092,Green Pharmacy #2092,167 Market Street,New Delhi,Delhi,India
ST002093,Neighborhood Hypermarket #2093,115 Ring Road,Mumbai,Maharashtra,India
ST002094,Metro Convenience Store #2094,96 Hill Street,Bengaluru,Karnataka,India
ST002095,Green Pharmacy #2095,138 Park Avenue,Bengaluru,Karnataka,India
ST002096,Quick Convenience Store #2096,1 Lake View Road,Bengaluru,Karnataka,India
ST002097,Prime Convenience Store #2097,43 Main Road,New Delhi,Delhi,India
ST002098,Elite Supermarket #2098,70 Garden Lane,Mumbai,Maharashtra,India
ST002099,Royal Hypermarket #2099,98 MG Road,New Delhi,Delhi,India
ST002100,Neighborhood Pharmacy #2100,73 Main Road,New Delhi,Delhi,India
ST002101,Sunrise Pharmacy #2101,145 Ring Road,New Delhi,Delhi,India
ST002102,Daily Hypermarket #2102,179 Ring Road,Mumbai,Maharashtra,India
ST002103,Sunrise Pharmacy #2103,72 Park Avenue,New Delhi,Delhi,India
ST002104,Neighborhood Pharmacy #2104,82 MG Road,New Delhi,Delhi,India
ST002105,Green Hypermarket #2105,116 Station Road,New Delhi,Delhi,India
ST002106,Star Pharmacy #2106,88 Church Street,Mumbai,Maharashtra,India
ST002107,Neighborhood Grocery Store #2107,5 Market Street,Mumbai,Maharashtra,India
ST002108,Neighborhood Supermarket #2108,2 Main Road,Mumbai,Maharashtra,India
ST002109,Corner Pharmacy #2109,179 Lake View Road,New Delhi,Delhi,India
ST002110,Family Grocery Store #2110,167 Ring Road,Bengaluru,Karnataka,India
ST002111,Fresh Convenience Store #2111,114 Ring Road,New Delhi,Delhi,India
ST002112,Royal Hypermarket #2112,154 MG Road,Mumbai,Maharashtra,India
ST002113,City Grocery Store #2113,3 Ring Road,New Delhi,Delhi,India
ST002114,Value Grocery Store #2114,114 Main Road,Bengaluru,Karnataka,India
ST002115,Sunrise Pharmacy #2115,195 Station Road,Bengaluru,Karnataka,India
ST002116,Metro Hypermarket #2116,158 Station Road,Bengaluru,Karnataka,India
ST002117,Metro Pharmacy #2117,93 Main Road,Mumbai,Maharashtra,India
ST002118,Quick Hypermarket #2118,181 Garden Lane,New Delhi,Delhi,India
ST002119,Fresh Pharmacy #2119,164 Park Avenue,Bengaluru,Karnataka,India
ST002120,Royal Supermarket #2120,146 Hill Street,Mumbai,Maharashtra,India
ST002121,City Grocery Store #2121,50 Garden Lane,New Delhi,Delhi,India
ST002122,Neighborhood Convenience Store #2122,17 Garden Lane,Bengaluru,Karnataka,India
ST002123,Sunrise Pharmacy #2123,33 Station Road,Bengaluru,Karnataka,India
ST002124,Royal Convenience Store #2124,134 Station Road,Bengaluru,Karnataka,India
ST002125,Royal Pharmacy #2125,6 Hill Street,New Delhi,Delhi,India
ST002126,Prime Convenience Store #2126,144 Lake View Road,New Delhi,Delhi,India
ST002127,Corner Supermarket #2127,173 Main Road,New Delhi,Delhi,India
ST002128,Corner Hypermarket #2128,71 Ring Road,Mumbai,Maharashtra,India
ST002129,Quick Convenience Store #2129,93 Hill Street,Mumbai,Maharashtra,India
ST002130,Elite Supermarket #2130,58 Main Road,New Delhi,Delhi,India
ST002131,Elite Hypermarket #2131,137 Lake View Road,Mumbai,Maharashtra,India
ST002132,Fresh Hypermarket #2132,50 MG Road,Mumbai,Maharashtra,India
ST002133,Elite Supermarket #2133,7 Church Street,New Delhi,Delhi,India
ST002134,Daily Grocery Store #2134,51 Market Street,Bengaluru,Karnataka,India
ST002135,Prime Hypermarket #2135,161 Ring Road,Bengaluru,Karnataka,India
ST002136,Quick Supermarket #2136,7 Garden Lane,Mumbai,Maharashtra,India
ST002137,Royal Hypermarket #2137,64 Ring Road,Mumbai,Maharashtra,India
ST002138,Metro Grocery Store #2138,14 MG Road,Mumbai,Maharashtra,India
ST002139,Green Convenience Store #2139,19 Garden Lane,Bengaluru,Karnataka,India
ST002140,Quick Convenience Store #2140,161 Lake View Road,Bengaluru,Karnataka,India
ST002141,Daily Convenience Store #2141,16 Main Road,Bengaluru,Karnataka,India
ST002142,Value Grocery Store #2142,17 Market Street,New Delhi,Delhi,India
ST002143,Elite Supermarket #2143,15 Station Road,Mumbai,Maharashtra,India
ST002144,Star Convenience Store #2144,17 Ring Road,Mumbai,Maharashtra,India
ST002145,Family Supermarket #2145,76 Park Avenue,Bengaluru,Karnataka,India
ST002146,Daily Grocery Store #2146,193 Park Avenue,New Delhi,Delhi,India
ST002147,Royal Pharmacy #2147,169 Garden Lane,New Delhi,Delhi,India
ST002148,Quick Supermarket #2148,119 Park Avenue,Mumbai,Maharashtra,India
ST002149,Neighborhood Convenience Store #2149,87 Main Road,Bengaluru,Karnataka,India
ST002150,Family Grocery Store #2150,151 Church Street,Mumbai,Maharashtra,India
ST002151,Daily Supermarket #2151,153 Ring Road,Bengaluru,Karnataka,India
ST002152,Green Convenience Store #2152,147 Market Street,Bengaluru,Karnataka,India
ST002153,Prime Convenience Store #2153,108 Lake View Road,Mumbai,Maharashtra,India
ST002154,Quick Convenience Store #2154,63 Market Street,Bengaluru,Karnataka,India
ST002155,Fresh Supermarket #2155,80 Garden Lane,Bengaluru,Karnataka,India
ST002156,Family Grocery Store #2156,194 MG Road,New Delhi,Delhi,India
ST002157,Neighborhood Hypermarket #2157,199 Market Street,New Delhi,Delhi,India
ST002158,Quick Pharmacy #2158,155 MG Road,Mumbai,Maharashtra,India
ST002159,Value Hypermarket #2159,133 Garden Lane,Bengaluru,Karnataka,India
ST002160,Fresh Pharmacy #2160,130 Hill Street,Bengaluru,Karnataka,India
ST002161,Corner Supermarket #2161,51 Church Street,Mumbai,Maharashtra,India
ST002162,Green Pharmacy #2162,88 Church Street,Bengaluru,Karnataka,India
ST002163,Sunrise Grocery Store #2163,120 Garden Lane,New Delhi,Delhi,India
ST002164,Royal Hypermarket #2164,145 MG Road,New Delhi,Delhi,India
ST002165,Prime Convenience Store #2165,85 Market Street,Mumbai,Maharashtra,India
ST002166,Quick Supermarket #2166,127 Church Street,Bengaluru,Karnataka,India
ST002167,Star Supermarket #2167,178 Church Street,Bengaluru,Karnataka,India
ST002168,Neighborhood Grocery Store #2168,62 Lake View Road,Bengaluru,Karnataka,India
ST002169,Green Hypermarket #2169,97 Church Street,New Delhi,Delhi,India
ST002170,City Grocery Store #2170,93 Main Road,Bengaluru,Karnataka,India
ST002171,Value Supermarket #2171,143 Ring Road,Bengaluru,Karnataka,India
ST002172,Prime Pharmacy #2172,50 Garden Lane,Mumbai,Maharashtra,India
ST002173,Fresh Hypermarket #2173,51 Church Street,Bengaluru,Karnataka,India
ST002174,City Hypermarket #2174,68 Market Street,Bengaluru,Karnataka,India
ST002175,Royal Hypermarket #2175,63 Market Street,New Delhi,Delhi,India
ST002176,Fresh Pharmacy #2176,68 Ring Road,Bengaluru,Karnataka,India
ST002177,Royal Supermarket #2177,36 Park Avenue,New Delhi,Delhi,India
ST002178,Value Supermarket #2178,79 Lake View Road,Bengaluru,Karnataka,India
ST002179,Value Pharmacy #2179,170 Market Street,Mumbai,Maharashtra,India
ST002180,Green Convenience Store #2180,112 Ring Road,New Delhi,Delhi,India
ST002181,City Supermarket #2181,49 Church Street,Bengaluru,Karnataka,India
ST002182,Corner Convenience Store #2182,96 MG Road,New Delhi,Delhi,India
ST002183,Corner Convenience Store #2183,63 Main Road,New Delhi,Delhi,India
ST002184,Neighborhood Convenience Store #2184,138 Station Road,Bengaluru,Karnataka,India
ST002185,Value Pharmacy #2185,14 Station Road,Bengaluru,Karnataka,India
ST002186,Royal Pharmacy #2186,150 Lake View Road,New Delhi,Delhi,India
ST002187,Sunrise Pharmacy #2187,121 Garden Lane,Bengaluru,Karnataka,India
ST002188,City Supermarket #2188,100 Hill Street,New Delhi,Delhi,India
ST002189,Quick Hypermarket #2189,119 Market Street,New Delhi,Delhi,India
ST002190,Sunrise Hypermarket #2190,135 Lake View Road,Mumbai,Maharashtra,India
ST002191,Quick Grocery Store #2191,149 Park Avenue,Mumbai,Maharashtra,India
ST002192,Star Convenience Store #2192,54 Church Street,Bengaluru,Karnataka,India
ST002193,Quick Pharmacy #2193,102 Church Street,Bengaluru,Karnataka,India
ST002194,Corner Hypermarket #2194,147 Market Street,Mumbai,Maharashtra,India
ST002195,Prime Hypermarket #2195,22 Market Street,New Delhi,Delhi,India
ST002196,Prime Supermarket #2196,133 MG Road,Mumbai,Maharashtra,India
ST002197,Neighborhood Pharmacy #2197,120 Hill Street,Bengaluru,Karnataka,India
ST002198,Value Convenience Store #2198,116 Lake View Road,Mumbai,Maharashtra,India
ST002199,Corner Grocery Store #2199,128 MG Road,Mumbai,Maharashtra,India
ST002200,Corner Hypermarket #2200,46 Lake View Road,Bengaluru,Karnataka,India
ST002201,Prime Pharmacy #2201,20 MG Road,New Delhi,Delhi,India
ST002202,Prime Supermarket #2202,132 Hill Street,New Delhi,Delhi,India
ST002203,Green Supermarket #2203,59 Ring Road,Mumbai,Maharashtra,India
ST002204,Daily Supermarket #2204,10 Hill Street,Mumbai,Maharashtra,India
ST002205,Value Pharmacy #2205,173 MG Road,Bengaluru,Karnataka,India
ST002206,Prime Hypermarket #2206,197 Station Road,New Delhi,Delhi,India
ST002207,Sunrise Pharmacy #2207,36 Hill Street,New Delhi,Delhi,India
ST002208,Fresh Hypermarket #2208,73 MG Road,Mumbai,Maharashtra,India
ST002209,Corner Grocery Store #2209,194 Main Road,New Delhi,Delhi,India
ST002210,Star Grocery Store #2210,195 Market Street,New Delhi,Delhi,India
ST002211,Metro Grocery Store #2211,186 Church Street,Bengaluru,Karnataka,India
ST002212,Metro Grocery Store #2212,151 Hill Street,New Delhi,Delhi,India
ST002213,Sunrise Grocery Store #2213,88 Ring Road,Mumbai,Maharashtra,India
ST002214,Royal Hypermarket #2214,110 Park Avenue,Bengaluru,Karnataka,India
ST002215,Quick Pharmacy #2215,143 Main Road,Mumbai,Maharashtra,India
ST002216,City Hypermarket #2216,33 Station Road,New Delhi,Delhi,India
ST002217,Quick Supermarket #2217,91 MG Road,New Delhi,Delhi,India
ST002218,Corner Pharmacy #2218,176 Park Avenue,Mumbai,Maharashtra,India
ST002219,Prime Convenience Store #2219,151 Main Road,Mumbai,Maharashtra,India
ST002220,Green Convenience Store #2220,36 Market Street,Bengaluru,Karnataka,India
ST002221,Neighborhood Hypermarket #2221,155 Garden Lane,New Delhi,Delhi,India
ST002222,Royal Convenience Store #2222,98 Church Street,Mumbai,Maharashtra,India
ST002223,Daily Grocery Store #2223,99 Church Street,New Delhi,Delhi,India
ST002224,Daily Grocery Store #2224,146 Lake View Road,Mumbai,Maharashtra,India
ST002225,Daily Hypermarket #2225,27 Hill Street,Bengaluru,Karnataka,India
ST002226,Fresh Pharmacy #2226,155 Lake View Road,New Delhi,Delhi,India
ST002227,City Supermarket #2227,18 Park Avenue,Bengaluru,Karnataka,India
ST002228,Metro Hypermarket #2228,75 Hill Street,Bengaluru,Karnataka,India
ST002229,Quick Supermarket #2229,95 Hill Street,Bengaluru,Karnataka,India
ST002230,City Supermarket #2230,106 Park Avenue,Mumbai,Maharashtra,India
ST002231,Daily Pharmacy #2231,138 Park Avenue,Bengaluru,Karnataka,India
ST002232,Sunrise Grocery Store #2232,100 Church Street,Bengaluru,Karnataka,India
ST002233,Royal Pharmacy #2233,80 Park Avenue,Bengaluru,Karnataka,India
ST002234,City Grocery Store #2234,148 Station Road,New Delhi,Delhi,India
ST002235,Metro Convenience Store #2235,184 Lake View Road,New Delhi,Delhi,India
ST002236,Metro Hypermarket #2236,37 Lake View Road,Bengaluru,Karnataka,India
ST002237,Royal Supermarket #2237,155 Church Street,Mumbai,Maharashtra,India
ST002238,Value Convenience Store #2238,126 Lake View Road,New Delhi,Delhi,India
ST002239,Neighborhood Grocery Store #2239,189 Ring Road,Bengaluru,Karnataka,India
ST002240,Star Hypermarket #2240,89 Station Road,Mumbai,Maharashtra,India
ST002241,Neighborhood Grocery Store #2241,107 Church Street,Bengaluru,Karnataka,India
ST002242,Elite Pharmacy #2242,188 Park Avenue,New Delhi,Delhi,India
ST002243,Corner Grocery Store #2243,47 Garden Lane,New Delhi,Delhi,India
ST002244,Corner Supermarket #2244,12 Church Street,New Delhi,Delhi,India
ST002245,Prime Pharmacy #2245,138 Station Road,New Delhi,Delhi,India
ST002246,Sunrise Supermarket #2246,185 Church Street,New Delhi,Delhi,India
ST002247,Corner Grocery Store #2247,32 MG Road,New Delhi,Delhi,India
ST002248,Green Supermarket #2248,130 MG Road,Bengaluru,Karnataka,India
ST002249,Quick Grocery Store #2249,65 Church Street,Bengaluru,Karnataka,India
ST002250,Fresh Convenience Store #2250,7 Ring Road,Mumbai,Maharashtra,India
ST002251,Corner Grocery Store #2251,191 Park Avenue,Mumbai,Maharashtra,India
ST002252,Corner Pharmacy #2252,3 Station Road,Bengaluru,Karnataka,India
ST002253,Sunrise Supermarket #2253,84 Lake View Road,Bengaluru,Karnataka,India
ST002254,Quick Grocery Store #2254,22 Hill Street,Bengaluru,Karnataka,India
ST002255,Sunrise Pharmacy #2255,36 Lake View Road,Mumbai,Maharashtra,India
ST002256,Royal Hypermarket #2256,44 Main Road,Bengaluru,Karnataka,India
ST002257,Daily Convenience Store #2257,76 Ring Road,Bengaluru,Karnataka,India
ST002258,Sunrise Convenience Store #2258,44 Ring Road,Mumbai,Maharashtra,India
ST002259,Star Supermarket #2259,40 Lake View Road,Mumbai,Maharashtra,India
ST002260,City Hypermarket #2260,183 Main Road,Bengaluru,Karnataka,India
ST002261,Metro Convenience Store #2261,179 Main Road,Mumbai,Maharashtra,India
ST002262,Star Convenience Store #2262,184 Ring Road,New Delhi,Delhi,India
ST002263,Sunrise Grocery Store #2263,114 Main Road,Mumbai,Maharashtra,India
ST002264,Fresh Convenience Store #2264,198 Park Avenue,Bengaluru,Karnataka,India
ST002265,Elite Pharmacy #2265,96 Church Street,Bengaluru,Karnataka,India
ST002266,Daily Pharmacy #2266,108 Main Road,Bengaluru,Karnataka,India
ST002267,Value Supermarket #2267,175 Ring Road,Bengaluru,Karnataka,India
ST002268,Elite Pharmacy #2268,171 Market Street,Bengaluru,Karnataka,India
ST002269,Fresh Pharmacy #2269,132 Ring Road,Mumbai,Maharashtra,India
ST002270,Value Hypermarket #2270,161 Church Street,New Delhi,Delhi,India
ST002271,Metro Convenience Store #2271,102 Park Avenue,New Delhi,Delhi,India
ST002272,Metro Supermarket #2272,28 MG Road,Bengaluru,Karnataka,India
ST002273,City Hypermarket #2273,103 MG Road,Bengaluru,Karnataka,India
ST002274,Corner Supermarket #2274,118 Church Street,Bengaluru,Karnataka,India
ST002275,Star Supermarket #2275,167 Garden Lane,Mumbai,Maharashtra,India
ST002276,Fresh Hypermarket #2276,56 Park Avenue,Bengaluru,Karnataka,India
ST002277,Green Hypermarket #2277,128 Ring Road,New Delhi,Delhi,India
ST002278,Green Convenience Store #2278,44 Station Road,New Delhi,Delhi,India
ST002279,Neighborhood Supermarket #2279,162 Park Avenue,Mumbai,Maharashtra,India
ST002280,Value Pharmacy #2280,163 MG Road,Bengaluru,Karnataka,India
ST002281,Daily Grocery Store #2281,5 Garden Lane,Mumbai,Maharashtra,India
ST002282,Quick Convenience Store #2282,131 Church Street,Mumbai,Maharashtra,India
ST002283,Neighborhood Convenience Store #2283,4 Church Street,New Delhi,Delhi,India
ST002284,Neighborhood Supermarket #2284,80 Church Street,Bengaluru,Karnataka,India
ST002285,Green Grocery Store #2285,159 Ring Road,Bengaluru,Karnataka,India
ST002286,City Supermarket #2286,128 Station Road,Mumbai,Maharashtra,India
ST002287,City Pharmacy #2287,53 Main Road,Mumbai,Maharashtra,India
ST002288,Elite Pharmacy #2288,154 Lake View Road,New Delhi,Delhi,India
ST002289,City Hypermarket #2289,82 Main Road,Mumbai,Maharashtra,India
ST002290,Green Convenience Store #2290,166 Station Road,Mumbai,Maharashtra,India
ST002291,Metro Supermarket #2291,85 MG Road,New Delhi,Delhi,India
ST002292,Metro Pharmacy #2292,14 Church Street,New Delhi,Delhi,India
ST002293,Neighborhood Pharmacy #2293,134 MG Road,Mumbai,Maharashtra,India
ST002294,Quick Pharmacy #2294,2 Ring Road,New Delhi,Delhi,India
ST002295,Daily Grocery Store #2295,14 Market Street,Bengaluru,Karnataka,India
ST002296,City Pharmacy #2296,45 Garden Lane,Bengaluru,Karnataka,India
ST002297,Royal Convenience Store #2297,61 Hill Street,Bengaluru,Karnataka,India
ST002298,Corner Supermarket #2298,120 Station Road,New Delhi,Delhi,India
ST002299,Sunrise Pharmacy #2299,63 Park Avenue,Bengaluru,Karnataka,India
ST002300,Neighborhood Pharmacy #2300,78 Station Road,Bengaluru,Karnataka,India
ST002301,Quick Convenience Store #2301,52 Station Road,New Delhi,Delhi,India
ST002302,Daily Grocery Store #2302,102 Park Avenue,Mumbai,Maharashtra,India
ST002303,Quick Pharmacy #2303,109 Hill Street,Mumbai,Maharashtra,India
ST002304,Sunrise Convenience Store #2304,195 Market Street,Mumbai,Maharashtra,India
ST002305,Fresh Grocery Store #2305,110 Ring Road,Mumbai,Maharashtra,India
ST002306,Neighborhood Hypermarket #2306,40 Hill Street,New Delhi,Delhi,India
ST002307,Prime Pharmacy #2307,119 Station Road,Mumbai,Maharashtra,India
ST002308,Prime Grocery Store #2308,144 Garden Lane,Mumbai,Maharashtra,India
ST002309,Daily Grocery Store #2309,35 Lake View Road,Mumbai,Maharashtra,India
ST002310,City Pharmacy #2310,2 Main Road,Bengaluru,Karnataka,India
ST002311,Sunrise Convenience Store #2311,96 Lake View Road,New Delhi,Delhi,India
ST002312,Elite Grocery Store #2312,102 MG Road,Mumbai,Maharashtra,India
ST002313,Quick Grocery Store #2313,165 Garden Lane,Mumbai,Maharashtra,India
ST002314,Corner Supermarket #2314,32 Park Avenue,Bengaluru,Karnataka,India
ST002315,City Convenience Store #2315,196 Park Avenue,Bengaluru,Karnataka,India
ST002316,Green Hypermarket #2316,90 Hill Street,New Delhi,Delhi,India
ST002317,Star Grocery Store #2317,95 Main Road,New Delhi,Delhi,India
ST002318,Elite Grocery Store #2318,189 Church Street,Mumbai,Maharashtra,India
ST002319,Quick Pharmacy #2319,93 Main Road,Bengaluru,Karnataka,India
ST002320,Prime Pharmacy #2320,117 Market Street,New Delhi,Delhi,India
ST002321,Metro Hypermarket #2321,149 Market Street,New Delhi,Delhi,India
ST002322,Daily Supermarket #2322,165 Park Avenue,Bengaluru,Karnataka,India
ST002323,Sunrise Grocery Store #2323,21 Hill Street,New Delhi,Delhi,India
ST002324,Elite Pharmacy #2324,43 Park Avenue,Mumbai,Maharashtra,India
ST002325,Sunrise Hypermarket #2325,129 Hill Street,Mumbai,Maharashtra,India
ST002326,Neighborhood Grocery Store #2326,188 Park Avenue,Mumbai,Maharashtra,India
ST002327,Daily Supermarket #2327,147 MG Road,New Delhi,Delhi,India
ST002328,Prime Pharmacy #2328,54 Park Avenue,New Delhi,Delhi,India
ST002329,Fresh Hypermarket #2329,126 Main Road,Bengaluru,Karnataka,India
ST002330,Daily Supermarket #2330,107 Hill Street,New Delhi,Delhi,India
ST002331,Star Grocery Store #2331,188 Park Avenue,Mumbai,Maharashtra,India
ST002332,City Pharmacy #2332,48 Market Street,Mumbai,Maharashtra,India
ST002333,Quick Pharmacy #2333,129 Ring Road,Bengaluru,Karnataka,India
ST002334,Neighborhood Grocery Store #2334,48 Church Street,Bengaluru,Karnataka,India
ST002335,Sunrise Supermarket #2335,195 Church Street,Bengaluru,Karnataka,India
ST002336,Elite Hypermarket #2336,113 Garden Lane,Mumbai,Maharashtra,India
ST002337,Royal Supermarket #2337,43 Ring Road,New Delhi,Delhi,India
ST002338,Daily Hypermarket #2338,32 Station Road,Mumbai,Maharashtra,India
ST002339,Value Supermarket #2339,150 Church Street,Bengaluru,Karnataka,India
ST002340,Quick Grocery Store #2340,195 Ring Road,New Delhi,Delhi,India
ST002341,Fresh Supermarket #2341,193 Main Road,Mumbai,Maharashtra,India
ST002342,Green Convenience Store #2342,25 Church Street,Bengaluru,Karnataka,India
ST002343,Green Convenience Store #2343,97 Garden Lane,Bengaluru,Karnataka,India
ST002344,Green Convenience Store #2344,125 Lake View Road,Mumbai,Maharashtra,India
ST002345,Neighborhood Hypermarket #2345,87 MG Road,Mumbai,Maharashtra,India
ST002346,Value Hypermarket #2346,93 Park Avenue,Bengaluru,Karnataka,India
ST002347,Neighborhood Grocery Store #2347,92 MG Road,Bengaluru,Karnataka,India
ST002348,Fresh Supermarket #2348,179 Park Avenue,Mumbai,Maharashtra,India
ST002349,Fresh Pharmacy #2349,32 Hill Street,New Delhi,Delhi,India
ST002350,Sunrise Hypermarket #2350,95 Lake View Road,Bengaluru,Karnataka,India
ST002351,Star Convenience Store #2351,122 Hill Street,New Delhi,Delhi,India
ST002352,Star Grocery Store #2352,1 MG Road,Bengaluru,Karnataka,India
ST002353,Star Supermarket #2353,12 MG Road,Mumbai,Maharashtra,India
ST002354,Metro Grocery Store #2354,125 Park Avenue,New Delhi,Delhi,India
ST002355,Green Convenience Store #2355,90 Park Avenue,Bengaluru,Karnataka,India
ST002356,Star Grocery Store #2356,26 Park Avenue,New Delhi,Delhi,India
ST002357,Neighborhood Hypermarket #2357,183 Market Street,Bengaluru,Karnataka,India
ST002358,Elite Convenience Store #2358,184 Hill Street,New Delhi,Delhi,India
ST002359,City Supermarket #2359,23 Station Road,Mumbai,Maharashtra,India
ST002360,Royal Convenience Store #2360,44 Lake View Road,Mumbai,Maharashtra,India
ST002361,Quick Supermarket #2361,139 Church Street,New Delhi,Delhi,India
ST002362,Metro Pharmacy #2362,193 Ring Road,Bengaluru,Karnataka,India
ST002363,Corner Supermarket #2363,8 Market Street,New Delhi,Delhi,India
ST002364,Elite Hypermarket #2364,197 Station Road,Mumbai,Maharashtra,India
ST002365,Sunrise Pharmacy #2365,171 Lake View Road,Mumbai,Maharashtra,India
ST002366,Star Supermarket #2366,137 Lake View Road,Bengaluru,Karnataka,India
ST002367,Green Supermarket #2367,86 Church Street,New Delhi,Delhi,India
ST002368,Green Convenience Store #2368,17 MG Road,New Delhi,Delhi,India
ST002369,Elite Grocery Store #2369,191 Park Avenue,New Delhi,Delhi,India
ST002370,Royal Convenience Store #2370,60 Church Street,Mumbai,Maharashtra,India
ST002371,Daily Hypermarket #2371,23 Ring Road,Mumbai,Maharashtra,India
ST002372,Value Supermarket #2372,152 Church Street,New Delhi,Delhi,India
ST002373,Neighborhood Supermarket #2373,33 MG Road,Mumbai,Maharashtra,India
ST002374,Neighborhood Grocery Store #2374,1 Station Road,New Delhi,Delhi,India
ST002375,Neighborhood Supermarket #2375,49 Park Avenue,New Delhi,Delhi,India
ST002376,Value Grocery Store #2376,174 Market Street,Mumbai,Maharashtra,India
ST002377,Star Convenience Store #2377,152 Church Street,New Delhi,Delhi,India
ST002378,Corner Supermarket #2378,138 Lake View Road,Bengaluru,Karnataka,India
ST002379,City Hypermarket #2379,57 Lake View Road,Mumbai,Maharashtra,India
ST002380,City Grocery Store #2380,73 Market Street,New Delhi,Delhi,India
ST002381,Neighborhood Supermarket #2381,80 Hill Street,Mumbai,Maharashtra,India
ST002382,Prime Supermarket #2382,147 Lake View Road,New Delhi,Delhi,India
ST002383,Quick Pharmacy #2383,181 Park Avenue,Mumbai,Maharashtra,India
ST002384,Green Supermarket #2384,40 Church Street,Mumbai,Maharashtra,India
ST002385,Sunrise Pharmacy #2385,14 Market Street,New Delhi,Delhi,India
ST002386,Sunrise Grocery Store #2386,77 Market Street,Mumbai,Maharashtra,India
ST002387,Family Supermarket #2387,87 Park Avenue,Mumbai,Maharashtra,India
ST002388,Value Grocery Store #2388,101 Ring Road,Mumbai,Maharashtra,India
ST002389,Sunrise Convenience Store #2389,73 Church Street,Mumbai,Maharashtra,India
ST002390,Corner Convenience Store #2390,34 MG Road,Bengaluru,Karnataka,India
ST002391,Royal Convenience Store #2391,182 Station Road,Bengaluru,Karnataka,India
ST002392,Star Grocery Store #2392,148 Market Street,Bengaluru,Karnataka,India
ST002393,Sunrise Grocery Store #2393,75 Market Street,Mumbai,Maharashtra,India
ST002394,Metro Pharmacy #2394,51 Main Road,New Delhi,Delhi,India
ST002395,Sunrise Hypermarket #2395,27 Market Street,New Delhi,Delhi,India
ST002396,Corner Grocery Store #2396,44 Main Road,New Delhi,Delhi,India
ST002397,Value Supermarket #2397,46 Main Road,Mumbai,Maharashtra,India
ST002398,Family Supermarket #2398,87 Garden Lane,New Delhi,Delhi,India
ST002399,City Grocery Store #2399,185 Park Avenue,New Delhi,Delhi,India
ST002400,Fresh Pharmacy #2400,62 Park Avenue,Bengaluru,Karnataka,India
ST002401,Prime Grocery Store #2401,153 Market Street,New Delhi,Delhi,India
ST002402,Green Grocery Store #2402,172 Ring Road,New Delhi,Delhi,India
ST002403,Royal Grocery Store #2403,98 Station Road,New Delhi,Delhi,India
ST002404,Value Grocery Store #2404,31 Ring Road,Bengaluru,Karnataka,India
ST002405,Daily Supermarket #2405,165 Hill Street,Mumbai,Maharashtra,India
ST002406,Fresh Pharmacy #2406,147 Garden Lane,New Delhi,Delhi,India
ST002407,Prime Grocery Store #2407,191 Ring Road,New Delhi,Delhi,India
ST002408,City Convenience Store #2408,124 Park Avenue,Mumbai,Maharashtra,India
ST002409,Neighborhood Hypermarket #2409,26 MG Road,Bengaluru,Karnataka,India
ST002410,Sunrise Supermarket #2410,48 Park Avenue,New Delhi,Delhi,India
ST002411,Corner Supermarket #2411,138 Hill Street,New Delhi,Delhi,India
ST002412,Daily Grocery Store #2412,150 Hill Street,New Delhi,Delhi,India
ST002413,Green Supermarket #2413,169 Ring Road,Bengaluru,Karnataka,India
ST002414,Royal Pharmacy #2414,178 Market Street,New Delhi,Delhi,India
ST002415,Family Supermarket #2415,81 Ring Road,Mumbai,Maharashtra,India
ST002416,City Supermarket #2416,53 Market Street,New Delhi,Delhi,India
ST002417,Family Supermarket #2417,193 Main Road,Mumbai,Maharashtra,India
ST002418,Daily Supermarket #2418,77 MG Road,New Delhi,Delhi,India
ST002419,City Convenience Store #2419,169 Main Road,Mumbai,Maharashtra,India
ST002420,Prime Pharmacy #2420,133 Station Road,Bengaluru,Karnataka,India
ST002421,Quick Convenience Store #2421,148 Lake View Road,Bengaluru,Karnataka,India
ST002422,Family Hypermarket #2422,156 Hill Street,Mumbai,Maharashtra,India
ST002423,Metro Convenience Store #2423,26 Main Road,New Delhi,Delhi,India
ST002424,Fresh Pharmacy #2424,37 Station Road,Bengaluru,Karnataka,India
ST002425,City Pharmacy #2425,142 Church Street,New Delhi,Delhi,India
ST002426,Value Convenience Store #2426,33 Garden Lane,Mumbai,Maharashtra,India
ST002427,Daily Grocery Store #2427,66 Station Road,New Delhi,Delhi,India
ST002428,Star Grocery Store #2428,103 Lake View Road,Bengaluru,Karnataka,India
ST002429,Prime Supermarket #2429,109 Market Street,New Delhi,Delhi,India
ST002430,Metro Convenience Store #2430,162 Station Road,Bengaluru,Karnataka,India
ST002431,Sunrise Pharmacy #2431,145 Hill Street,Mumbai,Maharashtra,India
ST002432,City Convenience Store #2432,40 MG Road,Mumbai,Maharashtra,India
ST002433,Corner Grocery Store #2433,155 Church Street,Bengaluru,Karnataka,India
ST002434,Prime Supermarket #2434,137 Ring Road,Bengaluru,Karnataka,India
ST002435,Corner Convenience Store #2435,85 Ring Road,Bengaluru,Karnataka,India
ST002436,Elite Hypermarket #2436,200 Station Road,Mumbai,Maharashtra,India
ST002437,Royal Pharmacy #2437,71 Main Road,Bengaluru,Karnataka,India
ST002438,Corner Supermarket #2438,97 Ring Road,Bengaluru,Karnataka,India
ST002439,City Supermarket #2439,187 Station Road,New Delhi,Delhi,India
ST002440,Royal Convenience Store #2440,25 Hill Street,Mumbai,Maharashtra,India
ST002441,Sunrise Hypermarket #2441,73 Hill Street,New Delhi,Delhi,India
ST002442,Neighborhood Hypermarket #2442,13 Market Street,Bengaluru,Karnataka,India
ST002443,Green Hypermarket #2443,47 MG Road,Mumbai,Maharashtra,India
ST002444,Family Convenience Store #2444,104 Lake View Road,New Delhi,Delhi,India
ST002445,City Convenience Store #2445,3 Hill Street,Mumbai,Maharashtra,India
ST002446,Star Pharmacy #2446,37 Park Avenue,Bengaluru,Karnataka,India
ST002447,Sunrise Convenience Store #2447,14 MG Road,Mumbai,Maharashtra,India
ST002448,Star Pharmacy #2448,108 Lake View Road,New Delhi,Delhi,India
ST002449,Quick Pharmacy #2449,120 Hill Street,Mumbai,Maharashtra,India
ST002450,Prime Hypermarket #2450,134 Church Street,Mumbai,Maharashtra,India
ST002451,Star Hypermarket #2451,79 Park Avenue,Bengaluru,Karnataka,India
ST002452,Royal Hypermarket #2452,163 Ring Road,Bengaluru,Karnataka,India
ST002453,Sunrise Supermarket #2453,24 Market Street,Bengaluru,Karnataka,India
ST002454,Fresh Convenience Store #2454,191 Station Road,Bengaluru,Karnataka,India
ST002455,Elite Convenience Store #2455,3 Park Avenue,Mumbai,Maharashtra,India
ST002456,Elite Convenience Store #2456,35 Lake View Road,New Delhi,Delhi,India
ST002457,Family Grocery Store #2457,174 Hill Street,New Delhi,Delhi,India
ST002458,Corner Supermarket #2458,158 Church Street,Bengaluru,Karnataka,India
ST002459,Sunrise Supermarket #2459,180 Hill Street,Mumbai,Maharashtra,India
ST002460,Metro Hypermarket #2460,170 Hill Street,New Delhi,Delhi,India
ST002461,Fresh Convenience Store #2461,115 Market Street,New Delhi,Delhi,India
ST002462,Elite Convenience Store #2462,45 Ring Road,Bengaluru,Karnataka,India
ST002463,Royal Hypermarket #2463,132 MG Road,Bengaluru,Karnataka,India
ST002464,Corner Supermarket #2464,98 Market Street,Mumbai,Maharashtra,India
ST002465,Daily Hypermarket #2465,174 Church Street,Mumbai,Maharashtra,India
ST002466,Royal Convenience Store #2466,75 Station Road,Bengaluru,Karnataka,India
ST002467,Prime Grocery Store #2467,55 Main Road,Mumbai,Maharashtra,India
ST002468,Corner Convenience Store #2468,79 Hill Street,Bengaluru,Karnataka,India
ST002469,Elite Supermarket #2469,159 Lake View Road,Mumbai,Maharashtra,India
ST002470,Value Supermarket #2470,158 Lake View Road,Bengaluru,Karnataka,India
ST002471,Prime Hypermarket #2471,28 Main Road,Mumbai,Maharashtra,India
ST002472,Elite Hypermarket #2472,48 Park Avenue,New Delhi,Delhi,India
ST002473,Fresh Hypermarket #2473,111 Lake View Road,Bengaluru,Karnataka,India
ST002474,Daily Pharmacy #2474,132 Market Street,New Delhi,Delhi,India
ST002475,Daily Grocery Store #2475,2 Market Street,Mumbai,Maharashtra,India
ST002476,Metro Hypermarket #2476,102 MG Road,Mumbai,Maharashtra,India
ST002477,Value Hypermarket #2477,47 Hill Street,Mumbai,Maharashtra,India
ST002478,Daily Hypermarket #2478,169 Lake View Road,Mumbai,Maharashtra,India
ST002479,City Pharmacy #2479,192 Park Avenue,Mumbai,Maharashtra,India
ST002480,Value Supermarket #2480,51 Ring Road,New Delhi,Delhi,India
ST002481,Prime Pharmacy #2481,35 Park Avenue,Bengaluru,Karnataka,India
ST002482,Sunrise Grocery Store #2482,9 Market Street,Mumbai,Maharashtra,India
ST002483,Quick Pharmacy #2483,69 Ring Road,New Delhi,Delhi,India
ST002484,Quick Grocery Store #2484,127 Market Street,New Delhi,Delhi,India
ST002485,Green Hypermarket #2485,129 Park Avenue,Mumbai,Maharashtra,India
ST002486,Daily Pharmacy #2486,6 Market Street,Bengaluru,Karnataka,India
ST002487,Value Pharmacy #2487,4 Church Street,New Delhi,Delhi,India
ST002488,Star Supermarket #2488,110 Garden Lane,Mumbai,Maharashtra,India
ST002489,Corner Supermarket #2489,75 Station Road,Mumbai,Maharashtra,India
ST002490,Daily Grocery Store #2490,64 Garden Lane,Mumbai,Maharashtra,India
ST002491,Sunrise Pharmacy #2491,48 Church Street,New Delhi,Delhi,India
ST002492,Green Hypermarket #2492,68 Church Street,Bengaluru,Karnataka,India
ST002493,Metro Grocery Store #2493,181 Ring Road,Mumbai,Maharashtra,India
ST002494,Neighborhood Convenience Store #2494,49 Garden Lane,Bengaluru,Karnataka,India
ST002495,Metro Pharmacy #2495,34 Park Avenue,Bengaluru,Karnataka,India
ST002496,Prime Supermarket #2496,38 Park Avenue,Bengaluru,Karnataka,India
ST002497,Neighborhood Supermarket #2497,24 Main Road,Bengaluru,Karnataka,India
ST002498,Corner Grocery Store #2498,79 Church Street,New Delhi,Delhi,India
ST002499,Value Pharmacy #2499,123 Main Road,Mumbai,Maharashtra,India
ST002500,Corner Convenience Store #2500,14 Station Road,New Delhi,Delhi,India
ST002501,Prime Supermarket #2501,72 MG Road,Mumbai,Maharashtra,India
ST002502,Metro Grocery Store #2502,13 Market Street,Mumbai,Maharashtra,India
ST002503,Fresh Supermarket #2503,170 MG Road,Bengaluru,Karnataka,India
ST002504,Prime Pharmacy #2504,72 Garden Lane,Mumbai,Maharashtra,India
ST002505,Corner Supermarket #2505,65 Lake View Road,Bengaluru,Karnataka,India
ST002506,Value Hypermarket #2506,29 Ring Road,Mumbai,Maharashtra,India
ST002507,Star Supermarket #2507,198 Market Street,New Delhi,Delhi,India
ST002508,Value Hypermarket #2508,93 Garden Lane,New Delhi,Delhi,India
ST002509,Neighborhood Convenience Store #2509,61 Station Road,Mumbai,Maharashtra,India
ST002510,Neighborhood Pharmacy #2510,23 Ring Road,Mumbai,Maharashtra,India
ST002511,Star Pharmacy #2511,155 Ring Road,New Delhi,Delhi,India
ST002512,Neighborhood Supermarket #2512,49 Church Street,New Delhi,Delhi,India
ST002513,Elite Grocery Store #2513,20 Hill Street,Bengaluru,Karnataka,India
ST002514,Value Convenience Store #2514,186 Lake View Road,Mumbai,Maharashtra,India
ST002515,Family Pharmacy #2515,40 Main Road,New Delhi,Delhi,India
ST002516,Metro Pharmacy #2516,141 Station Road,Mumbai,Maharashtra,India
ST002517,Value Convenience Store #2517,115 Ring Road,Mumbai,Maharashtra,India
ST002518,Daily Grocery Store #2518,108 Hill Street,Mumbai,Maharashtra,India
ST002519,Green Convenience Store #2519,43 Garden Lane,Bengaluru,Karnataka,India
ST002520,Sunrise Hypermarket #2520,75 Main Road,Bengaluru,Karnataka,India
ST002521,Fresh Convenience Store #2521,49 Park Avenue,New Delhi,Delhi,India
ST002522,Star Grocery Store #2522,132 Ring Road,New Delhi,Delhi,India
ST002523,Quick Pharmacy #2523,99 Hill Street,New Delhi,Delhi,India
ST002524,Corner Grocery Store #2524,70 Church Street,New Delhi,Delhi,India
ST002525,Fresh Pharmacy #2525,147 Church Street,Bengaluru,Karnataka,India
ST002526,Sunrise Convenience Store #2526,132 Lake View Road,Bengaluru,Karnataka,India
ST002527,Sunrise Convenience Store #2527,135 Station Road,New Delhi,Delhi,India
ST002528,Royal Hypermarket #2528,76 Station Road,Bengaluru,Karnataka,India
ST002529,Daily Convenience Store #2529,58 Main Road,Bengaluru,Karnataka,India
ST002530,Metro Convenience Store #2530,11 Market Street,Mumbai,Maharashtra,India
ST002531,Elite Hypermarket #2531,70 Main Road,Bengaluru,Karnataka,India
ST002532,Royal Pharmacy #2532,137 Ring Road,Bengaluru,Karnataka,India
ST002533,Star Supermarket #2533,162 Garden Lane,Mumbai,Maharashtra,India
ST002534,Value Hypermarket #2534,181 Hill Street,Bengaluru,Karnataka,India
ST002535,Sunrise Hypermarket #2535,105 Garden Lane,Bengaluru,Karnataka,India
ST002536,Value Hypermarket #2536,161 Main Road,Bengaluru,Karnataka,India
ST002537,Metro Hypermarket #2537,72 Market Street,New Delhi,Delhi,India
ST002538,Fresh Hypermarket #2538,169 Garden Lane,New Delhi,Delhi,India
ST002539,Sunrise Supermarket #2539,177 Park Avenue,New Delhi,Delhi,India
ST002540,Royal Hypermarket #2540,163 Garden Lane,New Delhi,Delhi,India
ST002541,Metro Convenience Store #2541,57 MG Road,Mumbai,Maharashtra,India
ST002542,Metro Hypermarket #2542,162 Park Avenue,New Delhi,Delhi,India
ST002543,Quick Pharmacy #2543,187 Park Avenue,Bengaluru,Karnataka,India
ST002544,City Hypermarket #2544,24 Lake View Road,Mumbai,Maharashtra,India
ST002545,Quick Pharmacy #2545,46 Church Street,Bengaluru,Karnataka,India
ST002546,Quick Convenience Store #2546,47 Station Road,New Delhi,Delhi,India
ST002547,Prime Supermarket #2547,46 Park Avenue,Bengaluru,Karnataka,India
ST002548,Metro Convenience Store #2548,37 Ring Road,Bengaluru,Karnataka,India
ST002549,Metro Grocery Store #2549,166 Park Avenue,Mumbai,Maharashtra,India
ST002550,Sunrise Supermarket #2550,36 Main Road,New Delhi,Delhi,India
ST002551,Daily Convenience Store #2551,99 Main Road,Mumbai,Maharashtra,India
ST002552,Royal Supermarket #2552,196 Main Road,Bengaluru,Karnataka,India
ST002553,Metro Pharmacy #2553,69 Market Street,Bengaluru,Karnataka,India
ST002554,Fresh Convenience Store #2554,28 Hill Street,Bengaluru,Karnataka,India
ST002555,Royal Hypermarket #2555,22 Church Street,New Delhi,Delhi,India
ST002556,Quick Pharmacy #2556,114 Market Street,New Delhi,Delhi,India
ST002557,Value Hypermarket #2557,40 Church Street,Mumbai,Maharashtra,India
ST002558,Family Supermarket #2558,69 Hill Street,New Delhi,Delhi,India
ST002559,Fresh Supermarket #2559,27 Hill Street,Bengaluru,Karnataka,India
ST002560,Daily Hypermarket #2560,107 Market Street,New Delhi,Delhi,India
ST002561,Elite Supermarket #2561,7 Church Street,Bengaluru,Karnataka,India
ST002562,Corner Grocery Store #2562,91 Station Road,Bengaluru,Karnataka,India
ST002563,Elite Pharmacy #2563,99 Ring Road,New Delhi,Delhi,India
ST002564,City Grocery Store #2564,58 Ring Road,Bengaluru,Karnataka,India
ST002565,Value Hypermarket #2565,158 MG Road,Bengaluru,Karnataka,India
ST002566,Value Supermarket #2566,12 Garden Lane,Bengaluru,Karnataka,India
ST002567,City Pharmacy #2567,136 MG Road,Mumbai,Maharashtra,India
ST002568,City Convenience Store #2568,109 Market Street,New Delhi,Delhi,India
ST002569,Neighborhood Hypermarket #2569,90 Ring Road,Mumbai,Maharashtra,India
ST002570,Elite Hypermarket #2570,170 MG Road,Mumbai,Maharashtra,India
ST002571,Green Hypermarket #2571,20 Main Road,New Delhi,Delhi,India
ST002572,Green Pharmacy #2572,38 MG Road,New Delhi,Delhi,India
ST002573,Corner Pharmacy #2573,185 Lake View Road,Mumbai,Maharashtra,India
ST002574,Daily Supermarket #2574,110 Station Road,New Delhi,Delhi,India
ST002575,Daily Pharmacy #2575,33 Market Street,Mumbai,Maharashtra,India
ST002576,Value Grocery Store #2576,127 Park Avenue,Mumbai,Maharashtra,India
ST002577,Sunrise Grocery Store #2577,155 MG Road,Mumbai,Maharashtra,India
ST002578,Green Pharmacy #2578,63 Park Avenue,New Delhi,Delhi,India
ST002579,Family Grocery Store #2579,138 Hill Street,Mumbai,Maharashtra,India
ST002580,Family Grocery Store #2580,59 Park Avenue,New Delhi,Delhi,India
ST002581,Neighborhood Supermarket #2581,108 Hill Street,New Delhi,Delhi,India
ST002582,Green Convenience Store #2582,192 Church Street,New Delhi,Delhi,India
ST002583,Metro Supermarket #2583,1 Church Street,Mumbai,Maharashtra,India
ST002584,Value Supermarket #2584,122 Market Street,New Delhi,Delhi,India
ST002585,Fresh Supermarket #2585,93 Market Street,Mumbai,Maharashtra,India
ST002586,Quick Hypermarket #2586,142 Park Avenue,Bengaluru,Karnataka,India
ST002587,Metro Pharmacy #2587,15 Market Street,Bengaluru,Karnataka,India
ST002588,Sunrise Supermarket #2588,37 Park Avenue,New Delhi,Delhi,India
ST002589,Sunrise Supermarket #2589,96 Main Road,Mumbai,Maharashtra,India
ST002590,Star Supermarket #2590,19 Lake View Road,New Delhi,Delhi,India
ST002591,Royal Convenience Store #2591,8 Market Street,Bengaluru,Karnataka,India
ST002592,City Hypermarket #2592,63 Ring Road,Bengaluru,Karnataka,India
ST002593,Neighborhood Supermarket #2593,39 Market Street,Mumbai,Maharashtra,India
ST002594,Sunrise Grocery Store #2594,192 Hill Street,Bengaluru,Karnataka,India
ST002595,Quick Hypermarket #2595,185 MG Road,Mumbai,Maharashtra,India
ST002596,Green Grocery Store #2596,178 Main Road,New Delhi,Delhi,India
ST002597,Daily Hypermarket #2597,16 Main Road,Bengaluru,Karnataka,India
ST002598,Green Convenience Store #2598,129 Market Street,Bengaluru,Karnataka,India
ST002599,Corner Supermarket #2599,175 Lake View Road,Mumbai,Maharashtra,India
ST002600,Sunrise Convenience Store #2600,147 Hill Street,Mumbai,Maharashtra,India
ST002601,Sunrise Hypermarket #2601,109 Market Street,Bengaluru,Karnataka,India
ST002602,Daily Hypermarket #2602,97 Market Street,New Delhi,Delhi,India
ST002603,Corner Pharmacy #2603,15 Church Street,New Delhi,Delhi,India
ST002604,City Grocery Store #2604,144 Garden Lane,New Delhi,Delhi,India
ST002605,Royal Supermarket #2605,120 Lake View Road,New Delhi,Delhi,India
ST002606,Star Hypermarket #2606,104 Park Avenue,New Delhi,Delhi,India
ST002607,Fresh Pharmacy #2607,166 Park Avenue,Mumbai,Maharashtra,India
ST002608,Prime Pharmacy #2608,27 Ring Road,Bengaluru,Karnataka,India
ST002609,Neighborhood Hypermarket #2609,8 Church Street,Mumbai,Maharashtra,India
ST002610,City Hypermarket #2610,28 Ring Road,New Delhi,Delhi,India
ST002611,Neighborhood Pharmacy #2611,194 Station Road,Bengaluru,Karnataka,India
ST002612,Family Pharmacy #2612,164 Main Road,Bengaluru,Karnataka,India
ST002613,Prime Pharmacy #2613,146 Garden Lane,Bengaluru,Karnataka,India
ST002614,Neighborhood Supermarket #2614,12 Main Road,Mumbai,Maharashtra,India
ST002615,Daily Hypermarket #2615,3 MG Road,Mumbai,Maharashtra,India
ST002616,Corner Hypermarket #2616,50 MG Road,New Delhi,Delhi,India
ST002617,Sunrise Grocery Store #2617,34 Ring Road,Mumbai,Maharashtra,India
ST002618,Corner Hypermarket #2618,129 Ring Road,New Delhi,Delhi,India
ST002619,Green Convenience Store #2619,7 Garden Lane,Bengaluru,Karnataka,India
ST002620,Quick Grocery Store #2620,10 Station Road,New Delhi,Delhi,India
ST002621,City Pharmacy #2621,119 Ring Road,New Delhi,Delhi,India
ST002622,Sunrise Supermarket #2622,56 Market Street,Bengaluru,Karnataka,India
ST002623,Family Pharmacy #2623,187 Garden Lane,New Delhi,Delhi,India
ST002624,Elite Convenience Store #2624,115 Market Street,Mumbai,Maharashtra,India
ST002625,Prime Hypermarket #2625,160 Park Avenue,Mumbai,Maharashtra,India
ST002626,Elite Supermarket #2626,199 Park Avenue,New Delhi,Delhi,India
ST002627,Metro Pharmacy #2627,156 Ring Road,New Delhi,Delhi,India
ST002628,Neighborhood Pharmacy #2628,128 Ring Road,New Delhi,Delhi,India
ST002629,City Supermarket #2629,141 Ring Road,Mumbai,Maharashtra,India
ST002630,Daily Grocery Store #2630,81 Market Street,Mumbai,Maharashtra,India
ST002631,City Hypermarket #2631,72 Garden Lane,Bengaluru,Karnataka,India
ST002632,Value Hypermarket #2632,19 Market Street,Bengaluru,Karnataka,India
ST002633,Prime Grocery Store #2633,66 Lake View Road,Mumbai,Maharashtra,India
ST002634,Daily Pharmacy #2634,125 Main Road,New Delhi,Delhi,India
ST002635,Royal Hypermarket #2635,103 Park Avenue,Mumbai,Maharashtra,India
ST002636,Elite Convenience Store #2636,34 Lake View Road,New Delhi,Delhi,India
ST002637,Family Hypermarket #2637,81 MG Road,New Delhi,Delhi,India
ST002638,Star Supermarket #2638,130 Lake View Road,Mumbai,Maharashtra,India
ST002639,Elite Hypermarket #2639,11 Garden Lane,New Delhi,Delhi,India
ST002640,Sunrise Supermarket #2640,180 Hill Street,Bengaluru,Karnataka,India
ST002641,City Supermarket #2641,75 Park Avenue,Bengaluru,Karnataka,India
ST002642,Neighborhood Pharmacy #2642,19 Church Street,Mumbai,Maharashtra,India
ST002643,Royal Grocery Store #2643,172 Ring Road,Mumbai,Maharashtra,India
ST002644,Quick Hypermarket #2644,165 Hill Street,Mumbai,Maharashtra,India
ST002645,Daily Grocery Store #2645,47 Ring Road,Bengaluru,Karnataka,India
ST002646,Green Grocery Store #2646,52 Park Avenue,Mumbai,Maharashtra,India
ST002647,Daily Hypermarket #2647,88 Garden Lane,Mumbai,Maharashtra,India
ST002648,Metro Grocery Store #2648,190 Lake View Road,New Delhi,Delhi,India
ST002649,Prime Supermarket #2649,10 Hill Street,Mumbai,Maharashtra,India
ST002650,Quick Pharmacy #2650,164 Church Street,Bengaluru,Karnataka,India
ST002651,Neighborhood Hypermarket #2651,154 Park Avenue,Bengaluru,Karnataka,India
ST002652,Elite Supermarket #2652,111 Lake View Road,Mumbai,Maharashtra,India
ST002653,Fresh Pharmacy #2653,6 Park Avenue,Bengaluru,Karnataka,India
ST002654,Prime Hypermarket #2654,46 Ring Road,New Delhi,Delhi,India
ST002655,Daily Pharmacy #2655,104 Ring Road,Mumbai,Maharashtra,India
ST002656,Royal Hypermarket #2656,116 Park Avenue,New Delhi,Delhi,India
ST002657,Metro Convenience Store #2657,67 Market Street,New Delhi,Delhi,India
ST002658,Daily Supermarket #2658,88 Station Road,Mumbai,Maharashtra,India
ST002659,Metro Pharmacy #2659,108 Lake View Road,Mumbai,Maharashtra,India
ST002660,Family Grocery Store #2660,42 Park Avenue,New Delhi,Delhi,India
ST002661,Elite Hypermarket #2661,147 Park Avenue,New Delhi,Delhi,India
ST002662,Family Supermarket #2662,51 Ring Road,New Delhi,Delhi,India
ST002663,Neighborhood Convenience Store #2663,83 MG Road,Bengaluru,Karnataka,India
ST002664,City Supermarket #2664,38 Lake View Road,Mumbai,Maharashtra,India
ST002665,Daily Hypermarket #2665,105 Station Road,New Delhi,Delhi,India
ST002666,Sunrise Convenience Store #2666,116 Market Street,Bengaluru,Karnataka,India
ST002667,Star Grocery Store #2667,25 Main Road,New Delhi,Delhi,India
ST002668,Sunrise Pharmacy #2668,108 Hill Street,Bengaluru,Karnataka,India
ST002669,Neighborhood Pharmacy #2669,56 MG Road,Mumbai,Maharashtra,India
ST002670,Metro Pharmacy #2670,148 Main Road,New Delhi,Delhi,India
ST002671,Royal Hypermarket #2671,5 Station Road,Mumbai,Maharashtra,India
ST002672,Family Hypermarket #2672,180 Lake View Road,Bengaluru,Karnataka,India
ST002673,Corner Grocery Store #2673,91 MG Road,Mumbai,Maharashtra,India
ST002674,Corner Convenience Store #2674,196 MG Road,New Delhi,Delhi,India
ST002675,Elite Supermarket #2675,118 Park Avenue,Bengaluru,Karnataka,India
ST002676,City Hypermarket #2676,153 Market Street,New Delhi,Delhi,India
ST002677,Corner Convenience Store #2677,73 Park Avenue,Mumbai,Maharashtra,India
ST002678,Sunrise Hypermarket #2678,26 Ring Road,New Delhi,Delhi,India
ST002679,Daily Supermarket #2679,5 Garden Lane,New Delhi,Delhi,India
ST002680,Daily Grocery Store #2680,192 Garden Lane,Mumbai,Maharashtra,India
ST002681,Daily Convenience Store #2681,114 Hill Street,New Delhi,Delhi,India
ST002682,Green Convenience Store #2682,171 Station Road,Bengaluru,Karnataka,India
ST002683,Metro Grocery Store #2683,199 Lake View Road,Bengaluru,Karnataka,India
ST002684,Corner Convenience Store #2684,51 Lake View Road,Bengaluru,Karnataka,India
ST002685,Value Supermarket #2685,106 Park Avenue,Mumbai,Maharashtra,India
ST002686,Value Supermarket #2686,130 Station Road,Bengaluru,Karnataka,India
ST002687,Elite Hypermarket #2687,68 Station Road,New Delhi,Delhi,India
ST002688,Star Grocery Store #2688,2 Park Avenue,Bengaluru,Karnataka,India
ST002689,Fresh Supermarket #2689,40 MG Road,Bengaluru,Karnataka,India
ST002690,Royal Convenience Store #2690,154 MG Road,New Delhi,Delhi,India
ST002691,City Hypermarket #2691,111 Church Street,New Delhi,Delhi,India
ST002692,Corner Convenience Store #2692,158 Park Avenue,Bengaluru,Karnataka,India
ST002693,Green Supermarket #2693,110 Market Street,New Delhi,Delhi,India
ST002694,Sunrise Grocery Store #2694,104 MG Road,Bengaluru,Karnataka,India
ST002695,City Convenience Store #2695,60 Ring Road,Mumbai,Maharashtra,India
ST002696,Family Pharmacy #2696,162 Garden Lane,Bengaluru,Karnataka,India
ST002697,Royal Grocery Store #2697,67 Hill Street,New Delhi,Delhi,India
ST002698,Value Pharmacy #2698,24 Ring Road,Bengaluru,Karnataka,India
ST002699,Corner Supermarket #2699,161 Garden Lane,Bengaluru,Karnataka,India
ST002700,Fresh Pharmacy #2700,182 Hill Street,New Delhi,Delhi,India
ST002701,Neighborhood Supermarket #2701,7 Market Street,Mumbai,Maharashtra,India
ST002702,Star Grocery Store #2702,200 MG Road,New Delhi,Delhi,India
ST002703,Metro Pharmacy #2703,57 Station Road,New Delhi,Delhi,India
ST002704,Family Pharmacy #2704,186 Park Avenue,Bengaluru,Karnataka,India
ST002705,Star Hypermarket #2705,71 Ring Road,Bengaluru,Karnataka,India
ST002706,Star Pharmacy #2706,164 Garden Lane,Bengaluru,Karnataka,India
ST002707,Daily Supermarket #2707,153 Ring Road,Mumbai,Maharashtra,India
ST002708,City Supermarket #2708,68 Market Street,Mumbai,Maharashtra,India
ST002709,Daily Supermarket #2709,93 Church Street,Mumbai,Maharashtra,India
ST002710,Daily Grocery Store #2710,6 Park Avenue,Mumbai,Maharashtra,India
ST002711,Quick Supermarket #2711,20 Church Street,New Delhi,Delhi,India
ST002712,Corner Grocery Store #2712,163 Lake View Road,Mumbai,Maharashtra,India
ST002713,City Pharmacy #2713,3 Market Street,Mumbai,Maharashtra,India
ST002714,Star Convenience Store #2714,9 Ring Road,New Delhi,Delhi,India
ST002715,Value Hypermarket #2715,158 Garden Lane,Mumbai,Maharashtra,India
ST002716,Fresh Convenience Store #2716,134 Station Road,Bengaluru,Karnataka,India
ST002717,Metro Supermarket #2717,8 Hill Street,New Delhi,Delhi,India
ST002718,Family Supermarket #2718,195 Market Street,New Delhi,Delhi,India
ST002719,Royal Pharmacy #2719,30 Church Street,Mumbai,Maharashtra,India
ST002720,Value Supermarket #2720,57 Ring Road,Bengaluru,Karnataka,India
ST002721,Prime Pharmacy #2721,124 Church Street,Mumbai,Maharashtra,India
ST002722,Value Supermarket #2722,142 Station Road,New Delhi,Delhi,India
ST002723,Sunrise Grocery Store #2723,112 Hill Street,Mumbai,Maharashtra,India
ST002724,Elite Grocery Store #2724,65 Market Street,Bengaluru,Karnataka,India
ST002725,Star Pharmacy #2725,72 Park Avenue,New Delhi,Delhi,India
ST002726,Neighborhood Supermarket #2726,80 Market Street,New Delhi,Delhi,India
ST002727,Sunrise Pharmacy #2727,111 Lake View Road,Mumbai,Maharashtra,India
ST002728,Neighborhood Grocery Store #2728,70 MG Road,New Delhi,Delhi,India
ST002729,Daily Convenience Store #2729,99 Park Avenue,New Delhi,Delhi,India
ST002730,Neighborhood Pharmacy #2730,96 Ring Road,Mumbai,Maharashtra,India
ST002731,City Grocery Store #2731,131 Station Road,Bengaluru,Karnataka,India
ST002732,Corner Convenience Store #2732,155 Hill Street,Mumbai,Maharashtra,India
ST002733,Corner Hypermarket #2733,30 Market Street,Bengaluru,Karnataka,India
ST002734,Corner Hypermarket #2734,92 Church Street,Bengaluru,Karnataka,India
ST002735,Metro Supermarket #2735,96 MG Road,New Delhi,Delhi,India
ST002736,Green Pharmacy #2736,32 Main Road,Mumbai,Maharashtra,India
ST002737,Sunrise Hypermarket #2737,184 MG Road,Bengaluru,Karnataka,India
ST002738,Quick Pharmacy #2738,83 Church Street,New Delhi,Delhi,India
ST002739,Daily Convenience Store #2739,73 Garden Lane,Mumbai,Maharashtra,India
ST002740,Family Pharmacy #2740,27 Hill Street,Bengaluru,Karnataka,India
ST002741,Sunrise Hypermarket #2741,172 Ring Road,New Delhi,Delhi,India
ST002742,Elite Convenience Store #2742,108 Park Avenue,New Delhi,Delhi,India
ST002743,Royal Hypermarket #2743,51 Church Street,Mumbai,Maharashtra,India
ST002744,Green Supermarket #2744,128 Main Road,Mumbai,Maharashtra,India
ST002745,Corner Hypermarket #2745,32 Lake View Road,Bengaluru,Karnataka,India
ST002746,Neighborhood Pharmacy #2746,152 Park Avenue,Mumbai,Maharashtra,India
ST002747,Neighborhood Pharmacy #2747,73 Main Road,Bengaluru,Karnataka,India
ST002748,Fresh Convenience Store #2748,73 Market Street,Mumbai,Maharashtra,India
ST002749,Fresh Grocery Store #2749,136 Main Road,New Delhi,Delhi,India
ST002750,Star Hypermarket #2750,18 Lake View Road,Bengaluru,Karnataka,India
ST002751,Royal Supermarket #2751,186 Station Road,Mumbai,Maharashtra,India
ST002752,Value Hypermarket #2752,103 Ring Road,Mumbai,Maharashtra,India
ST002753,Green Convenience Store #2753,127 Garden Lane,Mumbai,Maharashtra,India
ST002754,Corner Supermarket #2754,179 Lake View Road,Mumbai,Maharashtra,India
ST002755,Royal Grocery Store #2755,32 MG Road,New Delhi,Delhi,India
ST002756,Daily Convenience Store #2756,58 Main Road,Bengaluru,Karnataka,India
ST002757,City Supermarket #2757,83 Park Avenue,Bengaluru,Karnataka,India
ST002758,City Pharmacy #2758,49 MG Road,Bengaluru,Karnataka,India
ST002759,Fresh Convenience Store #2759,14 Station Road,New Delhi,Delhi,India
ST002760,Daily Supermarket #2760,78 Ring Road,Bengaluru,Karnataka,India
ST002761,Value Hypermarket #2761,157 Park Avenue,New Delhi,Delhi,India
ST002762,Sunrise Hypermarket #2762,36 Garden Lane,Bengaluru,Karnataka,India
ST002763,Daily Grocery Store #2763,82 Market Street,Bengaluru,Karnataka,India
ST002764,Elite Convenience Store #2764,164 Lake View Road,Mumbai,Maharashtra,India
ST002765,Family Supermarket #2765,62 Garden Lane,New Delhi,Delhi,India
ST002766,Star Grocery Store #2766,72 MG Road,Mumbai,Maharashtra,India
ST002767,Metro Grocery Store #2767,68 Station Road,Bengaluru,Karnataka,India
ST002768,Value Supermarket #2768,63 Church Street,New Delhi,Delhi,India
ST002769,Daily Supermarket #2769,16 Church Street,Mumbai,Maharashtra,India
ST002770,Star Supermarket #2770,120 Park Avenue,Bengaluru,Karnataka,India
ST002771,Quick Pharmacy #2771,88 Church Street,Bengaluru,Karnataka,India
ST002772,Green Convenience Store #2772,132 MG Road,New Delhi,Delhi,India
ST002773,Sunrise Hypermarket #2773,168 Market Street,Mumbai,Maharashtra,India
ST002774,Daily Convenience Store #2774,57 MG Road,Bengaluru,Karnataka,India
ST002775,Quick Grocery Store #2775,132 Church Street,New Delhi,Delhi,India
ST002776,Metro Grocery Store #2776,72 Park Avenue,Bengaluru,Karnataka,India
ST002777,Star Pharmacy #2777,148 Ring Road,Mumbai,Maharashtra,India
ST002778,Quick Pharmacy #2778,191 Ring Road,Bengaluru,Karnataka,India
ST002779,Fresh Pharmacy #2779,48 Station Road,Mumbai,Maharashtra,India
ST002780,Quick Supermarket #2780,136 Lake View Road,New Delhi,Delhi,India
ST002781,Prime Hypermarket #2781,141 Ring Road,Bengaluru,Karnataka,India
ST002782,Corner Hypermarket #2782,39 Park Avenue,Bengaluru,Karnataka,India
ST002783,Corner Convenience Store #2783,86 Main Road,New Delhi,Delhi,India
ST002784,Prime Grocery Store #2784,26 Main Road,Mumbai,Maharashtra,India
ST002785,Sunrise Grocery Store #2785,50 Station Road,Mumbai,Maharashtra,India
ST002786,Corner Pharmacy #2786,153 Station Road,Bengaluru,Karnataka,India
ST002787,Neighborhood Convenience Store #2787,133 Park Avenue,Mumbai,Maharashtra,India
ST002788,Star Supermarket #2788,166 Church Street,Bengaluru,Karnataka,India
ST002789,Metro Supermarket #2789,14 Main Road,Bengaluru,Karnataka,India
ST002790,Prime Convenience Store #2790,17 Hill Street,Bengaluru,Karnataka,India
ST002791,Prime Supermarket #2791,159 Park Avenue,Bengaluru,Karnataka,India
ST002792,Corner Grocery Store #2792,57 Station Road,Bengaluru,Karnataka,India
ST002793,Metro Grocery Store #2793,53 MG Road,Bengaluru,Karnataka,India
ST002794,Sunrise Hypermarket #2794,74 Main Road,New Delhi,Delhi,India
ST002795,City Supermarket #2795,180 Garden Lane,New Delhi,Delhi,India
ST002796,Sunrise Grocery Store #2796,177 Church Street,Mumbai,Maharashtra,India
ST002797,Value Pharmacy #2797,18 Market Street,New Delhi,Delhi,India
ST002798,Value Pharmacy #2798,37 Main Road,Mumbai,Maharashtra,India
ST002799,Corner Grocery Store #2799,6 Market Street,Mumbai,Maharashtra,India
ST002800,Elite Hypermarket #2800,44 Main Road,Bengaluru,Karnataka,India
ST002801,Value Convenience Store #2801,150 Main Road,Mumbai,Maharashtra,India
ST002802,Royal Grocery Store #2802,121 Ring Road,Bengaluru,Karnataka,India
ST002803,Royal Supermarket #2803,146 Station Road,Bengaluru,Karnataka,India
ST002804,Family Pharmacy #2804,43 Market Street,New Delhi,Delhi,India
ST002805,Daily Supermarket #2805,189 MG Road,Mumbai,Maharashtra,India
ST002806,Quick Grocery Store #2806,90 Hill Street,New Delhi,Delhi,India
ST002807,Star Hypermarket #2807,65 MG Road,Mumbai,Maharashtra,India
ST002808,Fresh Grocery Store #2808,78 MG Road,Mumbai,Maharashtra,India
ST002809,Green Convenience Store #2809,153 Lake View Road,New Delhi,Delhi,India
ST002810,Prime Supermarket #2810,133 Main Road,New Delhi,Delhi,India
ST002811,Corner Pharmacy #2811,169 Market Street,Bengaluru,Karnataka,India
ST002812,Quick Hypermarket #2812,63 Garden Lane,Bengaluru,Karnataka,India
ST002813,Value Grocery Store #2813,191 Ring Road,Bengaluru,Karnataka,India
ST002814,Elite Pharmacy #2814,164 Ring Road,Mumbai,Maharashtra,India
ST002815,Elite Hypermarket #2815,174 Hill Street,New Delhi,Delhi,India
ST002816,Elite Grocery Store #2816,45 Station Road,New Delhi,Delhi,India
ST002817,Elite Hypermarket #2817,101 Garden Lane,Mumbai,Maharashtra,India
ST002818,Prime Grocery Store #2818,49 Main Road,Mumbai,Maharashtra,India
ST002819,Family Convenience Store #2819,88 Garden Lane,New Delhi,Delhi,India
ST002820,Corner Supermarket #2820,146 MG Road,Mumbai,Maharashtra,India
ST002821,Daily Hypermarket #2821,128 Market Street,Bengaluru,Karnataka,India
ST002822,Star Grocery Store #2822,134 Station Road,Bengaluru,Karnataka,India
ST002823,Family Convenience Store #2823,42 Station Road,New Delhi,Delhi,India
ST002824,Prime Grocery Store #2824,76 Main Road,Bengaluru,Karnataka,India
ST002825,Fresh Grocery Store #2825,73 Garden Lane,Bengaluru,Karnataka,India
ST002826,Fresh Supermarket #2826,79 Main Road,Mumbai,Maharashtra,India
ST002827,Value Grocery Store #2827,1 Main Road,New Delhi,Delhi,India
ST002828,City Hypermarket #2828,73 Hill Street,Mumbai,Maharashtra,India
ST002829,City Convenience Store #2829,183 Station Road,Bengaluru,Karnataka,India
ST002830,Sunrise Pharmacy #2830,111 Garden Lane,Bengaluru,Karnataka,India
ST002831,Prime Supermarket #2831,9 Lake View Road,Bengaluru,Karnataka,India
ST002832,Metro Hypermarket #2832,164 Park Avenue,New Delhi,Delhi,India
ST002833,Corner Grocery Store #2833,67 Station Road,Bengaluru,Karnataka,India
ST002834,Prime Convenience Store #2834,145 Park Avenue,Bengaluru,Karnataka,India
ST002835,Green Hypermarket #2835,36 Church Street,New Delhi,Delhi,India
ST002836,City Hypermarket #2836,142 Church Street,Mumbai,Maharashtra,India
ST002837,Prime Hypermarket #2837,77 Garden Lane,Bengaluru,Karnataka,India
ST002838,Family Grocery Store #2838,97 Park Avenue,Bengaluru,Karnataka,India
ST002839,City Supermarket #2839,114 MG Road,New Delhi,Delhi,India
ST002840,Elite Convenience Store #2840,183 MG Road,New Delhi,Delhi,India
ST002841,Value Grocery Store #2841,120 Park Avenue,Mumbai,Maharashtra,India
ST002842,Quick Grocery Store #2842,144 Main Road,Bengaluru,Karnataka,India
ST002843,Daily Grocery Store #2843,158 Station Road,Bengaluru,Karnataka,India
ST002844,Neighborhood Pharmacy #2844,96 Market Street,New Delhi,Delhi,India
ST002845,Family Convenience Store #2845,76 Main Road,New Delhi,Delhi,India
ST002846,City Grocery Store #2846,172 Main Road,Mumbai,Maharashtra,India
ST002847,Green Grocery Store #2847,118 Main Road,New Delhi,Delhi,India
ST002848,Fresh Supermarket #2848,167 Ring Road,Mumbai,Maharashtra,India
ST002849,Neighborhood Hypermarket #2849,75 Garden Lane,Bengaluru,Karnataka,India
ST002850,Sunrise Grocery Store #2850,16 Ring Road,Mumbai,Maharashtra,India
ST002851,Star Convenience Store #2851,190 Main Road,New Delhi,Delhi,India
ST002852,Family Pharmacy #2852,144 Lake View Road,Bengaluru,Karnataka,India
ST002853,Metro Pharmacy #2853,164 Market Street,New Delhi,Delhi,India
ST002854,Star Hypermarket #2854,185 Main Road,Mumbai,Maharashtra,India
ST002855,Neighborhood Grocery Store #2855,52 Ring Road,New Delhi,Delhi,India
ST002856,Fresh Supermarket #2856,155 Ring Road,Bengaluru,Karnataka,India
ST002857,Daily Convenience Store #2857,53 Ring Road,Bengaluru,Karnataka,India
ST002858,Fresh Grocery Store #2858,114 Park Avenue,New Delhi,Delhi,India
ST002859,Elite Supermarket #2859,77 Park Avenue,Bengaluru,Karnataka,India
ST002860,City Grocery Store #2860,140 Station Road,Bengaluru,Karnataka,India
ST002861,Star Convenience Store #2861,169 Garden Lane,Mumbai,Maharashtra,India
ST002862,Corner Supermarket #2862,163 Main Road,Bengaluru,Karnataka,India
ST002863,City Pharmacy #2863,169 Church Street,New Delhi,Delhi,India
ST002864,Family Pharmacy #2864,180 Hill Street,New Delhi,Delhi,India
ST002865,Quick Pharmacy #2865,75 Station Road,Mumbai,Maharashtra,India
ST002866,Neighborhood Supermarket #2866,95 Station Road,Mumbai,Maharashtra,India
ST002867,Corner Grocery Store #2867,28 Lake View Road,New Delhi,Delhi,India
ST002868,Royal Grocery Store #2868,38 Main Road,Mumbai,Maharashtra,India
ST002869,Quick Hypermarket #2869,145 Park Avenue,Bengaluru,Karnataka,India
ST002870,Neighborhood Supermarket #2870,9 Garden Lane,Mumbai,Maharashtra,India
ST002871,Fresh Grocery Store #2871,36 Lake View Road,Mumbai,Maharashtra,India
ST002872,Prime Grocery Store #2872,41 MG Road,Bengaluru,Karnataka,India
ST002873,Royal Convenience Store #2873,54 MG Road,New Delhi,Delhi,India
ST002874,Corner Convenience Store #2874,17 Market Street,New Delhi,Delhi,India
ST002875,Value Pharmacy #2875,185 Garden Lane,New Delhi,Delhi,India
ST002876,Quick Hypermarket #2876,36 Station Road,New Delhi,Delhi,India
ST002877,Elite Hypermarket #2877,18 Lake View Road,Mumbai,Maharashtra,India
ST002878,Quick Grocery Store #2878,169 Market Street,New Delhi,Delhi,India
ST002879,Sunrise Convenience Store #2879,199 Hill Street,New Delhi,Delhi,India
ST002880,City Hypermarket #2880,83 Garden Lane,New Delhi,Delhi,India
ST002881,Value Convenience Store #2881,159 Park Avenue,New Delhi,Delhi,India
ST002882,Fresh Supermarket #2882,188 Market Street,Bengaluru,Karnataka,India
ST002883,Daily Pharmacy #2883,28 Lake View Road,New Delhi,Delhi,India
ST002884,Value Grocery Store #2884,198 Church Street,Bengaluru,Karnataka,India
ST002885,Elite Supermarket #2885,187 Park Avenue,Bengaluru,Karnataka,India
ST002886,Elite Grocery Store #2886,16 Garden Lane,Bengaluru,Karnataka,India
ST002887,Daily Hypermarket #2887,192 Ring Road,Bengaluru,Karnataka,India
ST002888,Green Grocery Store #2888,156 Main Road,Mumbai,Maharashtra,India
ST002889,Value Pharmacy #2889,179 Lake View Road,Bengaluru,Karnataka,India
ST002890,City Grocery Store #2890,147 Hill Street,New Delhi,Delhi,India
ST002891,Metro Pharmacy #2891,126 Lake View Road,Mumbai,Maharashtra,India
ST002892,Metro Hypermarket #2892,190 Market Street,Bengaluru,Karnataka,India
ST002893,Royal Grocery Store #2893,50 Ring Road,New Delhi,Delhi,India
ST002894,Fresh Convenience Store #2894,172 Ring Road,New Delhi,Delhi,India
ST002895,Fresh Pharmacy #2895,2 MG Road,Bengaluru,Karnataka,India
ST002896,Neighborhood Grocery Store #2896,19 MG Road,New Delhi,Delhi,India
ST002897,Star Pharmacy #2897,187 Hill Street,New Delhi,Delhi,India
ST002898,Metro Grocery Store #2898,147 Lake View Road,Bengaluru,Karnataka,India
ST002899,Value Convenience Store #2899,159 Hill Street,Mumbai,Maharashtra,India
ST002900,Green Pharmacy #2900,113 Park Avenue,Bengaluru,Karnataka,India
ST002901,Royal Grocery Store #2901,146 Ring Road,Bengaluru,Karnataka,India
ST002902,Green Pharmacy #2902,77 Ring Road,New Delhi,Delhi,India
ST002903,Quick Supermarket #2903,14 Garden Lane,Bengaluru,Karnataka,India
ST002904,Value Convenience Store #2904,58 Station Road,Bengaluru,Karnataka,India
ST002905,Corner Hypermarket #2905,92 Ring Road,New Delhi,Delhi,India
ST002906,Prime Pharmacy #2906,137 Garden Lane,Bengaluru,Karnataka,India
ST002907,Royal Pharmacy #2907,157 Hill Street,New Delhi,Delhi,India
ST002908,Corner Hypermarket #2908,15 Hill Street,New Delhi,Delhi,India
ST002909,Neighborhood Supermarket #2909,68 Main Road,Mumbai,Maharashtra,India
ST002910,Value Supermarket #2910,67 Church Street,Mumbai,Maharashtra,India
ST002911,Elite Hypermarket #2911,36 Church Street,Bengaluru,Karnataka,India
ST002912,Royal Convenience Store #2912,85 Main Road,New Delhi,Delhi,India
ST002913,Quick Pharmacy #2913,145 Garden Lane,Bengaluru,Karnataka,India
ST002914,Value Supermarket #2914,107 Garden Lane,Bengaluru,Karnataka,India
ST002915,Elite Convenience Store #2915,142 Lake View Road,Bengaluru,Karnataka,India
ST002916,Prime Pharmacy #2916,11 Ring Road,New Delhi,Delhi,India
ST002917,Quick Supermarket #2917,58 MG Road,New Delhi,Delhi,India
ST002918,Quick Grocery Store #2918,59 Main Road,Mumbai,Maharashtra,India
ST002919,Fresh Supermarket #2919,137 Garden Lane,Bengaluru,Karnataka,India
ST002920,Star Grocery Store #2920,189 Main Road,New Delhi,Delhi,India
ST002921,Quick Convenience Store #2921,100 Park Avenue,Bengaluru,Karnataka,India
ST002922,Corner Pharmacy #2922,110 Hill Street,New Delhi,Delhi,India
ST002923,Daily Pharmacy #2923,31 Garden Lane,Mumbai,Maharashtra,India
ST002924,Value Hypermarket #2924,88 Park Avenue,Bengaluru,Karnataka,India
ST002925,Metro Supermarket #2925,24 Garden Lane,Bengaluru,Karnataka,India
ST002926,Metro Supermarket #2926,192 Hill Street,Mumbai,Maharashtra,India
ST002927,Fresh Convenience Store #2927,185 Church Street,Bengaluru,Karnataka,India
ST002928,Daily Supermarket #2928,33 Lake View Road,Bengaluru,Karnataka,India
ST002929,Prime Pharmacy #2929,81 MG Road,Bengaluru,Karnataka,India
ST002930,Star Convenience Store #2930,75 Market Street,Bengaluru,Karnataka,India
ST002931,Corner Convenience Store #2931,169 Ring Road,Mumbai,Maharashtra,India
ST002932,Daily Supermarket #2932,140 Church Street,Mumbai,Maharashtra,India
ST002933,Sunrise Grocery Store #2933,92 Church Street,New Delhi,Delhi,India
ST002934,Sunrise Grocery Store #2934,94 Hill Street,Mumbai,Maharashtra,India
ST002935,Royal Hypermarket #2935,63 Hill Street,New Delhi,Delhi,India
ST002936,Value Hypermarket #2936,139 Hill Street,New Delhi,Delhi,India
ST002937,Fresh Supermarket #2937,106 Garden Lane,Mumbai,Maharashtra,India
ST002938,Prime Grocery Store #2938,53 Market Street,Bengaluru,Karnataka,India
ST002939,Metro Convenience Store #2939,190 Hill Street,Mumbai,Maharashtra,India
ST002940,Daily Pharmacy #2940,186 Market Street,Mumbai,Maharashtra,India
ST002941,Metro Supermarket #2941,113 Lake View Road,New Delhi,Delhi,India
ST002942,Fresh Supermarket #2942,9 Station Road,Mumbai,Maharashtra,India
ST002943,Neighborhood Hypermarket #2943,77 Ring Road,Mumbai,Maharashtra,India
ST002944,Prime Supermarket #2944,99 Lake View Road,New Delhi,Delhi,India
ST002945,Royal Supermarket #2945,99 Lake View Road,Mumbai,Maharashtra,India
ST002946,Metro Supermarket #2946,98 Market Street,Bengaluru,Karnataka,India
ST002947,Family Grocery Store #2947,170 Station Road,Bengaluru,Karnataka,India
ST002948,Family Supermarket #2948,7 Garden Lane,Mumbai,Maharashtra,India
ST002949,Elite Hypermarket #2949,193 Garden Lane,Mumbai,Maharashtra,India
ST002950,Green Pharmacy #2950,88 Garden Lane,Bengaluru,Karnataka,India
ST002951,Royal Grocery Store #2951,187 Main Road,Mumbai,Maharashtra,India
ST002952,Family Supermarket #2952,185 Station Road,Mumbai,Maharashtra,India
ST002953,Quick Convenience Store #2953,147 Garden Lane,Mumbai,Maharashtra,India
ST002954,Prime Convenience Store #2954,98 Lake View Road,Bengaluru,Karnataka,India
ST002955,City Pharmacy #2955,72 Station Road,Bengaluru,Karnataka,India
ST002956,Metro Supermarket #2956,76 MG Road,New Delhi,Delhi,India
ST002957,Corner Convenience Store #2957,158 Station Road,Bengaluru,Karnataka,India
ST002958,Prime Hypermarket #2958,65 Garden Lane,New Delhi,Delhi,India
ST002959,Daily Supermarket #2959,146 MG Road,Mumbai,Maharashtra,India
ST002960,Royal Hypermarket #2960,114 Lake View Road,Bengaluru,Karnataka,India
ST002961,Quick Supermarket #2961,120 Main Road,Bengaluru,Karnataka,India
ST002962,Quick Hypermarket #2962,143 Church Street,New Delhi,Delhi,India
ST002963,Fresh Grocery Store #2963,21 Station Road,New Delhi,Delhi,India
ST002964,Family Convenience Store #2964,17 Lake View Road,Mumbai,Maharashtra,India
ST002965,Prime Pharmacy #2965,67 Lake View Road,Mumbai,Maharashtra,India
ST002966,Metro Pharmacy #2966,45 Market Street,New Delhi,Delhi,India
ST002967,Star Convenience Store #2967,60 Ring Road,Bengaluru,Karnataka,India
ST002968,City Supermarket #2968,130 Lake View Road,New Delhi,Delhi,India
ST002969,Value Convenience Store #2969,142 Church Street,Bengaluru,Karnataka,India
ST002970,Sunrise Supermarket #2970,66 Main Road,Mumbai,Maharashtra,India
ST002971,Family Hypermarket #2971,12 Garden Lane,New Delhi,Delhi,India
ST002972,Value Pharmacy #2972,20 Hill Street,Bengaluru,Karnataka,India
ST002973,Daily Grocery Store #2973,20 Church Street,New Delhi,Delhi,India
ST002974,Value Pharmacy #2974,96 Park Avenue,New Delhi,Delhi,India
ST002975,Star Supermarket #2975,73 Market Street,Mumbai,Maharashtra,India
ST002976,Value Supermarket #2976,93 MG Road,New Delhi,Delhi,India
ST002977,Elite Grocery Store #2977,96 Lake View Road,New Delhi,Delhi,India
ST002978,Neighborhood Hypermarket #2978,42 MG Road,Bengaluru,Karnataka,India
ST002979,Prime Supermarket #2979,152 Main Road,Bengaluru,Karnataka,India
ST002980,Neighborhood Supermarket #2980,81 Hill Street,Bengaluru,Karnataka,India
ST002981,Green Convenience Store #2981,183 MG Road,New Delhi,Delhi,India
ST002982,Corner Pharmacy #2982,9 Market Street,New Delhi,Delhi,India
ST002983,Green Grocery Store #2983,21 Ring Road,New Delhi,Delhi,India
ST002984,Neighborhood Pharmacy #2984,148 Hill Street,New Delhi,Delhi,India
ST002985,Family Grocery Store #2985,32 Hill Street,New Delhi,Delhi,India
ST002986,Neighborhood Supermarket #2986,169 Hill Street,Mumbai,Maharashtra,India
ST002987,Quick Convenience Store #2987,69 Church Street,Mumbai,Maharashtra,India
ST002988,Prime Convenience Store #2988,85 Church Street,Bengaluru,Karnataka,India
ST002989,Metro Hypermarket #2989,81 Ring Road,Mumbai,Maharashtra,India
ST002990,Quick Pharmacy #2990,105 MG Road,New Delhi,Delhi,India
ST002991,Value Supermarket #2991,130 Ring Road,New Delhi,Delhi,India
ST002992,Star Hypermarket #2992,155 Church Street,Mumbai,Maharashtra,India
ST002993,Green Grocery Store #2993,59 Garden Lane,Mumbai,Maharashtra,India
ST002994,Elite Pharmacy #2994,63 Park Avenue,New Delhi,Delhi,India
ST002995,Star Convenience Store #2995,156 Station Road,Bengaluru,Karnataka,India
ST002996,Value Hypermarket #2996,31 Ring Road,Mumbai,Maharashtra,India
ST002997,Corner Grocery Store #2997,38 Garden Lane,New Delhi,Delhi,India
ST002998,Star Grocery Store #2998,47 Lake View Road,Bengaluru,Karnataka,India
ST002999,City Supermarket #2999,108 Station Road,Bengaluru,Karnataka,India
ST003000,Sunrise Convenience Store #3000,191 Ring Road,Mumbai,Maharashtra,India
ST003001,Royal Pharmacy #3001,111 Main Road,Bengaluru,Karnataka,India
ST003002,Daily Pharmacy #3002,132 Hill Street,Bengaluru,Karnataka,India
ST003003,Elite Grocery Store #3003,91 Market Street,Mumbai,Maharashtra,India
ST003004,Sunrise Grocery Store #3004,62 Station Road,New Delhi,Delhi,India
ST003005,Value Supermarket #3005,152 Garden Lane,Mumbai,Maharashtra,India
ST003006,Daily Convenience Store #3006,12 Ring Road,New Delhi,Delhi,India
ST003007,Quick Hypermarket #3007,162 Lake View Road,Mumbai,Maharashtra,India
ST003008,Prime Grocery Store #3008,180 Market Street,Mumbai,Maharashtra,India
ST003009,Sunrise Pharmacy #3009,131 Ring Road,New Delhi,Delhi,India
ST003010,Elite Pharmacy #3010,152 Garden Lane,Bengaluru,Karnataka,India
ST003011,Star Hypermarket #3011,117 Park Avenue,New Delhi,Delhi,India
ST003012,Quick Hypermarket #3012,131 Garden Lane,Bengaluru,Karnataka,India
ST003013,Green Hypermarket #3013,60 Station Road,Bengaluru,Karnataka,India
ST003014,Value Grocery Store #3014,145 Hill Street,Bengaluru,Karnataka,India
ST003015,Neighborhood Convenience Store #3015,110 Station Road,New Delhi,Delhi,India
ST003016,Corner Hypermarket #3016,194 Market Street,Mumbai,Maharashtra,India
ST003017,Fresh Pharmacy #3017,188 Church Street,New Delhi,Delhi,India
ST003018,Family Grocery Store #3018,148 Garden Lane,Mumbai,Maharashtra,India
ST003019,Daily Hypermarket #3019,73 Market Street,Mumbai,Maharashtra,India
ST003020,Prime Supermarket #3020,125 Lake View Road,Mumbai,Maharashtra,India
ST003021,Elite Pharmacy #3021,74 Station Road,Bengaluru,Karnataka,India
ST003022,Green Convenience Store #3022,60 Station Road,Bengaluru,Karnataka,India
ST003023,Daily Pharmacy #3023,142 Hill Street,Bengaluru,Karnataka,India
ST003024,Fresh Pharmacy #3024,11 Hill Street,New Delhi,Delhi,India
ST003025,Green Convenience Store #3025,2 Lake View Road,Bengaluru,Karnataka,India
ST003026,Value Supermarket #3026,73 Garden Lane,Bengaluru,Karnataka,India
ST003027,Sunrise Grocery Store #3027,134 Market Street,Mumbai,Maharashtra,India
ST003028,Prime Grocery Store #3028,184 Ring Road,Bengaluru,Karnataka,India
ST003029,Elite Grocery Store #3029,127 Station Road,Mumbai,Maharashtra,India
ST003030,Royal Supermarket #3030,72 Ring Road,Bengaluru,Karnataka,India
ST003031,Green Hypermarket #3031,191 Church Street,Bengaluru,Karnataka,India
ST003032,Value Supermarket #3032,130 MG Road,Bengaluru,Karnataka,India
ST003033,Quick Hypermarket #3033,189 Hill Street,New Delhi,Delhi,India
ST003034,Sunrise Supermarket #3034,81 Main Road,New Delhi,Delhi,India
ST003035,Daily Grocery Store #3035,134 MG Road,New Delhi,Delhi,India
ST003036,Royal Pharmacy #3036,170 Main Road,New Delhi,Delhi,India
ST003037,Metro Supermarket #3037,151 Park Avenue,Bengaluru,Karnataka,India
ST003038,Star Pharmacy #3038,68 Lake View Road,Bengaluru,Karnataka,India
ST003039,Quick Pharmacy #3039,188 Lake View Road,Bengaluru,Karnataka,India
ST003040,City Hypermarket #3040,163 Ring Road,Bengaluru,Karnataka,India
ST003041,Royal Convenience Store #3041,192 Church Street,New Delhi,Delhi,India
ST003042,Corner Supermarket #3042,126 Hill Street,Bengaluru,Karnataka,India
ST003043,Metro Convenience Store #3043,46 Main Road,New Delhi,Delhi,India
ST003044,Sunrise Grocery Store #3044,158 Park Avenue,Mumbai,Maharashtra,India
ST003045,Metro Convenience Store #3045,90 Lake View Road,New Delhi,Delhi,India
ST003046,Star Convenience Store #3046,77 Church Street,Bengaluru,Karnataka,India
ST003047,Star Hypermarket #3047,126 Park Avenue,Mumbai,Maharashtra,India
ST003048,Value Convenience Store #3048,124 Station Road,New Delhi,Delhi,India
ST003049,Metro Supermarket #3049,194 Station Road,Bengaluru,Karnataka,India
ST003050,Quick Grocery Store #3050,64 Park Avenue,Mumbai,Maharashtra,India
ST003051,City Supermarket #3051,82 Ring Road,Mumbai,Maharashtra,India
ST003052,Sunrise Hypermarket #3052,181 Market Street,Mumbai,Maharashtra,India
ST003053,Royal Grocery Store #3053,154 Park Avenue,Mumbai,Maharashtra,India
ST003054,Fresh Pharmacy #3054,69 Hill Street,Mumbai,Maharashtra,India
ST003055,Elite Pharmacy #3055,16 Hill Street,Mumbai,Maharashtra,India
ST003056,Prime Hypermarket #3056,82 Park Avenue,New Delhi,Delhi,India
ST003057,Green Grocery Store #3057,109 Park Avenue,Mumbai,Maharashtra,India
ST003058,Elite Hypermarket #3058,69 Lake View Road,Bengaluru,Karnataka,India
ST003059,Value Pharmacy #3059,12 Station Road,New Delhi,Delhi,India
ST003060,Corner Grocery Store #3060,147 Market Street,Bengaluru,Karnataka,India
ST003061,Metro Convenience Store #3061,29 Garden Lane,New Delhi,Delhi,India
ST003062,Value Convenience Store #3062,155 Hill Street,Bengaluru,Karnataka,India
ST003063,Sunrise Supermarket #3063,98 Ring Road,Bengaluru,Karnataka,India
ST003064,Elite Hypermarket #3064,197 Hill Street,Mumbai,Maharashtra,India
ST003065,Star Supermarket #3065,133 Church Street,Bengaluru,Karnataka,India
ST003066,Family Hypermarket #3066,41 Hill Street,Bengaluru,Karnataka,India
ST003067,Royal Grocery Store #3067,59 Station Road,New Delhi,Delhi,India
ST003068,Elite Pharmacy #3068,85 Park Avenue,Mumbai,Maharashtra,India
ST003069,Family Pharmacy #3069,64 Main Road,New Delhi,Delhi,India
ST003070,Royal Supermarket #3070,194 Hill Street,Bengaluru,Karnataka,India
ST003071,Family Supermarket #3071,125 Main Road,Mumbai,Maharashtra,India
ST003072,Prime Pharmacy #3072,7 Church Street,Mumbai,Maharashtra,India
ST003073,Fresh Pharmacy #3073,192 Ring Road,Mumbai,Maharashtra,India
ST003074,Star Grocery Store #3074,34 Station Road,Mumbai,Maharashtra,India
ST003075,Daily Supermarket #3075,130 Park Avenue,Bengaluru,Karnataka,India
ST003076,Fresh Supermarket #3076,139 Garden Lane,New Delhi,Delhi,India
ST003077,Daily Pharmacy #3077,151 Park Avenue,New Delhi,Delhi,India
ST003078,Royal Pharmacy #3078,80 MG Road,New Delhi,Delhi,India
ST003079,Family Grocery Store #3079,6 Station Road,New Delhi,Delhi,India
ST003080,Quick Hypermarket #3080,26 Station Road,Bengaluru,Karnataka,India
ST003081,Quick Convenience Store #3081,75 Park Avenue,Mumbai,Maharashtra,India
ST003082,Metro Supermarket #3082,144 Station Road,Mumbai,Maharashtra,India
ST003083,Prime Grocery Store #3083,137 Hill Street,New Delhi,Delhi,India
ST003084,Corner Pharmacy #3084,128 Park Avenue,Bengaluru,Karnataka,India
ST003085,Green Hypermarket #3085,183 Ring Road,New Delhi,Delhi,India
ST003086,Metro Grocery Store #3086,7 Park Avenue,New Delhi,Delhi,India
ST003087,Quick Pharmacy #3087,123 Garden Lane,Mumbai,Maharashtra,India
ST003088,Star Supermarket #3088,86 Market Street,Mumbai,Maharashtra,India
ST003089,Daily Supermarket #3089,44 Church Street,New Delhi,Delhi,India
ST003090,Neighborhood Grocery Store #3090,22 Market Street,Bengaluru,Karnataka,India
ST003091,Neighborhood Grocery Store #3091,134 Garden Lane,Mumbai,Maharashtra,India
ST003092,Fresh Pharmacy #3092,65 Park Avenue,Mumbai,Maharashtra,India
ST003093,Sunrise Hypermarket #3093,39 Main Road,Mumbai,Maharashtra,India
ST003094,Sunrise Hypermarket #3094,154 Park Avenue,New Delhi,Delhi,India
ST003095,Prime Supermarket #3095,54 Hill Street,New Delhi,Delhi,India
ST003096,Family Grocery Store #3096,81 Church Street,Mumbai,Maharashtra,India
ST003097,Quick Hypermarket #3097,124 Hill Street,New Delhi,Delhi,India
ST003098,Royal Convenience Store #3098,188 Ring Road,New Delhi,Delhi,India
ST003099,Corner Supermarket #3099,20 Park Avenue,New Delhi,Delhi,India
ST003100,Green Pharmacy #3100,42 Hill Street,Bengaluru,Karnataka,India
ST003101,City Supermarket #3101,113 Ring Road,Bengaluru,Karnataka,India
ST003102,Elite Supermarket #3102,127 Market Street,Mumbai,Maharashtra,India
ST003103,Quick Convenience Store #3103,192 Hill Street,Bengaluru,Karnataka,India
ST003104,Corner Grocery Store #3104,76 Ring Road,Bengaluru,Karnataka,India
ST003105,Prime Grocery Store #3105,174 Station Road,New Delhi,Delhi,India
ST003106,Value Convenience Store #3106,96 Garden Lane,New Delhi,Delhi,India
ST003107,City Pharmacy #3107,134 Church Street,Mumbai,Maharashtra,India
ST003108,Sunrise Convenience Store #3108,133 Garden Lane,Mumbai,Maharashtra,India
ST003109,Quick Hypermarket #3109,54 MG Road,Mumbai,Maharashtra,India
ST003110,City Pharmacy #3110,184 Lake View Road,New Delhi,Delhi,India
ST003111,Value Supermarket #3111,46 Market Street,Mumbai,Maharashtra,India
ST003112,Daily Grocery Store #3112,80 Church Street,Bengaluru,Karnataka,India
ST003113,Sunrise Pharmacy #3113,138 Lake View Road,Bengaluru,Karnataka,India
ST003114,Daily Hypermarket #3114,160 Lake View Road,Bengaluru,Karnataka,India
ST003115,City Convenience Store #3115,90 Hill Street,Bengaluru,Karnataka,India
ST003116,Value Pharmacy #3116,4 Church Street,New Delhi,Delhi,India
ST003117,Prime Hypermarket #3117,150 Station Road,Mumbai,Maharashtra,India
ST003118,Neighborhood Hypermarket #3118,66 Hill Street,Mumbai,Maharashtra,India
ST003119,Star Convenience Store #3119,52 Ring Road,New Delhi,Delhi,India
ST003120,City Convenience Store #3120,188 Church Street,Bengaluru,Karnataka,India
ST003121,City Hypermarket #3121,145 Ring Road,Mumbai,Maharashtra,India
ST003122,Green Pharmacy #3122,151 Park Avenue,New Delhi,Delhi,India
ST003123,Neighborhood Hypermarket #3123,155 Station Road,New Delhi,Delhi,India
ST003124,Star Convenience Store #3124,54 Market Street,Mumbai,Maharashtra,India
ST003125,Green Supermarket #3125,56 Ring Road,Bengaluru,Karnataka,India
ST003126,City Convenience Store #3126,43 Lake View Road,Bengaluru,Karnataka,India
ST003127,Value Supermarket #3127,14 Market Street,Bengaluru,Karnataka,India
ST003128,Green Convenience Store #3128,109 Lake View Road,Mumbai,Maharashtra,India
ST003129,Prime Hypermarket #3129,195 Ring Road,New Delhi,Delhi,India
ST003130,Family Pharmacy #3130,97 Park Avenue,Mumbai,Maharashtra,India
ST003131,Value Grocery Store #3131,134 MG Road,Mumbai,Maharashtra,India
ST003132,Daily Convenience Store #3132,55 Market Street,New Delhi,Delhi,India
ST003133,Sunrise Hypermarket #3133,112 Hill Street,Bengaluru,Karnataka,India
ST003134,Quick Grocery Store #3134,65 Ring Road,New Delhi,Delhi,India
ST003135,Elite Convenience Store #3135,167 MG Road,Mumbai,Maharashtra,India
ST003136,Fresh Pharmacy #3136,120 MG Road,Mumbai,Maharashtra,India
ST003137,Metro Grocery Store #3137,144 Church Street,New Delhi,Delhi,India
ST003138,Value Grocery Store #3138,192 Main Road,Bengaluru,Karnataka,India
ST003139,Quick Pharmacy #3139,135 Church Street,Mumbai,Maharashtra,India
ST003140,Neighborhood Supermarket #3140,85 Ring Road,Mumbai,Maharashtra,India
ST003141,Elite Hypermarket #3141,129 Main Road,Mumbai,Maharashtra,India
ST003142,Prime Convenience Store #3142,166 Station Road,Bengaluru,Karnataka,India
ST003143,Corner Grocery Store #3143,179 Station Road,Bengaluru,Karnataka,India
ST003144,Star Hypermarket #3144,147 Main Road,Bengaluru,Karnataka,India
ST003145,Neighborhood Grocery Store #3145,117 Lake View Road,New Delhi,Delhi,India
ST003146,Quick Pharmacy #3146,166 Hill Street,New Delhi,Delhi,India
ST003147,Fresh Supermarket #3147,8 Garden Lane,Mumbai,Maharashtra,India
ST003148,Sunrise Pharmacy #3148,46 Market Street,New Delhi,Delhi,India
ST003149,Corner Supermarket #3149,15 Lake View Road,Bengaluru,Karnataka,India
ST003150,Value Supermarket #3150,140 Station Road,Bengaluru,Karnataka,India
ST003151,Star Pharmacy #3151,189 Main Road,New Delhi,Delhi,India
ST003152,Royal Hypermarket #3152,82 Market Street,New Delhi,Delhi,India
ST003153,Sunrise Convenience Store #3153,133 Main Road,Mumbai,Maharashtra,India
ST003154,Corner Grocery Store #3154,172 Main Road,New Delhi,Delhi,India
ST003155,Metro Supermarket #3155,38 Station Road,New Delhi,Delhi,India
ST003156,City Supermarket #3156,12 Station Road,Mumbai,Maharashtra,India
ST003157,Metro Convenience Store #3157,130 Park Avenue,New Delhi,Delhi,India
ST003158,Star Pharmacy #3158,1 Station Road,New Delhi,Delhi,India
ST003159,Family Hypermarket #3159,31 MG Road,Mumbai,Maharashtra,India
ST003160,Neighborhood Grocery Store #3160,23 Garden Lane,New Delhi,Delhi,India
ST003161,Daily Grocery Store #3161,24 Market Street,Bengaluru,Karnataka,India
ST003162,City Supermarket #3162,152 Main Road,Mumbai,Maharashtra,India
ST003163,Green Pharmacy #3163,56 MG Road,Bengaluru,Karnataka,India
ST003164,Daily Grocery Store #3164,64 Station Road,New Delhi,Delhi,India
ST003165,Sunrise Pharmacy #3165,34 Station Road,New Delhi,Delhi,India
ST003166,Corner Supermarket #3166,74 Market Street,New Delhi,Delhi,India
ST003167,City Hypermarket #3167,81 Park Avenue,New Delhi,Delhi,India
ST003168,Royal Pharmacy #3168,70 Church Street,Bengaluru,Karnataka,India
ST003169,Prime Pharmacy #3169,179 Lake View Road,Mumbai,Maharashtra,India
ST003170,Daily Hypermarket #3170,91 Garden Lane,Mumbai,Maharashtra,India
ST003171,Value Hypermarket #3171,134 Lake View Road,New Delhi,Delhi,India
ST003172,Fresh Pharmacy #3172,99 Market Street,New Delhi,Delhi,India
ST003173,Neighborhood Convenience Store #3173,180 Park Avenue,Bengaluru,Karnataka,India
ST003174,Star Hypermarket #3174,74 Church Street,New Delhi,Delhi,India
ST003175,Sunrise Hypermarket #3175,142 Station Road,New Delhi,Delhi,India
ST003176,Family Supermarket #3176,67 Church Street,Bengaluru,Karnataka,India
ST003177,Prime Grocery Store #3177,30 Hill Street,Bengaluru,Karnataka,India
ST003178,Quick Pharmacy #3178,120 Garden Lane,Bengaluru,Karnataka,India
ST003179,Value Hypermarket #3179,97 Garden Lane,New Delhi,Delhi,India
ST003180,Value Supermarket #3180,27 MG Road,New Delhi,Delhi,India
ST003181,City Supermarket #3181,122 MG Road,Mumbai,Maharashtra,India
ST003182,Star Hypermarket #3182,48 MG Road,Bengaluru,Karnataka,India
ST003183,City Hypermarket #3183,140 Market Street,Mumbai,Maharashtra,India
ST003184,Quick Supermarket #3184,117 Garden Lane,New Delhi,Delhi,India
ST003185,Sunrise Convenience Store #3185,188 Park Avenue,Mumbai,Maharashtra,India
ST003186,Royal Grocery Store #3186,65 MG Road,Bengaluru,Karnataka,India
ST003187,Value Convenience Store #3187,174 Park Avenue,Mumbai,Maharashtra,India
ST003188,Fresh Hypermarket #3188,196 Hill Street,Bengaluru,Karnataka,India
ST003189,Corner Supermarket #3189,199 Station Road,Mumbai,Maharashtra,India
ST003190,Corner Convenience Store #3190,8 Market Street,New Delhi,Delhi,India
ST003191,City Convenience Store #3191,153 Hill Street,Mumbai,Maharashtra,India
ST003192,Neighborhood Pharmacy #3192,34 MG Road,Bengaluru,Karnataka,India
ST003193,Daily Supermarket #3193,197 Market Street,Mumbai,Maharashtra,India
ST003194,Quick Hypermarket #3194,43 Lake View Road,Mumbai,Maharashtra,India
ST003195,Star Supermarket #3195,52 Market Street,Bengaluru,Karnataka,India
ST003196,Prime Hypermarket #3196,48 Church Street,Bengaluru,Karnataka,India
ST003197,Corner Pharmacy #3197,186 Church Street,Bengaluru,Karnataka,India
ST003198,Star Pharmacy #3198,199 MG Road,New Delhi,Delhi,India
ST003199,Quick Supermarket #3199,89 Ring Road,Bengaluru,Karnataka,India
ST003200,Family Grocery Store #3200,101 Church Street,New Delhi,Delhi,India
ST003201,Star Grocery Store #3201,119 Church Street,Mumbai,Maharashtra,India
ST003202,Corner Supermarket #3202,82 Market Street,Bengaluru,Karnataka,India
ST003203,Green Grocery Store #3203,73 Park Avenue,Mumbai,Maharashtra,India
ST003204,Corner Convenience Store #3204,19 MG Road,New Delhi,Delhi,India
ST003205,Star Grocery Store #3205,151 Main Road,New Delhi,Delhi,India
ST003206,Elite Pharmacy #3206,46 Church Street,New Delhi,Delhi,India
ST003207,Value Hypermarket #3207,129 Main Road,Mumbai,Maharashtra,India
ST003208,Neighborhood Convenience Store #3208,20 Church Street,Mumbai,Maharashtra,India
ST003209,Quick Pharmacy #3209,12 Church Street,Bengaluru,Karnataka,India
ST003210,Corner Hypermarket #3210,87 Park Avenue,Bengaluru,Karnataka,India
ST003211,Corner Pharmacy #3211,73 Station Road,Bengaluru,Karnataka,India
ST003212,Star Grocery Store #3212,9 Station Road,Mumbai,Maharashtra,India
ST003213,City Grocery Store #3213,102 Hill Street,Bengaluru,Karnataka,India
ST003214,Quick Supermarket #3214,89 Ring Road,Bengaluru,Karnataka,India
ST003215,Green Grocery Store #3215,42 MG Road,Bengaluru,Karnataka,India
ST003216,Neighborhood Pharmacy #3216,99 Lake View Road,New Delhi,Delhi,India
ST003217,Quick Supermarket #3217,172 Park Avenue,New Delhi,Delhi,India
ST003218,Green Grocery Store #3218,78 Park Avenue,Bengaluru,Karnataka,India
ST003219,Sunrise Hypermarket #3219,30 Garden Lane,New Delhi,Delhi,India
ST003220,Family Grocery Store #3220,200 Lake View Road,Mumbai,Maharashtra,India
ST003221,Royal Hypermarket #3221,94 Ring Road,New Delhi,Delhi,India
ST003222,Corner Pharmacy #3222,195 Park Avenue,New Delhi,Delhi,India
ST003223,City Supermarket #3223,87 Garden Lane,Bengaluru,Karnataka,India
ST003224,Metro Hypermarket #3224,158 Lake View Road,New Delhi,Delhi,India
ST003225,Fresh Grocery Store #3225,73 Main Road,Mumbai,Maharashtra,India
ST003226,Royal Supermarket #3226,118 MG Road,Mumbai,Maharashtra,India
ST003227,Elite Supermarket #3227,176 MG Road,New Delhi,Delhi,India
ST003228,Corner Hypermarket #3228,173 Station Road,Mumbai,Maharashtra,India
ST003229,Family Supermarket #3229,46 Station Road,Mumbai,Maharashtra,India
ST003230,Corner Hypermarket #3230,115 MG Road,Bengaluru,Karnataka,India
ST003231,Star Hypermarket #3231,153 Ring Road,Bengaluru,Karnataka,India
ST003232,Sunrise Hypermarket #3232,137 Park Avenue,Bengaluru,Karnataka,India
ST003233,City Pharmacy #3233,137 Ring Road,Bengaluru,Karnataka,India
ST003234,Sunrise Pharmacy #3234,163 Lake View Road,Bengaluru,Karnataka,India
ST003235,Elite Grocery Store #3235,89 Lake View Road,Mumbai,Maharashtra,India
ST003236,Metro Convenience Store #3236,135 Garden Lane,New Delhi,Delhi,India
ST003237,Fresh Grocery Store #3237,84 MG Road,Bengaluru,Karnataka,India
ST003238,City Supermarket #3238,186 Ring Road,New Delhi,Delhi,India
ST003239,Family Grocery Store #3239,21 MG Road,New Delhi,Delhi,India
ST003240,Corner Hypermarket #3240,6 Market Street,Mumbai,Maharashtra,India
ST003241,Sunrise Hypermarket #3241,191 Ring Road,New Delhi,Delhi,India
ST003242,Daily Grocery Store #3242,147 Station Road,Bengaluru,Karnataka,India
ST003243,Neighborhood Hypermarket #3243,139 Church Street,New Delhi,Delhi,India
ST003244,Value Supermarket #3244,122 Church Street,New Delhi,Delhi,India
ST003245,Prime Grocery Store #3245,177 Market Street,New Delhi,Delhi,India
ST003246,Family Hypermarket #3246,12 Garden Lane,New Delhi,Delhi,India
ST003247,Elite Grocery Store #3247,174 Station Road,Bengaluru,Karnataka,India
ST003248,Fresh Hypermarket #3248,54 Main Road,Mumbai,Maharashtra,India
ST003249,Star Grocery Store #3249,71 Station Road,Bengaluru,Karnataka,India
ST003250,Neighborhood Grocery Store #3250,82 Ring Road,New Delhi,Delhi,India
ST003251,Metro Pharmacy #3251,182 MG Road,Bengaluru,Karnataka,India
ST003252,Daily Pharmacy #3252,74 Garden Lane,New Delhi,Delhi,India
ST003253,Neighborhood Grocery Store #3253,163 Garden Lane,Mumbai,Maharashtra,India
ST003254,Family Hypermarket #3254,122 Hill Street,Mumbai,Maharashtra,India
ST003255,Value Supermarket #3255,82 MG Road,Mumbai,Maharashtra,India
ST003256,City Grocery Store #3256,191 Lake View Road,Mumbai,Maharashtra,India
ST003257,Family Pharmacy #3257,44 Park Avenue,New Delhi,Delhi,India
ST003258,Corner Hypermarket #3258,170 Garden Lane,Bengaluru,Karnataka,India
ST003259,Star Supermarket #3259,144 MG Road,Mumbai,Maharashtra,India
ST003260,Metro Supermarket #3260,136 MG Road,New Delhi,Delhi,India
ST003261,Prime Hypermarket #3261,116 Lake View Road,Mumbai,Maharashtra,India
ST003262,City Supermarket #3262,150 Market Street,New Delhi,Delhi,India
ST003263,Value Convenience Store #3263,111 Park Avenue,New Delhi,Delhi,India
ST003264,Green Supermarket #3264,143 Lake View Road,Mumbai,Maharashtra,India
ST003265,Corner Pharmacy #3265,34 Park Avenue,New Delhi,Delhi,India
ST003266,Royal Convenience Store #3266,25 Park Avenue,Bengaluru,Karnataka,India
ST003267,Metro Pharmacy #3267,147 Station Road,Bengaluru,Karnataka,India
ST003268,Royal Pharmacy #3268,197 Park Avenue,Bengaluru,Karnataka,India
ST003269,Corner Convenience Store #3269,193 Church Street,Mumbai,Maharashtra,India
ST003270,Elite Grocery Store #3270,72 MG Road,New Delhi,Delhi,India
ST003271,Star Hypermarket #3271,171 MG Road,Bengaluru,Karnataka,India
ST003272,Family Convenience Store #3272,101 Church Street,New Delhi,Delhi,India
ST003273,Quick Grocery Store #3273,74 Lake View Road,Mumbai,Maharashtra,India
ST003274,Elite Pharmacy #3274,103 Station Road,Bengaluru,Karnataka,India
ST003275,Family Supermarket #3275,196 Lake View Road,Mumbai,Maharashtra,India
ST003276,Star Pharmacy #3276,99 Garden Lane,Bengaluru,Karnataka,India
ST003277,Corner Grocery Store #3277,49 Main Road,Mumbai,Maharashtra,India
ST003278,Metro Convenience Store #3278,157 Garden Lane,Bengaluru,Karnataka,India
ST003279,Daily Convenience Store #3279,147 Park Avenue,New Delhi,Delhi,India
ST003280,Value Supermarket #3280,64 Market Street,New Delhi,Delhi,India
ST003281,Star Convenience Store #3281,176 Ring Road,Mumbai,Maharashtra,India
ST003282,Fresh Hypermarket #3282,154 Park Avenue,New Delhi,Delhi,India
ST003283,Family Convenience Store #3283,42 Lake View Road,Bengaluru,Karnataka,India
ST003284,Sunrise Hypermarket #3284,45 Lake View Road,Bengaluru,Karnataka,India
ST003285,Value Pharmacy #3285,76 Ring Road,Bengaluru,Karnataka,India
ST003286,Metro Supermarket #3286,119 Lake View Road,New Delhi,Delhi,India
ST003287,Star Pharmacy #3287,114 Church Street,New Delhi,Delhi,India
ST003288,Quick Pharmacy #3288,165 Ring Road,New Delhi,Delhi,India
ST003289,Royal Convenience Store #3289,41 Church Street,Mumbai,Maharashtra,India
ST003290,Sunrise Grocery Store #3290,2 Main Road,Bengaluru,Karnataka,India
ST003291,Royal Grocery Store #3291,121 Park Avenue,New Delhi,Delhi,India
ST003292,Green Supermarket #3292,67 Hill Street,Mumbai,Maharashtra,India
ST003293,Sunrise Supermarket #3293,166 Hill Street,New Delhi,Delhi,India
ST003294,Quick Supermarket #3294,186 Main Road,Mumbai,Maharashtra,India
ST003295,Green Hypermarket #3295,186 Main Road,Mumbai,Maharashtra,India
ST003296,Corner Hypermarket #3296,131 Lake View Road,New Delhi,Delhi,India
ST003297,Green Grocery Store #3297,27 Market Street,Bengaluru,Karnataka,India
ST003298,Green Hypermarket #3298,193 Ring Road,New Delhi,Delhi,India
ST003299,Value Pharmacy #3299,169 MG Road,Mumbai,Maharashtra,India
ST003300,Elite Pharmacy #3300,124 Church Street,Bengaluru,Karnataka,India
ST003301,Daily Hypermarket #3301,165 Ring Road,Mumbai,Maharashtra,India
ST003302,Elite Grocery Store #3302,126 Church Street,New Delhi,Delhi,India
ST003303,Value Hypermarket #3303,177 Lake View Road,Mumbai,Maharashtra,India
ST003304,Green Hypermarket #3304,180 Station Road,Mumbai,Maharashtra,India
ST003305,Prime Convenience Store #3305,10 Market Street,New Delhi,Delhi,India
ST003306,Family Pharmacy #3306,7 Church Street,Mumbai,Maharashtra,India
ST003307,Neighborhood Hypermarket #3307,183 Station Road,Mumbai,Maharashtra,India
ST003308,Sunrise Hypermarket #3308,146 Station Road,Bengaluru,Karnataka,India
ST003309,Sunrise Grocery Store #3309,173 Station Road,Mumbai,Maharashtra,India
ST003310,Sunrise Pharmacy #3310,33 Market Street,New Delhi,Delhi,India
ST003311,Prime Convenience Store #3311,66 Church Street,Mumbai,Maharashtra,India
ST003312,Royal Supermarket #3312,150 Station Road,Bengaluru,Karnataka,India
ST003313,Neighborhood Pharmacy #3313,67 MG Road,Bengaluru,Karnataka,India
ST003314,Sunrise Convenience Store #3314,104 Lake View Road,New Delhi,Delhi,India
ST003315,Elite Convenience Store #3315,89 Market Street,Bengaluru,Karnataka,India
ST003316,Royal Convenience Store #3316,81 Hill Street,New Delhi,Delhi,India
ST003317,Corner Hypermarket #3317,166 Market Street,Mumbai,Maharashtra,India
ST003318,Quick Convenience Store #3318,124 Park Avenue,Bengaluru,Karnataka,India
ST003319,Star Supermarket #3319,88 Church Street,Bengaluru,Karnataka,India
ST003320,Metro Hypermarket #3320,39 Station Road,Bengaluru,Karnataka,India
ST003321,Green Convenience Store #3321,31 Church Street,New Delhi,Delhi,India
ST003322,Quick Hypermarket #3322,146 Main Road,Mumbai,Maharashtra,India
ST003323,Elite Convenience Store #3323,190 Church Street,Bengaluru,Karnataka,India
ST003324,Star Hypermarket #3324,103 Ring Road,Bengaluru,Karnataka,India
ST003325,Family Hypermarket #3325,70 Hill Street,Bengaluru,Karnataka,India
ST003326,Royal Convenience Store #3326,138 Ring Road,New Delhi,Delhi,India
ST003327,Quick Supermarket #3327,134 Church Street,New Delhi,Delhi,India
ST003328,Prime Pharmacy #3328,47 Church Street,New Delhi,Delhi,India
ST003329,Sunrise Pharmacy #3329,117 Market Street,New Delhi,Delhi,India
ST003330,Neighborhood Supermarket #3330,142 Station Road,Mumbai,Maharashtra,India
ST003331,Sunrise Supermarket #3331,188 Ring Road,Bengaluru,Karnataka,India
ST003332,Family Pharmacy #3332,16 Church Street,Mumbai,Maharashtra,India
ST003333,Metro Pharmacy #3333,195 Garden Lane,New Delhi,Delhi,India
ST003334,Quick Grocery Store #3334,138 Main Road,Bengaluru,Karnataka,India
ST003335,Green Hypermarket #3335,19 Church Street,New Delhi,Delhi,India
ST003336,Daily Grocery Store #3336,22 Lake View Road,Mumbai,Maharashtra,India
ST003337,Daily Pharmacy #3337,151 Church Street,New Delhi,Delhi,India
ST003338,Quick Convenience Store #3338,146 Main Road,Mumbai,Maharashtra,India
ST003339,Corner Convenience Store #3339,185 Lake View Road,Bengaluru,Karnataka,India
ST003340,Neighborhood Pharmacy #3340,158 Lake View Road,New Delhi,Delhi,India
ST003341,Prime Supermarket #3341,154 Station Road,Mumbai,Maharashtra,India
ST003342,Star Grocery Store #3342,85 Hill Street,Bengaluru,Karnataka,India
ST003343,Family Grocery Store #3343,166 Station Road,Mumbai,Maharashtra,India
ST003344,Royal Hypermarket #3344,64 MG Road,New Delhi,Delhi,India
ST003345,Star Hypermarket #3345,129 Station Road,New Delhi,Delhi,India
ST003346,Daily Grocery Store #3346,125 Main Road,Bengaluru,Karnataka,India
ST003347,Elite Hypermarket #3347,121 Lake View Road,New Delhi,Delhi,India
ST003348,City Pharmacy #3348,195 Park Avenue,Bengaluru,Karnataka,India
ST003349,Daily Hypermarket #3349,88 Hill Street,Mumbai,Maharashtra,India
ST003350,Metro Pharmacy #3350,196 Church Street,Bengaluru,Karnataka,India
ST003351,Prime Pharmacy #3351,79 MG Road,New Delhi,Delhi,India
ST003352,Quick Convenience Store #3352,176 Station Road,Bengaluru,Karnataka,India
ST003353,Metro Convenience Store #3353,173 Market Street,New Delhi,Delhi,India
ST003354,City Hypermarket #3354,197 Park Avenue,Bengaluru,Karnataka,India
ST003355,Royal Pharmacy #3355,157 Market Street,Bengaluru,Karnataka,India
ST003356,Family Hypermarket #3356,168 Garden Lane,Mumbai,Maharashtra,India
ST003357,Green Grocery Store #3357,69 Church Street,New Delhi,Delhi,India
ST003358,Quick Hypermarket #3358,95 Market Street,Mumbai,Maharashtra,India
ST003359,Value Hypermarket #3359,91 MG Road,New Delhi,Delhi,India
ST003360,Prime Grocery Store #3360,145 Park Avenue,Mumbai,Maharashtra,India
ST003361,Fresh Grocery Store #3361,15 Park Avenue,Mumbai,Maharashtra,India
ST003362,Star Hypermarket #3362,117 Station Road,Bengaluru,Karnataka,India
ST003363,Royal Supermarket #3363,52 Church Street,New Delhi,Delhi,India
ST003364,Prime Hypermarket #3364,7 MG Road,Mumbai,Maharashtra,India
ST003365,Green Grocery Store #3365,84 Hill Street,Mumbai,Maharashtra,India
ST003366,Sunrise Convenience Store #3366,56 Garden Lane,Bengaluru,Karnataka,India
ST003367,Quick Convenience Store #3367,28 Ring Road,Mumbai,Maharashtra,India
ST003368,City Pharmacy #3368,186 Lake View Road,Mumbai,Maharashtra,India
ST003369,Quick Convenience Store #3369,200 Park Avenue,Bengaluru,Karnataka,India
ST003370,Metro Grocery Store #3370,156 Garden Lane,Mumbai,Maharashtra,India
ST003371,Fresh Grocery Store #3371,15 MG Road,Bengaluru,Karnataka,India
ST003372,Family Hypermarket #3372,113 Station Road,Mumbai,Maharashtra,India
ST003373,Quick Supermarket #3373,192 Ring Road,Bengaluru,Karnataka,India
ST003374,Green Hypermarket #3374,106 Market Street,New Delhi,Delhi,India
ST003375,Neighborhood Pharmacy #3375,147 Church Street,Mumbai,Maharashtra,India
ST003376,Daily Convenience Store #3376,63 MG Road,Mumbai,Maharashtra,India
ST003377,Family Convenience Store #3377,67 Hill Street,New Delhi,Delhi,India
ST003378,Royal Convenience Store #3378,177 Main Road,Mumbai,Maharashtra,India
ST003379,Green Pharmacy #3379,180 MG Road,Bengaluru,Karnataka,India
ST003380,Elite Hypermarket #3380,192 Church Street,Mumbai,Maharashtra,India
ST003381,Value Pharmacy #3381,59 Lake View Road,Mumbai,Maharashtra,India
ST003382,Value Hypermarket #3382,174 Station Road,Bengaluru,Karnataka,India
ST003383,Neighborhood Hypermarket #3383,6 Market Street,New Delhi,Delhi,India
ST003384,Star Supermarket #3384,110 Park Avenue,Mumbai,Maharashtra,India
ST003385,Green Grocery Store #3385,136 Main Road,Bengaluru,Karnataka,India
ST003386,Value Convenience Store #3386,145 Park Avenue,Bengaluru,Karnataka,India
ST003387,Family Supermarket #3387,138 Lake View Road,Mumbai,Maharashtra,India
ST003388,Neighborhood Hypermarket #3388,163 Ring Road,Mumbai,Maharashtra,India
ST003389,Neighborhood Supermarket #3389,143 Ring Road,Bengaluru,Karnataka,India
ST003390,City Convenience Store #3390,23 Garden Lane,New Delhi,Delhi,India
ST003391,Neighborhood Grocery Store #3391,49 Ring Road,New Delhi,Delhi,India
ST003392,Royal Grocery Store #3392,120 Lake View Road,Mumbai,Maharashtra,India
ST003393,Star Pharmacy #3393,19 Market Street,Mumbai,Maharashtra,India
ST003394,Value Convenience Store #3394,136 Park Avenue,Mumbai,Maharashtra,India
ST003395,Corner Supermarket #3395,76 Main Road,New Delhi,Delhi,India
ST003396,Royal Convenience Store #3396,5 Main Road,Mumbai,Maharashtra,India
ST003397,Value Pharmacy #3397,39 Station Road,Mumbai,Maharashtra,India
ST003398,Neighborhood Pharmacy #3398,197 MG Road,New Delhi,Delhi,India
ST003399,Quick Convenience Store #3399,171 Church Street,New Delhi,Delhi,India
ST003400,Elite Convenience Store #3400,184 Garden Lane,Mumbai,Maharashtra,India
ST003401,Metro Pharmacy #3401,53 Station Road,Bengaluru,Karnataka,India
ST003402,Daily Pharmacy #3402,137 Garden Lane,Bengaluru,Karnataka,India
ST003403,Green Supermarket #3403,139 MG Road,Bengaluru,Karnataka,India
ST003404,Value Supermarket #3404,59 Church Street,Mumbai,Maharashtra,India
ST003405,Prime Pharmacy #3405,109 Station Road,Bengaluru,Karnataka,India
ST003406,Elite Pharmacy #3406,198 MG Road,Bengaluru,Karnataka,India
ST003407,City Supermarket #3407,32 Park Avenue,Mumbai,Maharashtra,India
ST003408,Quick Supermarket #3408,190 Church Street,New Delhi,Delhi,India
ST003409,Fresh Grocery Store #3409,113 Park Avenue,Mumbai,Maharashtra,India
ST003410,Metro Pharmacy #3410,152 Ring Road,Mumbai,Maharashtra,India
ST003411,City Supermarket #3411,149 Hill Street,New Delhi,Delhi,India
ST003412,City Supermarket #3412,31 Lake View Road,Bengaluru,Karnataka,India
ST003413,Value Convenience Store #3413,82 Park Avenue,New Delhi,Delhi,India
ST003414,Metro Pharmacy #3414,130 MG Road,Bengaluru,Karnataka,India
ST003415,Prime Grocery Store #3415,29 Lake View Road,New Delhi,Delhi,India
ST003416,Fresh Supermarket #3416,108 Park Avenue,Mumbai,Maharashtra,India
ST003417,Value Supermarket #3417,80 Ring Road,Mumbai,Maharashtra,India
ST003418,Royal Grocery Store #3418,77 Church Street,New Delhi,Delhi,India
ST003419,Star Supermarket #3419,100 Lake View Road,New Delhi,Delhi,India
ST003420,Prime Supermarket #3420,166 MG Road,New Delhi,Delhi,India
ST003421,City Supermarket #3421,46 Garden Lane,Bengaluru,Karnataka,India
ST003422,City Supermarket #3422,40 Market Street,New Delhi,Delhi,India
ST003423,Green Grocery Store #3423,16 Garden Lane,Bengaluru,Karnataka,India
ST003424,Royal Pharmacy #3424,170 Station Road,New Delhi,Delhi,India
ST003425,Neighborhood Hypermarket #3425,41 Park Avenue,Mumbai,Maharashtra,India
ST003426,City Pharmacy #3426,39 Market Street,New Delhi,Delhi,India
ST003427,Elite Hypermarket #3427,42 Main Road,Bengaluru,Karnataka,India
ST003428,Metro Grocery Store #3428,104 MG Road,Mumbai,Maharashtra,India
ST003429,Neighborhood Hypermarket #3429,8 Main Road,Mumbai,Maharashtra,India
ST003430,Fresh Hypermarket #3430,9 Market Street,Mumbai,Maharashtra,India
ST003431,Fresh Grocery Store #3431,97 Garden Lane,New Delhi,Delhi,India
ST003432,City Convenience Store #3432,26 Main Road,Bengaluru,Karnataka,India
ST003433,Elite Hypermarket #3433,24 Park Avenue,Bengaluru,Karnataka,India
ST003434,Daily Supermarket #3434,119 Park Avenue,Mumbai,Maharashtra,India
ST003435,Quick Convenience Store #3435,155 Main Road,Bengaluru,Karnataka,India
ST003436,Quick Hypermarket #3436,66 Market Street,Mumbai,Maharashtra,India
ST003437,Star Hypermarket #3437,94 Garden Lane,New Delhi,Delhi,India
ST003438,Quick Supermarket #3438,192 Garden Lane,Mumbai,Maharashtra,India
ST003439,City Pharmacy #3439,132 Market Street,Bengaluru,Karnataka,India
ST003440,Metro Pharmacy #3440,22 Ring Road,New Delhi,Delhi,India
ST003441,Prime Grocery Store #3441,27 Church Street,New Delhi,Delhi,India
ST003442,Prime Pharmacy #3442,187 Station Road,Bengaluru,Karnataka,India
ST003443,Sunrise Hypermarket #3443,172 Garden Lane,Mumbai,Maharashtra,India
ST003444,Family Convenience Store #3444,69 Market Street,New Delhi,Delhi,India
ST003445,Corner Hypermarket #3445,170 Market Street,Mumbai,Maharashtra,India
ST003446,Sunrise Convenience Store #3446,192 Park Avenue,Bengaluru,Karnataka,India
ST003447,Green Supermarket #3447,47 Main Road,Bengaluru,Karnataka,India
ST003448,Star Pharmacy #3448,61 Market Street,Bengaluru,Karnataka,India
ST003449,Value Grocery Store #3449,147 Lake View Road,Bengaluru,Karnataka,India
ST003450,Royal Grocery Store #3450,49 Garden Lane,Mumbai,Maharashtra,India
ST003451,Quick Grocery Store #3451,117 Garden Lane,Bengaluru,Karnataka,India
ST003452,Family Hypermarket #3452,31 Station Road,Mumbai,Maharashtra,India
ST003453,Elite Convenience Store #3453,87 Market Street,Mumbai,Maharashtra,India
ST003454,Value Hypermarket #3454,198 Hill Street,Mumbai,Maharashtra,India
ST003455,Star Grocery Store #3455,172 MG Road,Bengaluru,Karnataka,India
ST003456,Prime Convenience Store #3456,94 Park Avenue,Bengaluru,Karnataka,India
ST003457,Family Supermarket #3457,25 Church Street,Bengaluru,Karnataka,India
ST003458,Royal Grocery Store #3458,31 Hill Street,Bengaluru,Karnataka,India
ST003459,City Hypermarket #3459,79 Lake View Road,Mumbai,Maharashtra,India
ST003460,Family Grocery Store #3460,130 Market Street,Bengaluru,Karnataka,India
ST003461,Royal Grocery Store #3461,50 Market Street,New Delhi,Delhi,India
ST003462,Green Pharmacy #3462,51 MG Road,Bengaluru,Karnataka,India
ST003463,Neighborhood Convenience Store #3463,145 Hill Street,Bengaluru,Karnataka,India
ST003464,Fresh Convenience Store #3464,93 Hill Street,New Delhi,Delhi,India
ST003465,Sunrise Pharmacy #3465,43 MG Road,New Delhi,Delhi,India
ST003466,Daily Pharmacy #3466,43 Garden Lane,New Delhi,Delhi,India
ST003467,Royal Pharmacy #3467,39 Hill Street,New Delhi,Delhi,India
ST003468,Corner Convenience Store #3468,72 Main Road,Bengaluru,Karnataka,India
ST003469,Prime Grocery Store #3469,134 Park Avenue,Mumbai,Maharashtra,India
ST003470,Quick Grocery Store #3470,35 Station Road,Mumbai,Maharashtra,India
ST003471,Daily Supermarket #3471,182 Hill Street,Mumbai,Maharashtra,India
ST003472,Metro Hypermarket #3472,157 Garden Lane,New Delhi,Delhi,India
ST003473,Fresh Supermarket #3473,36 Market Street,Mumbai,Maharashtra,India
ST003474,Royal Grocery Store #3474,196 Church Street,Bengaluru,Karnataka,India
ST003475,Green Grocery Store #3475,166 Park Avenue,Bengaluru,Karnataka,India
ST003476,Neighborhood Grocery Store #3476,64 MG Road,Bengaluru,Karnataka,India
ST003477,Metro Supermarket #3477,36 Park Avenue,Mumbai,Maharashtra,India
ST003478,Sunrise Supermarket #3478,150 Market Street,New Delhi,Delhi,India
ST003479,Quick Pharmacy #3479,173 Station Road,Bengaluru,Karnataka,India
ST003480,Fresh Hypermarket #3480,31 Hill Street,New Delhi,Delhi,India
ST003481,Family Hypermarket #3481,198 Garden Lane,Bengaluru,Karnataka,India
ST003482,Metro Grocery Store #3482,113 Station Road,New Delhi,Delhi,India
ST003483,Family Supermarket #3483,157 Lake View Road,New Delhi,Delhi,India
ST003484,Daily Pharmacy #3484,88 Station Road,New Delhi,Delhi,India
ST003485,Corner Supermarket #3485,29 Lake View Road,Mumbai,Maharashtra,India
ST003486,Neighborhood Grocery Store #3486,182 Lake View Road,Bengaluru,Karnataka,India
ST003487,Metro Hypermarket #3487,27 Ring Road,New Delhi,Delhi,India
ST003488,Neighborhood Convenience Store #3488,62 Lake View Road,Mumbai,Maharashtra,India
ST003489,Corner Grocery Store #3489,164 Ring Road,Bengaluru,Karnataka,India
ST003490,Royal Hypermarket #3490,188 Station Road,New Delhi,Delhi,India
ST003491,Star Hypermarket #3491,85 Park Avenue,New Delhi,Delhi,India
ST003492,Value Hypermarket #3492,4 Ring Road,Bengaluru,Karnataka,India
ST003493,Metro Grocery Store #3493,127 Church Street,New Delhi,Delhi,India
ST003494,Corner Convenience Store #3494,69 Ring Road,New Delhi,Delhi,India
ST003495,Family Grocery Store #3495,145 Park Avenue,New Delhi,Delhi,India
ST003496,Family Convenience Store #3496,98 Main Road,New Delhi,Delhi,India
ST003497,Daily Convenience Store #3497,165 Ring Road,New Delhi,Delhi,India
ST003498,Daily Convenience Store #3498,196 Church Street,Bengaluru,Karnataka,India
ST003499,Neighborhood Hypermarket #3499,182 Garden Lane,New Delhi,Delhi,India
ST003500,Royal Grocery Store #3500,184 Main Road,Mumbai,Maharashtra,India
ST003501,Star Hypermarket #3501,118 Garden Lane,Mumbai,Maharashtra,India
ST003502,Fresh Convenience Store #3502,161 Park Avenue,Mumbai,Maharashtra,India
ST003503,Metro Supermarket #3503,47 Main Road,New Delhi,Delhi,India
ST003504,Daily Hypermarket #3504,106 Main Road,Mumbai,Maharashtra,India
ST003505,Royal Grocery Store #3505,92 MG Road,Mumbai,Maharashtra,India
ST003506,Metro Hypermarket #3506,115 Main Road,Mumbai,Maharashtra,India
ST003507,Quick Hypermarket #3507,163 Station Road,New Delhi,Delhi,India
ST003508,Metro Pharmacy #3508,198 Hill Street,New Delhi,Delhi,India
ST003509,Sunrise Hypermarket #3509,193 MG Road,Mumbai,Maharashtra,India
ST003510,Royal Pharmacy #3510,23 MG Road,Mumbai,Maharashtra,India
ST003511,Neighborhood Hypermarket #3511,190 Church Street,New Delhi,Delhi,India
ST003512,Royal Hypermarket #3512,26 Ring Road,Mumbai,Maharashtra,India
ST003513,Value Grocery Store #3513,128 Market Street,New Delhi,Delhi,India
ST003514,Metro Grocery Store #3514,182 Lake View Road,Mumbai,Maharashtra,India
ST003515,Value Hypermarket #3515,93 Market Street,Mumbai,Maharashtra,India
ST003516,Value Pharmacy #3516,29 Church Street,Bengaluru,Karnataka,India
ST003517,Prime Convenience Store #3517,180 Hill Street,New Delhi,Delhi,India
ST003518,Green Hypermarket #3518,138 Market Street,New Delhi,Delhi,India
ST003519,Neighborhood Grocery Store #3519,20 Church Street,New Delhi,Delhi,India
ST003520,Daily Supermarket #3520,154 Park Avenue,New Delhi,Delhi,India
ST003521,City Hypermarket #3521,88 Hill Street,New Delhi,Delhi,India
ST003522,Corner Hypermarket #3522,99 Ring Road,Bengaluru,Karnataka,India
ST003523,Neighborhood Hypermarket #3523,22 MG Road,New Delhi,Delhi,India
ST003524,Quick Pharmacy #3524,63 Hill Street,Bengaluru,Karnataka,India
ST003525,Star Pharmacy #3525,7 Lake View Road,Mumbai,Maharashtra,India
ST003526,Royal Pharmacy #3526,57 Church Street,New Delhi,Delhi,India
ST003527,Quick Pharmacy #3527,56 Market Street,New Delhi,Delhi,India
ST003528,Prime Supermarket #3528,6 Garden Lane,Bengaluru,Karnataka,India
ST003529,Royal Grocery Store #3529,107 Hill Street,Mumbai,Maharashtra,India
ST003530,Neighborhood Convenience Store #3530,106 Market Street,Bengaluru,Karnataka,India
ST003531,Neighborhood Convenience Store #3531,161 Garden Lane,Mumbai,Maharashtra,India
ST003532,Sunrise Grocery Store #3532,181 MG Road,Mumbai,Maharashtra,India
ST003533,Corner Hypermarket #3533,94 Church Street,Mumbai,Maharashtra,India
ST003534,Family Hypermarket #3534,20 Market Street,Mumbai,Maharashtra,India
ST003535,Royal Hypermarket #3535,64 Hill Street,New Delhi,Delhi,India
ST003536,City Convenience Store #3536,130 Lake View Road,Bengaluru,Karnataka,India
ST003537,Value Convenience Store #3537,155 Church Street,Bengaluru,Karnataka,India
ST003538,Sunrise Hypermarket #3538,166 Hill Street,New Delhi,Delhi,India
ST003539,Quick Pharmacy #3539,148 Main Road,Mumbai,Maharashtra,India
ST003540,Neighborhood Grocery Store #3540,128 Garden Lane,Mumbai,Maharashtra,India
ST003541,Daily Grocery Store #3541,6 Hill Street,Bengaluru,Karnataka,India
ST003542,Family Grocery Store #3542,15 MG Road,New Delhi,Delhi,India
ST003543,Royal Grocery Store #3543,38 Ring Road,New Delhi,Delhi,India
ST003544,Daily Hypermarket #3544,71 Garden Lane,New Delhi,Delhi,India
ST003545,Elite Hypermarket #3545,8 Garden Lane,New Delhi,Delhi,India
ST003546,Corner Grocery Store #3546,196 Market Street,New Delhi,Delhi,India
ST003547,Metro Grocery Store #3547,116 Station Road,New Delhi,Delhi,India
ST003548,Sunrise Convenience Store #3548,78 MG Road,New Delhi,Delhi,India
ST003549,Neighborhood Pharmacy #3549,105 Market Street,New Delhi,Delhi,India
ST003550,Star Convenience Store #3550,81 Main Road,New Delhi,Delhi,India
ST003551,Fresh Convenience Store #3551,194 MG Road,New Delhi,Delhi,India
ST003552,Daily Convenience Store #3552,158 Ring Road,Bengaluru,Karnataka,India
ST003553,Corner Convenience Store #3553,42 Church Street,New Delhi,Delhi,India
ST003554,Neighborhood Pharmacy #3554,47 Main Road,Bengaluru,Karnataka,India
ST003555,Sunrise Grocery Store #3555,85 Ring Road,Bengaluru,Karnataka,India
ST003556,Corner Supermarket #3556,180 Park Avenue,New Delhi,Delhi,India
ST003557,Corner Grocery Store #3557,122 Market Street,New Delhi,Delhi,India
ST003558,City Hypermarket #3558,80 MG Road,Bengaluru,Karnataka,India
ST003559,Sunrise Pharmacy #3559,65 Lake View Road,Mumbai,Maharashtra,India
ST003560,City Supermarket #3560,103 Church Street,Mumbai,Maharashtra,India
ST003561,Value Pharmacy #3561,163 Ring Road,New Delhi,Delhi,India
ST003562,Quick Hypermarket #3562,135 Station Road,Bengaluru,Karnataka,India
ST003563,Elite Supermarket #3563,16 Hill Street,New Delhi,Delhi,India
ST003564,Star Supermarket #3564,25 Market Street,Mumbai,Maharashtra,India
ST003565,Family Supermarket #3565,2 MG Road,Bengaluru,Karnataka,India
ST003566,Prime Grocery Store #3566,146 Garden Lane,Bengaluru,Karnataka,India
ST003567,Royal Hypermarket #3567,45 Church Street,Bengaluru,Karnataka,India
ST003568,Quick Convenience Store #3568,138 Church Street,Bengaluru,Karnataka,India
ST003569,Daily Hypermarket #3569,40 Garden Lane,New Delhi,Delhi,India
ST003570,Neighborhood Hypermarket #3570,113 Market Street,Bengaluru,Karnataka,India
ST003571,City Convenience Store #3571,8 Garden Lane,Mumbai,Maharashtra,India
ST003572,Elite Supermarket #3572,31 Station Road,New Delhi,Delhi,India
ST003573,Daily Hypermarket #3573,175 Market Street,Mumbai,Maharashtra,India
ST003574,Family Convenience Store #3574,26 Lake View Road,Bengaluru,Karnataka,India
ST003575,Neighborhood Pharmacy #3575,157 MG Road,Bengaluru,Karnataka,India
ST003576,Elite Grocery Store #3576,141 Park Avenue,New Delhi,Delhi,India
ST003577,Daily Grocery Store #3577,142 Ring Road,New Delhi,Delhi,India
ST003578,Metro Hypermarket #3578,37 Church Street,Mumbai,Maharashtra,India
ST003579,Metro Grocery Store #3579,11 MG Road,Mumbai,Maharashtra,India
ST003580,Elite Supermarket #3580,169 Garden Lane,Mumbai,Maharashtra,India
ST003581,Royal Supermarket #3581,24 MG Road,New Delhi,Delhi,India
ST003582,Neighborhood Convenience Store #3582,180 Hill Street,New Delhi,Delhi,India
ST003583,Corner Convenience Store #3583,165 Church Street,New Delhi,Delhi,India
ST003584,Value Hypermarket #3584,115 Church Street,Bengaluru,Karnataka,India
ST003585,Star Hypermarket #3585,104 Park Avenue,Mumbai,Maharashtra,India
ST003586,Daily Grocery Store #3586,7 Lake View Road,Mumbai,Maharashtra,India
ST003587,Value Supermarket #3587,124 Garden Lane,New Delhi,Delhi,India
ST003588,Prime Grocery Store #3588,198 Station Road,Mumbai,Maharashtra,India
ST003589,Family Supermarket #3589,49 Ring Road,Bengaluru,Karnataka,India
ST003590,Elite Hypermarket #3590,192 Garden Lane,New Delhi,Delhi,India
ST003591,City Convenience Store #3591,81 Main Road,New Delhi,Delhi,India
ST003592,Fresh Convenience Store #3592,78 Park Avenue,Bengaluru,Karnataka,India
ST003593,Value Pharmacy #3593,14 Park Avenue,New Delhi,Delhi,India
ST003594,Family Convenience Store #3594,131 MG Road,Bengaluru,Karnataka,India
ST003595,Elite Supermarket #3595,26 Lake View Road,Bengaluru,Karnataka,India
ST003596,Elite Pharmacy #3596,183 MG Road,Bengaluru,Karnataka,India
ST003597,Sunrise Supermarket #3597,127 Church Street,Bengaluru,Karnataka,India
ST003598,Star Convenience Store #3598,4 Main Road,New Delhi,Delhi,India
ST003599,Metro Grocery Store #3599,30 Station Road,New Delhi,Delhi,India
ST003600,Elite Supermarket #3600,169 MG Road,Bengaluru,Karnataka,India
ST003601,Corner Pharmacy #3601,96 Park Avenue,Bengaluru,Karnataka,India
ST003602,City Supermarket #3602,154 Church Street,Bengaluru,Karnataka,India
ST003603,Star Convenience Store #3603,109 Garden Lane,Mumbai,Maharashtra,India
ST003604,Metro Hypermarket #3604,189 Station Road,New Delhi,Delhi,India
ST003605,Sunrise Grocery Store #3605,107 Park Avenue,Bengaluru,Karnataka,India
ST003606,Prime Grocery Store #3606,200 Lake View Road,Bengaluru,Karnataka,India
ST003607,Neighborhood Hypermarket #3607,161 Park Avenue,Bengaluru,Karnataka,India
ST003608,Sunrise Supermarket #3608,33 Church Street,Mumbai,Maharashtra,India
ST003609,Star Supermarket #3609,30 Market Street,Bengaluru,Karnataka,India
ST003610,Daily Grocery Store #3610,138 MG Road,Bengaluru,Karnataka,India
ST003611,Sunrise Pharmacy #3611,175 Park Avenue,Mumbai,Maharashtra,India
ST003612,Family Hypermarket #3612,73 Garden Lane,Mumbai,Maharashtra,India
ST003613,Daily Hypermarket #3613,102 Church Street,Bengaluru,Karnataka,India
ST003614,Family Supermarket #3614,52 Market Street,Mumbai,Maharashtra,India
ST003615,Fresh Convenience Store #3615,123 Ring Road,Mumbai,Maharashtra,India
ST003616,Metro Supermarket #3616,100 Market Street,Bengaluru,Karnataka,India
ST003617,Green Supermarket #3617,18 Church Street,New Delhi,Delhi,India
ST003618,Neighborhood Grocery Store #3618,113 Market Street,Mumbai,Maharashtra,India
ST003619,Neighborhood Grocery Store #3619,170 Hill Street,Bengaluru,Karnataka,India
ST003620,Green Pharmacy #3620,186 MG Road,Bengaluru,Karnataka,India
ST003621,Neighborhood Supermarket #3621,40 MG Road,Bengaluru,Karnataka,India
ST003622,Elite Hypermarket #3622,90 Lake View Road,Bengaluru,Karnataka,India
ST003623,Elite Pharmacy #3623,15 Park Avenue,New Delhi,Delhi,India
ST003624,City Grocery Store #3624,130 Ring Road,Mumbai,Maharashtra,India
ST003625,City Pharmacy #3625,50 MG Road,New Delhi,Delhi,India
ST003626,Fresh Grocery Store #3626,18 Church Street,Mumbai,Maharashtra,India
ST003627,Family Convenience Store #3627,143 Market Street,Mumbai,Maharashtra,India
ST003628,Family Pharmacy #3628,15 Ring Road,Mumbai,Maharashtra,India
ST003629,Corner Supermarket #3629,137 Main Road,New Delhi,Delhi,India
ST003630,Sunrise Convenience Store #3630,186 MG Road,Bengaluru,Karnataka,India
ST003631,Fresh Hypermarket #3631,27 Church Street,Bengaluru,Karnataka,India
ST003632,Corner Supermarket #3632,145 Main Road,Bengaluru,Karnataka,India
ST003633,Green Grocery Store #3633,31 Church Street,New Delhi,Delhi,India
ST003634,Neighborhood Supermarket #3634,19 Main Road,New Delhi,Delhi,India
ST003635,Elite Grocery Store #3635,166 Park Avenue,New Delhi,Delhi,India
ST003636,Star Hypermarket #3636,100 Lake View Road,New Delhi,Delhi,India
ST003637,Star Pharmacy #3637,157 Station Road,Mumbai,Maharashtra,India
ST003638,Star Hypermarket #3638,123 Market Street,Mumbai,Maharashtra,India
ST003639,Family Grocery Store #3639,58 Market Street,Mumbai,Maharashtra,India
ST003640,Star Hypermarket #3640,45 Park Avenue,New Delhi,Delhi,India
ST003641,Elite Hypermarket #3641,95 Main Road,Bengaluru,Karnataka,India
ST003642,Green Grocery Store #3642,37 Main Road,Mumbai,Maharashtra,India
ST003643,Corner Grocery Store #3643,139 Church Street,New Delhi,Delhi,India
ST003644,City Grocery Store #3644,91 Church Street,New Delhi,Delhi,India
ST003645,Corner Grocery Store #3645,118 Lake View Road,Mumbai,Maharashtra,India
ST003646,Corner Grocery Store #3646,94 MG Road,Mumbai,Maharashtra,India
ST003647,Star Hypermarket #3647,35 Hill Street,Mumbai,Maharashtra,India
ST003648,Metro Pharmacy #3648,183 Church Street,Bengaluru,Karnataka,India
ST003649,Metro Convenience Store #3649,169 Garden Lane,New Delhi,Delhi,India
ST003650,Elite Hypermarket #3650,141 Park Avenue,Mumbai,Maharashtra,India
ST003651,Star Hypermarket #3651,55 Park Avenue,Mumbai,Maharashtra,India
ST003652,Quick Pharmacy #3652,139 Lake View Road,Bengaluru,Karnataka,India
ST003653,Elite Hypermarket #3653,106 Main Road,New Delhi,Delhi,India
ST003654,Metro Pharmacy #3654,142 Market Street,Mumbai,Maharashtra,India
ST003655,Elite Grocery Store #3655,111 Market Street,New Delhi,Delhi,India
ST003656,Fresh Grocery Store #3656,53 Park Avenue,New Delhi,Delhi,India
ST003657,Star Convenience Store #3657,70 Garden Lane,Bengaluru,Karnataka,India
ST003658,Star Pharmacy #3658,148 Church Street,Mumbai,Maharashtra,India
ST003659,Corner Pharmacy #3659,120 Church Street,Mumbai,Maharashtra,India
ST003660,Green Pharmacy #3660,81 Garden Lane,Mumbai,Maharashtra,India
ST003661,Family Convenience Store #3661,161 Main Road,New Delhi,Delhi,India
ST003662,Green Supermarket #3662,22 Main Road,Bengaluru,Karnataka,India
ST003663,Elite Supermarket #3663,85 Ring Road,Bengaluru,Karnataka,India
ST003664,Elite Hypermarket #3664,52 Market Street,Mumbai,Maharashtra,India
ST003665,Prime Pharmacy #3665,93 Garden Lane,Bengaluru,Karnataka,India
ST003666,Neighborhood Hypermarket #3666,122 MG Road,Mumbai,Maharashtra,India
ST003667,Prime Pharmacy #3667,26 Hill Street,Mumbai,Maharashtra,India
ST003668,Elite Pharmacy #3668,42 Park Avenue,Bengaluru,Karnataka,India
ST003669,Family Supermarket #3669,105 Market Street,New Delhi,Delhi,India
ST003670,Family Convenience Store #3670,121 Station Road,New Delhi,Delhi,India
ST003671,Daily Pharmacy #3671,38 Lake View Road,New Delhi,Delhi,India
ST003672,Green Supermarket #3672,35 Park Avenue,Bengaluru,Karnataka,India
ST003673,Corner Grocery Store #3673,44 Main Road,Mumbai,Maharashtra,India
ST003674,Sunrise Convenience Store #3674,113 Garden Lane,Mumbai,Maharashtra,India
ST003675,City Convenience Store #3675,6 Lake View Road,Mumbai,Maharashtra,India
ST003676,Value Convenience Store #3676,22 MG Road,Mumbai,Maharashtra,India
ST003677,City Supermarket #3677,160 Station Road,Bengaluru,Karnataka,India
ST003678,Elite Grocery Store #3678,29 Church Street,Bengaluru,Karnataka,India
ST003679,Prime Hypermarket #3679,22 MG Road,New Delhi,Delhi,India
ST003680,Green Convenience Store #3680,5 Garden Lane,Mumbai,Maharashtra,India
ST003681,Corner Convenience Store #3681,94 Station Road,Bengaluru,Karnataka,India
ST003682,Family Pharmacy #3682,134 Main Road,Mumbai,Maharashtra,India
ST003683,Value Grocery Store #3683,14 Church Street,Bengaluru,Karnataka,India
ST003684,Prime Hypermarket #3684,111 MG Road,Mumbai,Maharashtra,India
ST003685,Prime Supermarket #3685,195 Lake View Road,New Delhi,Delhi,India
ST003686,Value Supermarket #3686,9 Market Street,New Delhi,Delhi,India
ST003687,Fresh Convenience Store #3687,147 Main Road,New Delhi,Delhi,India
ST003688,Corner Hypermarket #3688,121 Park Avenue,Bengaluru,Karnataka,India
ST003689,Fresh Grocery Store #3689,173 Station Road,New Delhi,Delhi,India
ST003690,Value Grocery Store #3690,132 Park Avenue,Mumbai,Maharashtra,India
ST003691,Sunrise Grocery Store #3691,34 MG Road,Mumbai,Maharashtra,India
ST003692,Family Hypermarket #3692,126 Station Road,Bengaluru,Karnataka,India
ST003693,Daily Hypermarket #3693,172 Ring Road,Mumbai,Maharashtra,India
ST003694,Royal Hypermarket #3694,30 Main Road,New Delhi,Delhi,India
ST003695,Green Pharmacy #3695,63 Ring Road,Bengaluru,Karnataka,India
ST003696,Value Pharmacy #3696,40 Garden Lane,Bengaluru,Karnataka,India
ST003697,Green Pharmacy #3697,20 Main Road,Bengaluru,Karnataka,India
ST003698,Sunrise Supermarket #3698,159 Ring Road,Mumbai,Maharashtra,India
ST003699,Neighborhood Pharmacy #3699,118 MG Road,New Delhi,Delhi,India
ST003700,Neighborhood Supermarket #3700,15 Market Street,Bengaluru,Karnataka,India
ST003701,Elite Pharmacy #3701,21 Market Street,New Delhi,Delhi,India
ST003702,Sunrise Supermarket #3702,1 Park Avenue,Bengaluru,Karnataka,India
ST003703,Metro Pharmacy #3703,184 Ring Road,Bengaluru,Karnataka,India
ST003704,Value Grocery Store #3704,136 Church Street,New Delhi,Delhi,India
ST003705,Royal Grocery Store #3705,182 Lake View Road,Bengaluru,Karnataka,India
ST003706,Sunrise Convenience Store #3706,121 Station Road,Bengaluru,Karnataka,India
ST003707,Royal Convenience Store #3707,114 Market Street,Bengaluru,Karnataka,India
ST003708,Fresh Convenience Store #3708,46 Church Street,Bengaluru,Karnataka,India
ST003709,City Hypermarket #3709,148 Church Street,New Delhi,Delhi,India
ST003710,Sunrise Supermarket #3710,49 Market Street,Bengaluru,Karnataka,India
ST003711,Green Hypermarket #3711,42 Park Avenue,Bengaluru,Karnataka,India
ST003712,Prime Convenience Store #3712,106 Hill Street,New Delhi,Delhi,India
ST003713,Metro Hypermarket #3713,65 MG Road,Mumbai,Maharashtra,India
ST003714,Family Pharmacy #3714,168 Station Road,Bengaluru,Karnataka,India
ST003715,Green Hypermarket #3715,17 Main Road,Bengaluru,Karnataka,India
ST003716,Quick Supermarket #3716,188 Main Road,Mumbai,Maharashtra,India
ST003717,Green Convenience Store #3717,21 Lake View Road,Mumbai,Maharashtra,India
ST003718,Sunrise Supermarket #3718,23 MG Road,New Delhi,Delhi,India
ST003719,Green Convenience Store #3719,179 Garden Lane,Mumbai,Maharashtra,India
ST003720,Neighborhood Supermarket #3720,187 MG Road,Mumbai,Maharashtra,India
ST003721,Value Grocery Store #3721,123 MG Road,New Delhi,Delhi,India
ST003722,Prime Grocery Store #3722,81 Hill Street,Mumbai,Maharashtra,India
ST003723,Metro Pharmacy #3723,44 Main Road,New Delhi,Delhi,India
ST003724,Corner Hypermarket #3724,119 MG Road,Mumbai,Maharashtra,India
ST003725,Quick Grocery Store #3725,116 Market Street,Mumbai,Maharashtra,India
ST003726,Sunrise Pharmacy #3726,108 Main Road,Mumbai,Maharashtra,India
ST003727,Green Pharmacy #3727,98 Market Street,Mumbai,Maharashtra,India
ST003728,Value Grocery Store #3728,112 Market Street,Bengaluru,Karnataka,India
ST003729,Neighborhood Pharmacy #3729,56 Ring Road,Bengaluru,Karnataka,India
ST003730,Corner Supermarket #3730,39 Station Road,Mumbai,Maharashtra,India
ST003731,Metro Hypermarket #3731,128 Park Avenue,Bengaluru,Karnataka,India
ST003732,Prime Pharmacy #3732,72 Church Street,New Delhi,Delhi,India
ST003733,Quick Pharmacy #3733,186 Lake View Road,New Delhi,Delhi,India
ST003734,Corner Grocery Store #3734,125 Main Road,Bengaluru,Karnataka,India
ST003735,Daily Hypermarket #3735,83 Lake View Road,Bengaluru,Karnataka,India
ST003736,Prime Convenience Store #3736,61 Hill Street,Bengaluru,Karnataka,India
ST003737,Green Grocery Store #3737,107 Lake View Road,Bengaluru,Karnataka,India
ST003738,Prime Supermarket #3738,41 MG Road,New Delhi,Delhi,India
ST003739,Star Hypermarket #3739,110 Garden Lane,New Delhi,Delhi,India
ST003740,Neighborhood Supermarket #3740,136 Station Road,Bengaluru,Karnataka,India
ST003741,Sunrise Hypermarket #3741,177 Market Street,Mumbai,Maharashtra,India
ST003742,Neighborhood Hypermarket #3742,17 Main Road,Mumbai,Maharashtra,India
ST003743,Value Grocery Store #3743,64 Church Street,Mumbai,Maharashtra,India
ST003744,Sunrise Hypermarket #3744,81 Lake View Road,Bengaluru,Karnataka,India
ST003745,Family Hypermarket #3745,148 MG Road,Mumbai,Maharashtra,India
ST003746,Elite Pharmacy #3746,83 Garden Lane,Bengaluru,Karnataka,India
ST003747,Sunrise Pharmacy #3747,157 Church Street,New Delhi,Delhi,India
ST003748,Quick Pharmacy #3748,121 Main Road,New Delhi,Delhi,India
ST003749,Family Hypermarket #3749,99 Market Street,Bengaluru,Karnataka,India
ST003750,Value Convenience Store #3750,136 Lake View Road,Bengaluru,Karnataka,India
ST003751,Neighborhood Grocery Store #3751,69 Ring Road,New Delhi,Delhi,India
ST003752,Corner Grocery Store #3752,198 Station Road,Bengaluru,Karnataka,India
ST003753,Value Pharmacy #3753,122 Church Street,Bengaluru,Karnataka,India
ST003754,Star Pharmacy #3754,84 MG Road,Bengaluru,Karnataka,India
ST003755,Quick Convenience Store #3755,38 Station Road,New Delhi,Delhi,India
ST003756,Quick Hypermarket #3756,155 Hill Street,Mumbai,Maharashtra,India
ST003757,Royal Pharmacy #3757,49 Garden Lane,New Delhi,Delhi,India
ST003758,Daily Convenience Store #3758,188 Main Road,Mumbai,Maharashtra,India
ST003759,Family Pharmacy #3759,73 Church Street,New Delhi,Delhi,India
ST003760,Corner Grocery Store #3760,3 Station Road,New Delhi,Delhi,India
ST003761,Metro Hypermarket #3761,76 Main Road,Bengaluru,Karnataka,India
ST003762,Star Supermarket #3762,196 Park Avenue,New Delhi,Delhi,India
ST003763,Value Supermarket #3763,199 Market Street,Mumbai,Maharashtra,India
ST003764,Star Grocery Store #3764,143 Market Street,Mumbai,Maharashtra,India
ST003765,Quick Convenience Store #3765,28 Station Road,Mumbai,Maharashtra,India
ST003766,Prime Grocery Store #3766,181 Garden Lane,Bengaluru,Karnataka,India
ST003767,Prime Grocery Store #3767,151 Market Street,Bengaluru,Karnataka,India
ST003768,Fresh Hypermarket #3768,14 MG Road,Bengaluru,Karnataka,India
ST003769,Quick Convenience Store #3769,37 MG Road,Mumbai,Maharashtra,India
ST003770,Family Grocery Store #3770,161 Park Avenue,Bengaluru,Karnataka,India
ST003771,Corner Hypermarket #3771,84 Garden Lane,Bengaluru,Karnataka,India
ST003772,Star Supermarket #3772,83 Garden Lane,Mumbai,Maharashtra,India
ST003773,Fresh Convenience Store #3773,15 Market Street,New Delhi,Delhi,India
ST003774,Daily Grocery Store #3774,36 Market Street,Bengaluru,Karnataka,India
ST003775,Family Supermarket #3775,183 Church Street,Bengaluru,Karnataka,India
ST003776,Green Supermarket #3776,92 MG Road,Mumbai,Maharashtra,India
ST003777,Corner Supermarket #3777,193 Ring Road,Mumbai,Maharashtra,India
ST003778,Corner Grocery Store #3778,16 Hill Street,New Delhi,Delhi,India
ST003779,Star Grocery Store #3779,178 Market Street,Mumbai,Maharashtra,India
ST003780,Royal Convenience Store #3780,54 Lake View Road,Bengaluru,Karnataka,India
ST003781,Daily Pharmacy #3781,59 Church Street,Mumbai,Maharashtra,India
ST003782,Star Supermarket #3782,143 Main Road,New Delhi,Delhi,India
ST003783,Star Supermarket #3783,58 Lake View Road,New Delhi,Delhi,India
ST003784,Fresh Supermarket #3784,195 Church Street,Bengaluru,Karnataka,India
ST003785,Royal Pharmacy #3785,129 MG Road,Bengaluru,Karnataka,India
ST003786,Corner Hypermarket #3786,172 Park Avenue,New Delhi,Delhi,India
ST003787,Family Supermarket #3787,127 Main Road,Mumbai,Maharashtra,India
ST003788,Family Grocery Store #3788,11 Church Street,Bengaluru,Karnataka,India
ST003789,Fresh Convenience Store #3789,59 Garden Lane,Bengaluru,Karnataka,India
ST003790,Fresh Grocery Store #3790,180 Ring Road,Mumbai,Maharashtra,India
ST003791,Elite Convenience Store #3791,131 Market Street,Mumbai,Maharashtra,India
ST003792,Metro Grocery Store #3792,138 Main Road,Bengaluru,Karnataka,India
ST003793,Prime Convenience Store #3793,143 MG Road,Mumbai,Maharashtra,India
ST003794,Corner Convenience Store #3794,52 Garden Lane,Bengaluru,Karnataka,India
ST003795,Value Hypermarket #3795,84 Station Road,Bengaluru,Karnataka,India
ST003796,Daily Grocery Store #3796,74 Lake View Road,New Delhi,Delhi,India
ST003797,Quick Supermarket #3797,167 Hill Street,New Delhi,Delhi,India
ST003798,Metro Grocery Store #3798,29 Main Road,Bengaluru,Karnataka,India
ST003799,Green Grocery Store #3799,191 Church Street,Bengaluru,Karnataka,India
ST003800,Green Pharmacy #3800,189 Station Road,New Delhi,Delhi,India
ST003801,Elite Pharmacy #3801,78 MG Road,New Delhi,Delhi,India
ST003802,Fresh Grocery Store #3802,161 Church Street,New Delhi,Delhi,India
ST003803,Elite Convenience Store #3803,56 Hill Street,Mumbai,Maharashtra,India
ST003804,Prime Supermarket #3804,56 Market Street,Bengaluru,Karnataka,India
ST003805,Metro Hypermarket #3805,185 Park Avenue,Mumbai,Maharashtra,India
ST003806,Quick Hypermarket #3806,155 Market Street,Mumbai,Maharashtra,India
ST003807,Quick Grocery Store #3807,153 Station Road,New Delhi,Delhi,India
ST003808,Daily Pharmacy #3808,28 Main Road,New Delhi,Delhi,India
ST003809,Neighborhood Supermarket #3809,3 Station Road,Bengaluru,Karnataka,India
ST003810,Prime Supermarket #3810,98 Garden Lane,Mumbai,Maharashtra,India
ST003811,Daily Pharmacy #3811,95 Church Street,Bengaluru,Karnataka,India
ST003812,Corner Pharmacy #3812,96 Ring Road,New Delhi,Delhi,India
ST003813,Corner Hypermarket #3813,6 Station Road,New Delhi,Delhi,India
ST003814,Elite Supermarket #3814,78 Market Street,Bengaluru,Karnataka,India
ST003815,Quick Hypermarket #3815,31 Main Road,Bengaluru,Karnataka,India
ST003816,City Grocery Store #3816,29 Ring Road,Bengaluru,Karnataka,India
ST003817,Quick Pharmacy #3817,178 Hill Street,New Delhi,Delhi,India
ST003818,Prime Hypermarket #3818,180 Garden Lane,Bengaluru,Karnataka,India
ST003819,Daily Grocery Store #3819,178 Market Street,New Delhi,Delhi,India
ST003820,Daily Pharmacy #3820,174 Park Avenue,Mumbai,Maharashtra,India
ST003821,Fresh Supermarket #3821,111 Lake View Road,Mumbai,Maharashtra,India
ST003822,City Grocery Store #3822,148 Main Road,Bengaluru,Karnataka,India
ST003823,Green Supermarket #3823,182 Station Road,Mumbai,Maharashtra,India
ST003824,Metro Grocery Store #3824,7 Station Road,Mumbai,Maharashtra,India
ST003825,Metro Pharmacy #3825,115 Main Road,New Delhi,Delhi,India
ST003826,Royal Supermarket #3826,112 Hill Street,New Delhi,Delhi,India
ST003827,Green Grocery Store #3827,184 Main Road,Bengaluru,Karnataka,India
ST003828,Value Hypermarket #3828,154 MG Road,Bengaluru,Karnataka,India
ST003829,Royal Grocery Store #3829,140 Market Street,Mumbai,Maharashtra,India
ST003830,Star Hypermarket #3830,186 Hill Street,Mumbai,Maharashtra,India
ST003831,City Convenience Store #3831,189 MG Road,Mumbai,Maharashtra,India
ST003832,City Grocery Store #3832,103 MG Road,New Delhi,Delhi,India
ST003833,Value Grocery Store #3833,38 Lake View Road,Mumbai,Maharashtra,India
ST003834,Corner Convenience Store #3834,111 Ring Road,Mumbai,Maharashtra,India
ST003835,Prime Convenience Store #3835,86 MG Road,Bengaluru,Karnataka,India
ST003836,Quick Grocery Store #3836,175 Market Street,New Delhi,Delhi,India
ST003837,Value Supermarket #3837,161 Market Street,New Delhi,Delhi,India
ST003838,Value Convenience Store #3838,162 Market Street,New Delhi,Delhi,India
ST003839,City Convenience Store #3839,178 Park Avenue,Bengaluru,Karnataka,India
ST003840,Royal Supermarket #3840,29 Hill Street,Mumbai,Maharashtra,India
ST003841,Fresh Convenience Store #3841,27 Garden Lane,New Delhi,Delhi,India
ST003842,Prime Supermarket #3842,171 Market Street,New Delhi,Delhi,India
ST003843,Star Pharmacy #3843,86 Lake View Road,New Delhi,Delhi,India
ST003844,Value Supermarket #3844,96 Hill Street,New Delhi,Delhi,India
ST003845,Family Grocery Store #3845,101 Church Street,New Delhi,Delhi,India
ST003846,Value Convenience Store #3846,105 Ring Road,New Delhi,Delhi,India
ST003847,Star Pharmacy #3847,117 Market Street,New Delhi,Delhi,India
ST003848,Sunrise Pharmacy #3848,130 Ring Road,Bengaluru,Karnataka,India
ST003849,City Grocery Store #3849,178 Station Road,Bengaluru,Karnataka,India
ST003850,Green Pharmacy #3850,78 Church Street,Mumbai,Maharashtra,India
ST003851,Star Convenience Store #3851,49 Main Road,Bengaluru,Karnataka,India
ST003852,Fresh Supermarket #3852,31 Church Street,Mumbai,Maharashtra,India
ST003853,Royal Pharmacy #3853,19 Ring Road,New Delhi,Delhi,India
ST003854,Quick Hypermarket #3854,109 MG Road,Bengaluru,Karnataka,India
ST003855,Fresh Grocery Store #3855,153 Station Road,New Delhi,Delhi,India
ST003856,Corner Hypermarket #3856,54 Station Road,Mumbai,Maharashtra,India
ST003857,Neighborhood Grocery Store #3857,123 Garden Lane,New Delhi,Delhi,India
ST003858,Fresh Convenience Store #3858,126 Main Road,New Delhi,Delhi,India
ST003859,Value Grocery Store #3859,8 Station Road,Mumbai,Maharashtra,India
ST003860,Royal Grocery Store #3860,193 Hill Street,Mumbai,Maharashtra,India
ST003861,Corner Supermarket #3861,151 Garden Lane,New Delhi,Delhi,India
ST003862,Star Hypermarket #3862,7 Park Avenue,Mumbai,Maharashtra,India
ST003863,Quick Supermarket #3863,122 Station Road,Bengaluru,Karnataka,India
ST003864,Daily Convenience Store #3864,63 Ring Road,Bengaluru,Karnataka,India
ST003865,Corner Grocery Store #3865,87 Church Street,New Delhi,Delhi,India
ST003866,Quick Convenience Store #3866,83 Station Road,Bengaluru,Karnataka,India
ST003867,Green Convenience Store #3867,116 Church Street,New Delhi,Delhi,India
ST003868,Corner Convenience Store #3868,3 Market Street,Bengaluru,Karnataka,India
ST003869,Royal Convenience Store #3869,200 Main Road,New Delhi,Delhi,India
ST003870,Quick Convenience Store #3870,129 Market Street,Bengaluru,Karnataka,India
ST003871,Prime Grocery Store #3871,145 Park Avenue,New Delhi,Delhi,India
ST003872,Star Convenience Store #3872,13 Station Road,New Delhi,Delhi,India
ST003873,Daily Convenience Store #3873,133 Lake View Road,New Delhi,Delhi,India
ST003874,Elite Pharmacy #3874,76 Market Street,Mumbai,Maharashtra,India
ST003875,Prime Supermarket #3875,85 Park Avenue,New Delhi,Delhi,India
ST003876,Star Supermarket #3876,20 Church Street,Bengaluru,Karnataka,India
ST003877,Quick Grocery Store #3877,2 Park Avenue,Bengaluru,Karnataka,India
ST003878,Green Pharmacy #3878,12 Station Road,Mumbai,Maharashtra,India
ST003879,Metro Pharmacy #3879,175 Garden Lane,Mumbai,Maharashtra,India
ST003880,Metro Grocery Store #3880,114 Ring Road,New Delhi,Delhi,India
ST003881,City Supermarket #3881,34 Garden Lane,Bengaluru,Karnataka,India
ST003882,Fresh Convenience Store #3882,128 MG Road,Mumbai,Maharashtra,India
ST003883,Fresh Grocery Store #3883,135 MG Road,New Delhi,Delhi,India
ST003884,Daily Convenience Store #3884,122 Main Road,Mumbai,Maharashtra,India
ST003885,Corner Hypermarket #3885,180 Park Avenue,New Delhi,Delhi,India
ST003886,Daily Supermarket #3886,68 MG Road,Bengaluru,Karnataka,India
ST003887,Corner Grocery Store #3887,63 Market Street,New Delhi,Delhi,India
ST003888,Fresh Supermarket #3888,23 Garden Lane,Bengaluru,Karnataka,India
ST003889,Star Pharmacy #3889,115 Hill Street,Bengaluru,Karnataka,India
ST003890,Family Hypermarket #3890,123 Ring Road,Mumbai,Maharashtra,India
ST003891,Neighborhood Pharmacy #3891,30 Hill Street,Mumbai,Maharashtra,India
ST003892,Metro Supermarket #3892,38 Station Road,Bengaluru,Karnataka,India
ST003893,Sunrise Pharmacy #3893,101 Main Road,New Delhi,Delhi,India
ST003894,Fresh Hypermarket #3894,4 Ring Road,New Delhi,Delhi,India
ST003895,Star Convenience Store #3895,150 Hill Street,Mumbai,Maharashtra,India
ST003896,Prime Supermarket #3896,82 Church Street,Bengaluru,Karnataka,India
ST003897,Green Grocery Store #3897,49 Lake View Road,Bengaluru,Karnataka,India
ST003898,Quick Grocery Store #3898,26 Market Street,Bengaluru,Karnataka,India
ST003899,Family Grocery Store #3899,161 Hill Street,New Delhi,Delhi,India
ST003900,City Supermarket #3900,33 Hill Street,New Delhi,Delhi,India
ST003901,Royal Pharmacy #3901,123 Hill Street,Bengaluru,Karnataka,India
ST003902,Neighborhood Supermarket #3902,64 Park Avenue,Bengaluru,Karnataka,India
ST003903,Metro Hypermarket #3903,105 Main Road,Mumbai,Maharashtra,India
ST003904,Fresh Grocery Store #3904,200 Park Avenue,Mumbai,Maharashtra,India
ST003905,Metro Supermarket #3905,186 MG Road,New Delhi,Delhi,India
ST003906,Quick Grocery Store #3906,58 Market Street,New Delhi,Delhi,India
ST003907,Neighborhood Grocery Store #3907,105 Market Street,New Delhi,Delhi,India
ST003908,Neighborhood Pharmacy #3908,74 Lake View Road,New Delhi,Delhi,India
ST003909,Corner Supermarket #3909,8 Park Avenue,New Delhi,Delhi,India
ST003910,Family Supermarket #3910,181 Market Street,Bengaluru,Karnataka,India
ST003911,Value Supermarket #3911,101 Station Road,Mumbai,Maharashtra,India
ST003912,Star Grocery Store #3912,78 Hill Street,Mumbai,Maharashtra,India
ST003913,Value Convenience Store #3913,121 Hill Street,Mumbai,Maharashtra,India
ST003914,Corner Grocery Store #3914,151 Hill Street,New Delhi,Delhi,India
ST003915,Neighborhood Convenience Store #3915,147 Market Street,New Delhi,Delhi,India
ST003916,Value Grocery Store #3916,178 Lake View Road,Bengaluru,Karnataka,India
ST003917,Family Hypermarket #3917,158 Ring Road,New Delhi,Delhi,India
ST003918,Star Hypermarket #3918,70 Station Road,Mumbai,Maharashtra,India
ST003919,Family Convenience Store #3919,81 MG Road,Bengaluru,Karnataka,India
ST003920,Neighborhood Pharmacy #3920,90 Station Road,Bengaluru,Karnataka,India
ST003921,Royal Pharmacy #3921,133 Park Avenue,Mumbai,Maharashtra,India
ST003922,Prime Hypermarket #3922,109 Church Street,New Delhi,Delhi,India
ST003923,Elite Convenience Store #3923,198 Station Road,Bengaluru,Karnataka,India
ST003924,Star Pharmacy #3924,93 Hill Street,New Delhi,Delhi,India
ST003925,Value Convenience Store #3925,119 Garden Lane,Bengaluru,Karnataka,India
ST003926,City Convenience Store #3926,186 Station Road,Bengaluru,Karnataka,India
ST003927,Metro Pharmacy #3927,163 MG Road,New Delhi,Delhi,India
ST003928,Elite Pharmacy #3928,128 MG Road,New Delhi,Delhi,India
ST003929,Corner Pharmacy #3929,184 Station Road,Mumbai,Maharashtra,India
ST003930,Quick Convenience Store #3930,88 Market Street,New Delhi,Delhi,India
ST003931,Neighborhood Hypermarket #3931,65 Ring Road,Bengaluru,Karnataka,India
ST003932,Royal Grocery Store #3932,101 Main Road,New Delhi,Delhi,India
ST003933,Metro Supermarket #3933,127 Lake View Road,Mumbai,Maharashtra,India
ST003934,Neighborhood Convenience Store #3934,131 Garden Lane,Mumbai,Maharashtra,India
ST003935,Metro Grocery Store #3935,14 Park Avenue,Mumbai,Maharashtra,India
ST003936,Neighborhood Grocery Store #3936,122 Park Avenue,Bengaluru,Karnataka,India
ST003937,Value Grocery Store #3937,36 Market Street,Bengaluru,Karnataka,India
ST003938,Value Supermarket #3938,11 Ring Road,Bengaluru,Karnataka,India
ST003939,Daily Hypermarket #3939,138 Station Road,New Delhi,Delhi,India
ST003940,Green Pharmacy #3940,191 Park Avenue,Bengaluru,Karnataka,India
ST003941,Fresh Pharmacy #3941,146 Main Road,New Delhi,Delhi,India
ST003942,Daily Supermarket #3942,160 Station Road,Mumbai,Maharashtra,India
ST003943,Corner Hypermarket #3943,60 Church Street,Bengaluru,Karnataka,India
ST003944,Neighborhood Convenience Store #3944,193 Station Road,New Delhi,Delhi,India
ST003945,Value Convenience Store #3945,39 Main Road,Bengaluru,Karnataka,India
ST003946,Neighborhood Convenience Store #3946,196 Church Street,Mumbai,Maharashtra,India
ST003947,Green Pharmacy #3947,53 Hill Street,Mumbai,Maharashtra,India
ST003948,Fresh Convenience Store #3948,24 Garden Lane,Bengaluru,Karnataka,India
ST003949,Prime Convenience Store #3949,32 Ring Road,Mumbai,Maharashtra,India
ST003950,Royal Pharmacy #3950,57 Church Street,Mumbai,Maharashtra,India
ST003951,Neighborhood Grocery Store #3951,45 Church Street,Bengaluru,Karnataka,India
ST003952,Daily Hypermarket #3952,62 Station Road,Bengaluru,Karnataka,India
ST003953,Neighborhood Grocery Store #3953,99 Lake View Road,New Delhi,Delhi,India
ST003954,Metro Pharmacy #3954,21 Park Avenue,Bengaluru,Karnataka,India
ST003955,Quick Grocery Store #3955,190 Park Avenue,Bengaluru,Karnataka,India
ST003956,Green Convenience Store #3956,6 Hill Street,Mumbai,Maharashtra,India
ST003957,Metro Hypermarket #3957,126 Park Avenue,New Delhi,Delhi,India
ST003958,Value Convenience Store #3958,6 Lake View Road,Mumbai,Maharashtra,India
ST003959,Neighborhood Convenience Store #3959,114 Garden Lane,Mumbai,Maharashtra,India
ST003960,Value Pharmacy #3960,181 Ring Road,Bengaluru,Karnataka,India
ST003961,Royal Convenience Store #3961,175 Park Avenue,New Delhi,Delhi,India
ST003962,Green Pharmacy #3962,54 Church Street,Mumbai,Maharashtra,India
ST003963,Value Hypermarket #3963,71 Church Street,Mumbai,Maharashtra,India
ST003964,Elite Hypermarket #3964,98 Garden Lane,Bengaluru,Karnataka,India
ST003965,Fresh Grocery Store #3965,145 Church Street,New Delhi,Delhi,India
ST003966,Quick Supermarket #3966,6 Park Avenue,New Delhi,Delhi,India
ST003967,Value Convenience Store #3967,98 Main Road,Mumbai,Maharashtra,India
ST003968,Corner Grocery Store #3968,115 Park Avenue,New Delhi,Delhi,India
ST003969,Corner Supermarket #3969,90 Church Street,Mumbai,Maharashtra,India
ST003970,Value Hypermarket #3970,123 Market Street,Mumbai,Maharashtra,India
ST003971,Metro Pharmacy #3971,166 Hill Street,New Delhi,Delhi,India
ST003972,Family Convenience Store #3972,10 Park Avenue,Bengaluru,Karnataka,India
ST003973,Fresh Hypermarket #3973,24 Market Street,Bengaluru,Karnataka,India
ST003974,Neighborhood Supermarket #3974,142 Main Road,New Delhi,Delhi,India
ST003975,Daily Hypermarket #3975,66 Lake View Road,New Delhi,Delhi,India
ST003976,Prime Pharmacy #3976,112 Station Road,Bengaluru,Karnataka,India
ST003977,Metro Pharmacy #3977,80 Market Street,Mumbai,Maharashtra,India
ST003978,Daily Convenience Store #3978,24 Garden Lane,Bengaluru,Karnataka,India
ST003979,Neighborhood Supermarket #3979,190 Market Street,New Delhi,Delhi,India
ST003980,Family Hypermarket #3980,109 Market Street,Mumbai,Maharashtra,India
ST003981,Fresh Pharmacy #3981,155 Ring Road,Bengaluru,Karnataka,India
ST003982,Green Supermarket #3982,69 Market Street,Bengaluru,Karnataka,India
ST003983,Daily Convenience Store #3983,142 MG Road,Mumbai,Maharashtra,India
ST003984,City Pharmacy #3984,48 Church Street,New Delhi,Delhi,India
ST003985,Value Supermarket #3985,197 Station Road,Bengaluru,Karnataka,India
ST003986,Royal Convenience Store #3986,129 Hill Street,Bengaluru,Karnataka,India
ST003987,Corner Supermarket #3987,43 Main Road,Bengaluru,Karnataka,India
ST003988,City Grocery Store #3988,62 Garden Lane,Bengaluru,Karnataka,India
ST003989,Neighborhood Hypermarket #3989,119 Church Street,Mumbai,Maharashtra,India
ST003990,City Grocery Store #3990,29 Church Street,New Delhi,Delhi,India
ST003991,Star Pharmacy #3991,194 Main Road,New Delhi,Delhi,India
ST003992,Corner Supermarket #3992,1 Station Road,Bengaluru,Karnataka,India
ST003993,Family Grocery Store #3993,174 Park Avenue,Mumbai,Maharashtra,India
ST003994,Family Convenience Store #3994,104 Hill Street,New Delhi,Delhi,India
ST003995,Star Grocery Store #3995,91 Garden Lane,New Delhi,Delhi,India
ST003996,Sunrise Convenience Store #3996,104 Station Road,New Delhi,Delhi,India
ST003997,Elite Convenience Store #3997,43 Hill Street,Mumbai,Maharashtra,India
ST003998,City Grocery Store #3998,53 Ring Road,Bengaluru,Karnataka,India
ST003999,Value Convenience Store #3999,30 Garden Lane,Mumbai,Maharashtra,India
ST004000,Corner Grocery Store #4000,77 MG Road,Mumbai,Maharashtra,India
ST004001,Value Supermarket #4001,51 Main Road,Mumbai,Maharashtra,India
ST004002,Corner Pharmacy #4002,193 Market Street,New Delhi,Delhi,India
ST004003,Royal Grocery Store #4003,195 Market Street,New Delhi,Delhi,India
ST004004,Corner Hypermarket #4004,37 Main Road,Bengaluru,Karnataka,India
ST004005,Elite Pharmacy #4005,65 Lake View Road,Mumbai,Maharashtra,India
ST004006,Quick Grocery Store #4006,120 MG Road,New Delhi,Delhi,India
ST004007,Quick Pharmacy #4007,107 Main Road,Bengaluru,Karnataka,India
ST004008,City Pharmacy #4008,26 Station Road,New Delhi,Delhi,India
ST004009,Fresh Hypermarket #4009,120 Park Avenue,Mumbai,Maharashtra,India
ST004010,Daily Grocery Store #4010,76 MG Road,New Delhi,Delhi,India
ST004011,Family Convenience Store #4011,11 Lake View Road,Mumbai,Maharashtra,India
ST004012,Value Supermarket #4012,50 Station Road,Mumbai,Maharashtra,India
ST004013,City Convenience Store #4013,26 Market Street,Bengaluru,Karnataka,India
ST004014,Prime Convenience Store #4014,7 Hill Street,Bengaluru,Karnataka,India
ST004015,Star Pharmacy #4015,96 Main Road,New Delhi,Delhi,India
ST004016,Corner Grocery Store #4016,157 Lake View Road,Mumbai,Maharashtra,India
ST004017,Neighborhood Hypermarket #4017,73 MG Road,Mumbai,Maharashtra,India
ST004018,Green Supermarket #4018,150 Ring Road,New Delhi,Delhi,India
ST004019,Green Grocery Store #4019,111 Hill Street,Mumbai,Maharashtra,India
ST004020,Star Supermarket #4020,187 Garden Lane,New Delhi,Delhi,India
ST004021,Daily Convenience Store #4021,97 MG Road,Bengaluru,Karnataka,India
ST004022,Sunrise Grocery Store #4022,163 Station Road,New Delhi,Delhi,India
ST004023,City Pharmacy #4023,24 Garden Lane,Bengaluru,Karnataka,India
ST004024,Prime Grocery Store #4024,57 Main Road,Mumbai,Maharashtra,India
ST004025,Prime Supermarket #4025,35 Church Street,Bengaluru,Karnataka,India
ST004026,Neighborhood Grocery Store #4026,107 Market Street,Bengaluru,Karnataka,India
ST004027,Family Grocery Store #4027,66 Church Street,New Delhi,Delhi,India
ST004028,Daily Supermarket #4028,10 Station Road,Bengaluru,Karnataka,India
ST004029,Green Grocery Store #4029,57 Lake View Road,Bengaluru,Karnataka,India
ST004030,Elite Pharmacy #4030,127 Ring Road,New Delhi,Delhi,India
ST004031,Star Supermarket #4031,88 Garden Lane,Mumbai,Maharashtra,India
ST004032,Royal Hypermarket #4032,67 Garden Lane,Mumbai,Maharashtra,India
ST004033,Family Convenience Store #4033,85 MG Road,New Delhi,Delhi,India
ST004034,City Convenience Store #4034,175 Garden Lane,New Delhi,Delhi,India
ST004035,Star Convenience Store #4035,153 Church Street,Mumbai,Maharashtra,India
ST004036,Royal Pharmacy #4036,112 Lake View Road,Bengaluru,Karnataka,India
ST004037,Value Hypermarket #4037,77 Lake View Road,New Delhi,Delhi,India
ST004038,Fresh Grocery Store #4038,77 Station Road,New Delhi,Delhi,India
ST004039,Royal Supermarket #4039,143 Church Street,Bengaluru,Karnataka,India
ST004040,Elite Pharmacy #4040,119 Market Street,Bengaluru,Karnataka,India
ST004041,Sunrise Supermarket #4041,130 MG Road,New Delhi,Delhi,India
ST004042,Sunrise Grocery Store #4042,108 Garden Lane,Mumbai,Maharashtra,India
ST004043,Prime Hypermarket #4043,63 Market Street,Bengaluru,Karnataka,India
ST004044,Quick Convenience Store #4044,17 MG Road,New Delhi,Delhi,India
ST004045,Corner Supermarket #4045,111 Market Street,Mumbai,Maharashtra,India
ST004046,Quick Grocery Store #4046,86 MG Road,Bengaluru,Karnataka,India
ST004047,Prime Supermarket #4047,125 Lake View Road,Bengaluru,Karnataka,India
ST004048,Neighborhood Grocery Store #4048,104 Park Avenue,Bengaluru,Karnataka,India
ST004049,Prime Pharmacy #4049,157 Market Street,Bengaluru,Karnataka,India
ST004050,City Hypermarket #4050,84 Garden Lane,New Delhi,Delhi,India
ST004051,Royal Grocery Store #4051,26 Ring Road,Bengaluru,Karnataka,India
ST004052,Green Supermarket #4052,3 Market Street,New Delhi,Delhi,India
ST004053,Corner Convenience Store #4053,24 Market Street,Mumbai,Maharashtra,India
ST004054,Fresh Supermarket #4054,46 Main Road,Mumbai,Maharashtra,India
ST004055,Prime Pharmacy #4055,174 MG Road,Mumbai,Maharashtra,India
ST004056,Daily Convenience Store #4056,43 Station Road,Bengaluru,Karnataka,India
ST004057,Daily Hypermarket #4057,150 Ring Road,Bengaluru,Karnataka,India
ST004058,Neighborhood Supermarket #4058,50 Market Street,Bengaluru,Karnataka,India
ST004059,Royal Grocery Store #4059,28 Station Road,Mumbai,Maharashtra,India
ST004060,Prime Convenience Store #4060,135 Ring Road,New Delhi,Delhi,India
ST004061,Prime Convenience Store #4061,17 Lake View Road,Bengaluru,Karnataka,India
ST004062,Royal Convenience Store #4062,41 Hill Street,Mumbai,Maharashtra,India
ST004063,Quick Supermarket #4063,58 Station Road,New Delhi,Delhi,India
ST004064,Corner Supermarket #4064,171 Market Street,Mumbai,Maharashtra,India
ST004065,Green Grocery Store #4065,92 Hill Street,Mumbai,Maharashtra,India
ST004066,Prime Hypermarket #4066,181 Park Avenue,New Delhi,Delhi,India
ST004067,Green Grocery Store #4067,80 MG Road,Bengaluru,Karnataka,India
ST004068,Metro Pharmacy #4068,39 Market Street,Mumbai,Maharashtra,India
ST004069,Daily Supermarket #4069,151 Ring Road,Bengaluru,Karnataka,India
ST004070,Daily Pharmacy #4070,33 Market Street,Mumbai,Maharashtra,India
ST004071,Prime Supermarket #4071,177 MG Road,Mumbai,Maharashtra,India
ST004072,Metro Convenience Store #4072,124 Park Avenue,New Delhi,Delhi,India
ST004073,Daily Grocery Store #4073,172 Hill Street,New Delhi,Delhi,India
ST004074,Prime Convenience Store #4074,54 Lake View Road,New Delhi,Delhi,India
ST004075,Value Supermarket #4075,101 Church Street,Bengaluru,Karnataka,India
ST004076,Daily Hypermarket #4076,9 Station Road,Bengaluru,Karnataka,India
ST004077,City Grocery Store #4077,119 Park Avenue,Mumbai,Maharashtra,India
ST004078,Quick Hypermarket #4078,84 Park Avenue,Bengaluru,Karnataka,India
ST004079,Elite Hypermarket #4079,180 Market Street,New Delhi,Delhi,India
ST004080,Royal Supermarket #4080,65 Park Avenue,Bengaluru,Karnataka,India
ST004081,Quick Supermarket #4081,38 Main Road,Mumbai,Maharashtra,India
ST004082,Metro Pharmacy #4082,155 Lake View Road,New Delhi,Delhi,India
ST004083,Elite Hypermarket #4083,185 Market Street,Bengaluru,Karnataka,India
ST004084,Fresh Grocery Store #4084,162 MG Road,Bengaluru,Karnataka,India
ST004085,Green Hypermarket #4085,96 MG Road,New Delhi,Delhi,India
ST004086,Daily Supermarket #4086,198 Hill Street,Mumbai,Maharashtra,India
ST004087,Metro Pharmacy #4087,86 Hill Street,Bengaluru,Karnataka,India
ST004088,Family Hypermarket #4088,136 Garden Lane,Mumbai,Maharashtra,India
ST004089,Elite Convenience Store #4089,51 Park Avenue,New Delhi,Delhi,India
ST004090,Quick Supermarket #4090,152 Hill Street,New Delhi,Delhi,India
ST004091,Family Hypermarket #4091,12 Station Road,Mumbai,Maharashtra,India
ST004092,Fresh Hypermarket #4092,151 Ring Road,Mumbai,Maharashtra,India
ST004093,Royal Grocery Store #4093,119 Garden Lane,Mumbai,Maharashtra,India
ST004094,Metro Convenience Store #4094,152 Church Street,Mumbai,Maharashtra,India
ST004095,Prime Grocery Store #4095,167 Main Road,Mumbai,Maharashtra,India
ST004096,Star Pharmacy #4096,66 Park Avenue,New Delhi,Delhi,India
ST004097,Fresh Hypermarket #4097,59 Main Road,New Delhi,Delhi,India
ST004098,Royal Pharmacy #4098,62 Park Avenue,Mumbai,Maharashtra,India
ST004099,Corner Supermarket #4099,20 Station Road,Bengaluru,Karnataka,India
ST004100,Royal Convenience Store #4100,107 Main Road,New Delhi,Delhi,India
ST004101,Royal Convenience Store #4101,197 Station Road,New Delhi,Delhi,India
ST004102,Star Convenience Store #4102,128 Garden Lane,Bengaluru,Karnataka,India
ST004103,Family Pharmacy #4103,142 Station Road,New Delhi,Delhi,India
ST004104,Royal Supermarket #4104,100 Hill Street,Bengaluru,Karnataka,India
ST004105,City Hypermarket #4105,168 Church Street,New Delhi,Delhi,India
ST004106,Star Supermarket #4106,21 MG Road,Mumbai,Maharashtra,India
ST004107,Quick Pharmacy #4107,26 Market Street,Bengaluru,Karnataka,India
ST004108,City Hypermarket #4108,75 Station Road,New Delhi,Delhi,India
ST004109,City Grocery Store #4109,53 Market Street,Mumbai,Maharashtra,India
ST004110,Daily Hypermarket #4110,80 Hill Street,Mumbai,Maharashtra,India
ST004111,Star Convenience Store #4111,20 Market Street,Bengaluru,Karnataka,India
ST004112,Royal Supermarket #4112,62 Ring Road,Bengaluru,Karnataka,India
ST004113,City Hypermarket #4113,196 Lake View Road,Bengaluru,Karnataka,India
ST004114,Daily Hypermarket #4114,197 Hill Street,New Delhi,Delhi,India
ST004115,Family Grocery Store #4115,124 Garden Lane,Bengaluru,Karnataka,India
ST004116,Green Hypermarket #4116,92 Ring Road,Bengaluru,Karnataka,India
ST004117,City Hypermarket #4117,49 Hill Street,Mumbai,Maharashtra,India
ST004118,Sunrise Hypermarket #4118,159 Ring Road,Bengaluru,Karnataka,India
ST004119,City Supermarket #4119,88 Market Street,Bengaluru,Karnataka,India
ST004120,Royal Convenience Store #4120,137 Church Street,New Delhi,Delhi,India
ST004121,Elite Grocery Store #4121,90 Main Road,New Delhi,Delhi,India
ST004122,Royal Hypermarket #4122,194 Park Avenue,Mumbai,Maharashtra,India
ST004123,Green Supermarket #4123,199 Park Avenue,New Delhi,Delhi,India
ST004124,City Pharmacy #4124,159 Lake View Road,Bengaluru,Karnataka,India
ST004125,Sunrise Convenience Store #4125,18 Church Street,New Delhi,Delhi,India
ST004126,Family Grocery Store #4126,100 MG Road,Mumbai,Maharashtra,India
ST004127,Metro Hypermarket #4127,10 Lake View Road,Bengaluru,Karnataka,India
ST004128,Fresh Pharmacy #4128,91 Main Road,New Delhi,Delhi,India
ST004129,Star Hypermarket #4129,107 Main Road,Mumbai,Maharashtra,India
ST004130,Royal Hypermarket #4130,22 Market Street,Mumbai,Maharashtra,India
ST004131,Neighborhood Supermarket #4131,144 Ring Road,New Delhi,Delhi,India
ST004132,City Convenience Store #4132,127 Hill Street,Mumbai,Maharashtra,India
ST004133,Sunrise Convenience Store #4133,31 Garden Lane,Mumbai,Maharashtra,India
ST004134,Green Supermarket #4134,82 Church Street,New Delhi,Delhi,India
ST004135,Family Hypermarket #4135,76 Main Road,Mumbai,Maharashtra,India
ST004136,Fresh Supermarket #4136,171 Market Street,Mumbai,Maharashtra,India
ST004137,Royal Hypermarket #4137,40 Station Road,Mumbai,Maharashtra,India
ST004138,Royal Hypermarket #4138,20 Hill Street,Mumbai,Maharashtra,India
ST004139,Daily Hypermarket #4139,79 Station Road,Mumbai,Maharashtra,India
ST004140,Fresh Grocery Store #4140,73 MG Road,Bengaluru,Karnataka,India
ST004141,Sunrise Pharmacy #4141,36 Hill Street,Bengaluru,Karnataka,India
ST004142,Neighborhood Convenience Store #4142,93 Ring Road,Bengaluru,Karnataka,India
ST004143,Prime Supermarket #4143,82 Ring Road,Mumbai,Maharashtra,India
ST004144,Neighborhood Pharmacy #4144,150 Ring Road,Bengaluru,Karnataka,India
ST004145,Fresh Pharmacy #4145,80 Hill Street,Mumbai,Maharashtra,India
ST004146,Elite Convenience Store #4146,183 Hill Street,Bengaluru,Karnataka,India
ST004147,Royal Convenience Store #4147,140 Station Road,New Delhi,Delhi,India
ST004148,Star Convenience Store #4148,26 Park Avenue,Mumbai,Maharashtra,India
ST004149,Prime Supermarket #4149,24 MG Road,Mumbai,Maharashtra,India
ST004150,Sunrise Hypermarket #4150,36 Ring Road,Bengaluru,Karnataka,India
ST004151,Neighborhood Supermarket #4151,28 Lake View Road,Bengaluru,Karnataka,India
ST004152,Quick Supermarket #4152,104 Hill Street,Mumbai,Maharashtra,India
ST004153,Prime Supermarket #4153,152 Hill Street,Bengaluru,Karnataka,India
ST004154,Daily Pharmacy #4154,44 Market Street,Mumbai,Maharashtra,India
ST004155,Sunrise Convenience Store #4155,162 Main Road,Bengaluru,Karnataka,India
ST004156,Metro Grocery Store #4156,182 Market Street,New Delhi,Delhi,India
ST004157,Sunrise Pharmacy #4157,131 Church Street,New Delhi,Delhi,India
ST004158,Fresh Grocery Store #4158,134 Station Road,New Delhi,Delhi,India
ST004159,Green Convenience Store #4159,199 Church Street,New Delhi,Delhi,India
ST004160,Family Grocery Store #4160,16 Park Avenue,Bengaluru,Karnataka,India
ST004161,Neighborhood Pharmacy #4161,100 Church Street,New Delhi,Delhi,India
ST004162,Prime Convenience Store #4162,35 Park Avenue,Mumbai,Maharashtra,India
ST004163,Corner Convenience Store #4163,74 Station Road,New Delhi,Delhi,India
ST004164,Neighborhood Pharmacy #4164,181 Park Avenue,Bengaluru,Karnataka,India
ST004165,Star Hypermarket #4165,128 Main Road,New Delhi,Delhi,India
ST004166,Corner Supermarket #4166,49 Station Road,New Delhi,Delhi,India
ST004167,Neighborhood Pharmacy #4167,165 Garden Lane,Bengaluru,Karnataka,India
ST004168,Star Supermarket #4168,34 Main Road,Bengaluru,Karnataka,India
ST004169,Metro Pharmacy #4169,12 Ring Road,New Delhi,Delhi,India
ST004170,City Grocery Store #4170,71 Ring Road,Bengaluru,Karnataka,India
ST004171,Fresh Convenience Store #4171,54 Ring Road,New Delhi,Delhi,India
ST004172,Corner Supermarket #4172,88 Church Street,Bengaluru,Karnataka,India
ST004173,City Grocery Store #4173,186 Ring Road,Bengaluru,Karnataka,India
ST004174,Value Hypermarket #4174,97 Hill Street,Mumbai,Maharashtra,India
ST004175,Quick Hypermarket #4175,52 Market Street,New Delhi,Delhi,India
ST004176,Corner Pharmacy #4176,49 Church Street,Mumbai,Maharashtra,India
ST004177,Quick Grocery Store #4177,112 Main Road,Mumbai,Maharashtra,India
ST004178,Fresh Hypermarket #4178,119 Market Street,Mumbai,Maharashtra,India
ST004179,Green Supermarket #4179,192 Lake View Road,Bengaluru,Karnataka,India
ST004180,Prime Convenience Store #4180,106 Ring Road,Bengaluru,Karnataka,India
ST004181,City Hypermarket #4181,72 Market Street,Mumbai,Maharashtra,India
ST004182,Green Grocery Store #4182,122 Hill Street,Bengaluru,Karnataka,India
ST004183,Neighborhood Supermarket #4183,90 Station Road,Mumbai,Maharashtra,India
ST004184,Quick Pharmacy #4184,177 Station Road,Bengaluru,Karnataka,India
ST004185,Corner Grocery Store #4185,42 Lake View Road,Mumbai,Maharashtra,India
ST004186,Quick Pharmacy #4186,5 Church Street,Bengaluru,Karnataka,India
ST004187,Corner Grocery Store #4187,142 Hill Street,Bengaluru,Karnataka,India
ST004188,Daily Pharmacy #4188,185 MG Road,Mumbai,Maharashtra,India
ST004189,Prime Convenience Store #4189,26 Station Road,New Delhi,Delhi,India
ST004190,Green Convenience Store #4190,192 Park Avenue,Mumbai,Maharashtra,India
ST004191,Daily Supermarket #4191,28 Church Street,New Delhi,Delhi,India
ST004192,Prime Hypermarket #4192,194 Hill Street,Bengaluru,Karnataka,India
ST004193,Neighborhood Convenience Store #4193,47 Lake View Road,New Delhi,Delhi,India
ST004194,Fresh Convenience Store #4194,6 MG Road,Bengaluru,Karnataka,India
ST004195,Corner Convenience Store #4195,88 Main Road,New Delhi,Delhi,India
ST004196,Metro Grocery Store #4196,28 Station Road,Bengaluru,Karnataka,India
ST004197,Prime Grocery Store #4197,70 Garden Lane,New Delhi,Delhi,India
ST004198,Star Pharmacy #4198,172 Garden Lane,Mumbai,Maharashtra,India
ST004199,Neighborhood Convenience Store #4199,25 Park Avenue,Mumbai,Maharashtra,India
ST004200,Neighborhood Grocery Store #4200,63 MG Road,Bengaluru,Karnataka,India
ST004201,Royal Supermarket #4201,92 Lake View Road,Mumbai,Maharashtra,India
ST004202,Family Pharmacy #4202,127 Church Street,Mumbai,Maharashtra,India
ST004203,Family Grocery Store #4203,177 Ring Road,Bengaluru,Karnataka,India
ST004204,Neighborhood Supermarket #4204,60 Park Avenue,Bengaluru,Karnataka,India
ST004205,Metro Supermarket #4205,106 Hill Street,Mumbai,Maharashtra,India
ST004206,Daily Supermarket #4206,141 Lake View Road,New Delhi,Delhi,India
ST004207,Metro Pharmacy #4207,55 Church Street,New Delhi,Delhi,India
ST004208,Daily Hypermarket #4208,66 Main Road,Bengaluru,Karnataka,India
ST004209,Corner Convenience Store #4209,72 Garden Lane,Bengaluru,Karnataka,India
ST004210,Elite Grocery Store #4210,24 MG Road,Bengaluru,Karnataka,India
ST004211,Neighborhood Pharmacy #4211,24 Station Road,Bengaluru,Karnataka,India
ST004212,Family Convenience Store #4212,162 Church Street,New Delhi,Delhi,India
ST004213,Quick Supermarket #4213,71 Hill Street,New Delhi,Delhi,India
ST004214,Star Pharmacy #4214,187 Main Road,New Delhi,Delhi,India
ST004215,Royal Grocery Store #4215,106 MG Road,Bengaluru,Karnataka,India
ST004216,Daily Supermarket #4216,150 Church Street,New Delhi,Delhi,India
ST004217,Prime Convenience Store #4217,110 MG Road,Bengaluru,Karnataka,India
ST004218,Green Hypermarket #4218,143 Market Street,Mumbai,Maharashtra,India
ST004219,Sunrise Supermarket #4219,161 Garden Lane,Bengaluru,Karnataka,India
ST004220,Star Supermarket #4220,50 Market Street,Mumbai,Maharashtra,India
ST004221,Metro Pharmacy #4221,12 Market Street,New Delhi,Delhi,India
ST004222,Royal Pharmacy #4222,51 Market Street,Bengaluru,Karnataka,India
ST004223,Quick Hypermarket #4223,170 Lake View Road,Bengaluru,Karnataka,India
ST004224,Neighborhood Pharmacy #4224,9 Ring Road,Bengaluru,Karnataka,India
ST004225,Value Pharmacy #4225,194 Station Road,New Delhi,Delhi,India
ST004226,City Grocery Store #4226,17 Market Street,New Delhi,Delhi,India
ST004227,Corner Grocery Store #4227,44 MG Road,Bengaluru,Karnataka,India
ST004228,Family Supermarket #4228,176 Park Avenue,Bengaluru,Karnataka,India
ST004229,Daily Supermarket #4229,55 Ring Road,Bengaluru,Karnataka,India
ST004230,Corner Pharmacy #4230,112 Church Street,Bengaluru,Karnataka,India
ST004231,Prime Pharmacy #4231,134 Hill Street,New Delhi,Delhi,India
ST004232,Elite Convenience Store #4232,150 MG Road,New Delhi,Delhi,India
ST004233,City Grocery Store #4233,137 Garden Lane,New Delhi,Delhi,India
ST004234,Quick Pharmacy #4234,45 Garden Lane,Mumbai,Maharashtra,India
ST004235,Prime Grocery Store #4235,67 Garden Lane,Mumbai,Maharashtra,India
ST004236,Elite Pharmacy #4236,198 Main Road,New Delhi,Delhi,India
ST004237,Corner Pharmacy #4237,97 Hill Street,Mumbai,Maharashtra,India
ST004238,Elite Grocery Store #4238,149 Ring Road,Bengaluru,Karnataka,India
ST004239,Elite Pharmacy #4239,59 Hill Street,Bengaluru,Karnataka,India
ST004240,Family Supermarket #4240,102 Garden Lane,Mumbai,Maharashtra,India
ST004241,Fresh Pharmacy #4241,47 Hill Street,New Delhi,Delhi,India
ST004242,Green Pharmacy #4242,62 Main Road,Bengaluru,Karnataka,India
ST004243,Royal Convenience Store #4243,140 Ring Road,New Delhi,Delhi,India
ST004244,Family Pharmacy #4244,22 MG Road,New Delhi,Delhi,India
ST004245,Family Convenience Store #4245,67 Station Road,Bengaluru,Karnataka,India
ST004246,Family Hypermarket #4246,46 Main Road,Bengaluru,Karnataka,India
ST004247,Quick Grocery Store #4247,36 Church Street,Bengaluru,Karnataka,India
ST004248,Family Supermarket #4248,160 Lake View Road,Bengaluru,Karnataka,India
ST004249,Corner Supermarket #4249,163 Hill Street,New Delhi,Delhi,India
ST004250,Sunrise Supermarket #4250,118 Market Street,Mumbai,Maharashtra,India
ST004251,Royal Hypermarket #4251,8 Main Road,Mumbai,Maharashtra,India
ST004252,Green Supermarket #4252,199 Main Road,Bengaluru,Karnataka,India
ST004253,Daily Supermarket #4253,43 Garden Lane,Mumbai,Maharashtra,India
ST004254,Daily Supermarket #4254,49 Lake View Road,New Delhi,Delhi,India
ST004255,Quick Supermarket #4255,166 MG Road,New Delhi,Delhi,India
ST004256,Green Supermarket #4256,192 Garden Lane,New Delhi,Delhi,India
ST004257,Sunrise Supermarket #4257,91 MG Road,Bengaluru,Karnataka,India
ST004258,Star Grocery Store #4258,130 Station Road,Bengaluru,Karnataka,India
ST004259,Prime Hypermarket #4259,22 Hill Street,Bengaluru,Karnataka,India
ST004260,Neighborhood Pharmacy #4260,148 Hill Street,New Delhi,Delhi,India
ST004261,Prime Grocery Store #4261,134 Ring Road,Mumbai,Maharashtra,India
ST004262,City Pharmacy #4262,129 Garden Lane,Mumbai,Maharashtra,India
ST004263,Value Supermarket #4263,121 Main Road,Mumbai,Maharashtra,India
ST004264,Corner Convenience Store #4264,7 Main Road,Mumbai,Maharashtra,India
ST004265,Fresh Convenience Store #4265,170 Station Road,Bengaluru,Karnataka,India
ST004266,Corner Pharmacy #4266,163 MG Road,Mumbai,Maharashtra,India
ST004267,Value Supermarket #4267,133 Station Road,New Delhi,Delhi,India
ST004268,City Convenience Store #4268,97 Garden Lane,Mumbai,Maharashtra,India
ST004269,Metro Supermarket #4269,39 Station Road,Mumbai,Maharashtra,India
ST004270,Metro Convenience Store #4270,95 Main Road,Mumbai,Maharashtra,India
ST004271,Prime Hypermarket #4271,148 Park Avenue,Bengaluru,Karnataka,India
ST004272,Family Supermarket #4272,11 Lake View Road,New Delhi,Delhi,India
ST004273,Corner Supermarket #4273,62 Park Avenue,Bengaluru,Karnataka,India
ST004274,Royal Convenience Store #4274,143 Lake View Road,New Delhi,Delhi,India
ST004275,Value Convenience Store #4275,198 Garden Lane,Bengaluru,Karnataka,India
ST004276,City Convenience Store #4276,17 Main Road,Bengaluru,Karnataka,India
ST004277,Green Hypermarket #4277,32 Park Avenue,Bengaluru,Karnataka,India
ST004278,Royal Hypermarket #4278,32 Hill Street,New Delhi,Delhi,India
ST004279,Sunrise Convenience Store #4279,67 Station Road,Bengaluru,Karnataka,India
ST004280,Family Pharmacy #4280,128 Church Street,Mumbai,Maharashtra,India
ST004281,Metro Convenience Store #4281,184 Church Street,Mumbai,Maharashtra,India
ST004282,Star Convenience Store #4282,103 Station Road,Bengaluru,Karnataka,India
ST004283,City Pharmacy #4283,17 Market Street,New Delhi,Delhi,India
ST004284,Neighborhood Grocery Store #4284,76 Market Street,New Delhi,Delhi,India
ST004285,Neighborhood Convenience Store #4285,172 Station Road,New Delhi,Delhi,India
ST004286,Prime Grocery Store #4286,6 Church Street,Bengaluru,Karnataka,India
ST004287,Green Grocery Store #4287,34 MG Road,New Delhi,Delhi,India
ST004288,Corner Convenience Store #4288,27 Station Road,Bengaluru,Karnataka,India
ST004289,Daily Hypermarket #4289,11 Park Avenue,Mumbai,Maharashtra,India
ST004290,Star Hypermarket #4290,41 MG Road,Mumbai,Maharashtra,India
ST004291,Green Hypermarket #4291,11 Market Street,Mumbai,Maharashtra,India
ST004292,Green Grocery Store #4292,185 MG Road,Bengaluru,Karnataka,India
ST004293,Family Hypermarket #4293,48 Station Road,New Delhi,Delhi,India
ST004294,Royal Pharmacy #4294,6 Ring Road,New Delhi,Delhi,India
ST004295,Corner Grocery Store #4295,106 Station Road,Mumbai,Maharashtra,India
ST004296,Family Hypermarket #4296,136 Hill Street,New Delhi,Delhi,India
ST004297,Green Supermarket #4297,188 Ring Road,Bengaluru,Karnataka,India
ST004298,Metro Hypermarket #4298,179 Hill Street,New Delhi,Delhi,India
ST004299,City Convenience Store #4299,85 Market Street,Mumbai,Maharashtra,India
ST004300,Neighborhood Grocery Store #4300,16 MG Road,New Delhi,Delhi,India
ST004301,Prime Supermarket #4301,164 Main Road,New Delhi,Delhi,India
ST004302,Metro Hypermarket #4302,56 Church Street,Bengaluru,Karnataka,India
ST004303,Metro Hypermarket #4303,66 Garden Lane,New Delhi,Delhi,India
ST004304,Elite Hypermarket #4304,32 Park Avenue,New Delhi,Delhi,India
ST004305,Green Pharmacy #4305,27 Ring Road,Bengaluru,Karnataka,India
ST004306,Sunrise Supermarket #4306,117 Hill Street,New Delhi,Delhi,India
ST004307,Sunrise Grocery Store #4307,140 Main Road,Bengaluru,Karnataka,India
ST004308,Metro Convenience Store #4308,152 Ring Road,Bengaluru,Karnataka,India
ST004309,Quick Pharmacy #4309,35 Park Avenue,Bengaluru,Karnataka,India
ST004310,Metro Hypermarket #4310,105 Main Road,Bengaluru,Karnataka,India
ST004311,Daily Supermarket #4311,195 Hill Street,New Delhi,Delhi,India
ST004312,Green Grocery Store #4312,100 Ring Road,Mumbai,Maharashtra,India
ST004313,Family Grocery Store #4313,200 Hill Street,Mumbai,Maharashtra,India
ST004314,Elite Convenience Store #4314,3 Market Street,Bengaluru,Karnataka,India
ST004315,Royal Pharmacy #4315,8 Garden Lane,Bengaluru,Karnataka,India
ST004316,Value Supermarket #4316,29 Hill Street,Mumbai,Maharashtra,India
ST004317,Royal Pharmacy #4317,135 Main Road,New Delhi,Delhi,India
ST004318,Sunrise Pharmacy #4318,86 Lake View Road,Mumbai,Maharashtra,India
ST004319,Prime Grocery Store #4319,73 Garden Lane,New Delhi,Delhi,India
ST004320,Sunrise Supermarket #4320,1 Garden Lane,Mumbai,Maharashtra,India
ST004321,Corner Pharmacy #4321,157 MG Road,Mumbai,Maharashtra,India
ST004322,Elite Pharmacy #4322,20 Station Road,Bengaluru,Karnataka,India
ST004323,Daily Convenience Store #4323,135 Garden Lane,Bengaluru,Karnataka,India
ST004324,Daily Hypermarket #4324,75 Church Street,New Delhi,Delhi,India
ST004325,Corner Pharmacy #4325,123 MG Road,New Delhi,Delhi,India
ST004326,Neighborhood Supermarket #4326,194 Park Avenue,Bengaluru,Karnataka,India
ST004327,City Pharmacy #4327,41 Church Street,New Delhi,Delhi,India
ST004328,Neighborhood Convenience Store #4328,38 Ring Road,New Delhi,Delhi,India
ST004329,Quick Pharmacy #4329,86 MG Road,Mumbai,Maharashtra,India
ST004330,Daily Grocery Store #4330,66 Main Road,Bengaluru,Karnataka,India
ST004331,City Hypermarket #4331,138 Park Avenue,New Delhi,Delhi,India
ST004332,Royal Supermarket #4332,162 Main Road,Mumbai,Maharashtra,India
ST004333,Metro Hypermarket #4333,102 Park Avenue,Mumbai,Maharashtra,India
ST004334,Green Grocery Store #4334,12 Hill Street,New Delhi,Delhi,India
ST004335,Daily Supermarket #4335,33 Park Avenue,New Delhi,Delhi,India
ST004336,Fresh Supermarket #4336,15 Hill Street,Bengaluru,Karnataka,India
ST004337,Value Pharmacy #4337,102 Garden Lane,Mumbai,Maharashtra,India
ST004338,Royal Supermarket #4338,99 Market Street,Bengaluru,Karnataka,India
ST004339,Daily Grocery Store #4339,191 Church Street,Mumbai,Maharashtra,India
ST004340,City Supermarket #4340,66 MG Road,Bengaluru,Karnataka,India
ST004341,Fresh Hypermarket #4341,131 Hill Street,Mumbai,Maharashtra,India
ST004342,Corner Pharmacy #4342,28 Lake View Road,New Delhi,Delhi,India
ST004343,Corner Grocery Store #4343,165 Market Street,New Delhi,Delhi,India
ST004344,Metro Convenience Store #4344,68 Station Road,New Delhi,Delhi,India
ST004345,Daily Supermarket #4345,78 Hill Street,Bengaluru,Karnataka,India
ST004346,Green Supermarket #4346,115 Church Street,New Delhi,Delhi,India
ST004347,Prime Hypermarket #4347,123 Hill Street,Bengaluru,Karnataka,India
ST004348,City Convenience Store #4348,12 Church Street,Mumbai,Maharashtra,India
ST004349,Star Pharmacy #4349,158 Ring Road,Mumbai,Maharashtra,India
ST004350,Daily Supermarket #4350,95 Lake View Road,New Delhi,Delhi,India
ST004351,Neighborhood Supermarket #4351,130 MG Road,Bengaluru,Karnataka,India
ST004352,Neighborhood Convenience Store #4352,17 Station Road,New Delhi,Delhi,India
ST004353,Neighborhood Hypermarket #4353,5 Lake View Road,Bengaluru,Karnataka,India
ST004354,Neighborhood Hypermarket #4354,104 Garden Lane,Bengaluru,Karnataka,India
ST004355,Neighborhood Convenience Store #4355,108 Garden Lane,New Delhi,Delhi,India
ST004356,Green Convenience Store #4356,200 Station Road,Mumbai,Maharashtra,India
ST004357,Star Convenience Store #4357,195 Garden Lane,New Delhi,Delhi,India
ST004358,Daily Grocery Store #4358,76 Market Street,New Delhi,Delhi,India
ST004359,Green Convenience Store #4359,149 Park Avenue,Mumbai,Maharashtra,India
ST004360,Metro Convenience Store #4360,85 Garden Lane,Bengaluru,Karnataka,India
ST004361,Prime Supermarket #4361,198 Hill Street,Bengaluru,Karnataka,India
ST004362,Neighborhood Hypermarket #4362,50 Market Street,New Delhi,Delhi,India
ST004363,Daily Pharmacy #4363,200 Church Street,Bengaluru,Karnataka,India
ST004364,Green Hypermarket #4364,199 Park Avenue,Bengaluru,Karnataka,India
ST004365,Neighborhood Grocery Store #4365,15 Park Avenue,New Delhi,Delhi,India
ST004366,Sunrise Convenience Store #4366,143 Lake View Road,Bengaluru,Karnataka,India
ST004367,Corner Pharmacy #4367,31 Lake View Road,New Delhi,Delhi,India
ST004368,Elite Grocery Store #4368,165 Lake View Road,Bengaluru,Karnataka,India
ST004369,Sunrise Pharmacy #4369,80 Hill Street,Bengaluru,Karnataka,India
ST004370,Family Pharmacy #4370,57 MG Road,New Delhi,Delhi,India
ST004371,Elite Convenience Store #4371,167 Church Street,Mumbai,Maharashtra,India
ST004372,City Convenience Store #4372,144 Main Road,New Delhi,Delhi,India
ST004373,Royal Hypermarket #4373,89 Park Avenue,Bengaluru,Karnataka,India
ST004374,City Supermarket #4374,145 Garden Lane,New Delhi,Delhi,India
ST004375,Value Grocery Store #4375,141 Market Street,Bengaluru,Karnataka,India
ST004376,Neighborhood Grocery Store #4376,140 Market Street,Mumbai,Maharashtra,India
ST004377,Star Grocery Store #4377,24 Hill Street,Mumbai,Maharashtra,India
ST004378,Neighborhood Grocery Store #4378,89 Park Avenue,Mumbai,Maharashtra,India
ST004379,Elite Supermarket #4379,4 Hill Street,Bengaluru,Karnataka,India
ST004380,Green Grocery Store #4380,26 Market Street,Mumbai,Maharashtra,India
ST004381,Green Pharmacy #4381,81 Garden Lane,New Delhi,Delhi,India
ST004382,Elite Hypermarket #4382,65 Church Street,Bengaluru,Karnataka,India
ST004383,Corner Hypermarket #4383,39 Church Street,New Delhi,Delhi,India
ST004384,Green Convenience Store #4384,131 Station Road,Mumbai,Maharashtra,India
ST004385,Royal Supermarket #4385,43 Lake View Road,Bengaluru,Karnataka,India
ST004386,Fresh Pharmacy #4386,171 Hill Street,Bengaluru,Karnataka,India
ST004387,Neighborhood Grocery Store #4387,100 Ring Road,Mumbai,Maharashtra,India
ST004388,Daily Supermarket #4388,129 Church Street,Mumbai,Maharashtra,India
ST004389,Daily Supermarket #4389,50 Garden Lane,New Delhi,Delhi,India
ST004390,Royal Hypermarket #4390,13 Ring Road,Bengaluru,Karnataka,India
ST004391,Family Grocery Store #4391,157 Station Road,Bengaluru,Karnataka,India
ST004392,Prime Supermarket #4392,156 Ring Road,New Delhi,Delhi,India
ST004393,Fresh Hypermarket #4393,105 Market Street,Mumbai,Maharashtra,India
ST004394,Metro Convenience Store #4394,114 Park Avenue,New Delhi,Delhi,India
ST004395,Fresh Pharmacy #4395,95 Church Street,New Delhi,Delhi,India
ST004396,Prime Hypermarket #4396,127 Lake View Road,Bengaluru,Karnataka,India
ST004397,Neighborhood Grocery Store #4397,101 Market Street,Mumbai,Maharashtra,India
ST004398,Sunrise Supermarket #4398,36 Park Avenue,Mumbai,Maharashtra,India
ST004399,Star Grocery Store #4399,153 Market Street,Bengaluru,Karnataka,India
ST004400,Fresh Hypermarket #4400,24 Lake View Road,New Delhi,Delhi,India
ST004401,Elite Grocery Store #4401,13 Market Street,Mumbai,Maharashtra,India
ST004402,Sunrise Convenience Store #4402,18 Station Road,New Delhi,Delhi,India
ST004403,Corner Supermarket #4403,173 Hill Street,New Delhi,Delhi,India
ST004404,Daily Hypermarket #4404,51 Church Street,Bengaluru,Karnataka,India
ST004405,Metro Grocery Store #4405,34 MG Road,Bengaluru,Karnataka,India
ST004406,Sunrise Hypermarket #4406,52 MG Road,Bengaluru,Karnataka,India
ST004407,Daily Grocery Store #4407,140 Ring Road,Mumbai,Maharashtra,India
ST004408,Fresh Grocery Store #4408,43 Ring Road,Bengaluru,Karnataka,India
ST004409,Neighborhood Supermarket #4409,1 Park Avenue,Bengaluru,Karnataka,India
ST004410,Metro Supermarket #4410,61 Hill Street,Mumbai,Maharashtra,India
ST004411,City Hypermarket #4411,127 Hill Street,Mumbai,Maharashtra,India
ST004412,Value Convenience Store #4412,32 Church Street,Mumbai,Maharashtra,India
ST004413,Quick Pharmacy #4413,171 Hill Street,Bengaluru,Karnataka,India
ST004414,Prime Hypermarket #4414,152 Main Road,Mumbai,Maharashtra,India
ST004415,Royal Pharmacy #4415,83 Main Road,New Delhi,Delhi,India
ST004416,Royal Pharmacy #4416,76 Hill Street,Mumbai,Maharashtra,India
ST004417,Royal Supermarket #4417,111 Station Road,Bengaluru,Karnataka,India
ST004418,Fresh Hypermarket #4418,116 Church Street,Bengaluru,Karnataka,India
ST004419,Royal Hypermarket #4419,102 Lake View Road,Bengaluru,Karnataka,India
ST004420,Daily Convenience Store #4420,119 Lake View Road,Bengaluru,Karnataka,India
ST004421,City Convenience Store #4421,20 Main Road,Bengaluru,Karnataka,India
ST004422,Star Pharmacy #4422,126 Garden Lane,Bengaluru,Karnataka,India
ST004423,Royal Convenience Store #4423,27 Church Street,Bengaluru,Karnataka,India
ST004424,Family Hypermarket #4424,44 Garden Lane,Mumbai,Maharashtra,India
ST004425,Value Convenience Store #4425,126 Garden Lane,New Delhi,Delhi,India
ST004426,Metro Grocery Store #4426,60 Hill Street,Mumbai,Maharashtra,India
ST004427,Elite Pharmacy #4427,132 Market Street,Bengaluru,Karnataka,India
ST004428,Star Convenience Store #4428,105 Main Road,Mumbai,Maharashtra,India
ST004429,Metro Hypermarket #4429,193 Lake View Road,New Delhi,Delhi,India
ST004430,Quick Supermarket #4430,151 Hill Street,New Delhi,Delhi,India
ST004431,Corner Grocery Store #4431,31 Lake View Road,New Delhi,Delhi,India
ST004432,Sunrise Grocery Store #4432,104 Lake View Road,Bengaluru,Karnataka,India
ST004433,Elite Pharmacy #4433,133 Market Street,Mumbai,Maharashtra,India
ST004434,Value Supermarket #4434,97 Hill Street,Bengaluru,Karnataka,India
ST004435,Daily Pharmacy #4435,44 Market Street,New Delhi,Delhi,India
ST004436,Star Pharmacy #4436,84 Market Street,Mumbai,Maharashtra,India
ST004437,Corner Supermarket #4437,169 MG Road,New Delhi,Delhi,India
ST004438,Green Supermarket #4438,139 Lake View Road,Mumbai,Maharashtra,India
ST004439,Star Supermarket #4439,104 Garden Lane,Mumbai,Maharashtra,India
ST004440,Sunrise Pharmacy #4440,134 Market Street,Bengaluru,Karnataka,India
ST004441,Neighborhood Supermarket #4441,84 Garden Lane,Bengaluru,Karnataka,India
ST004442,Quick Grocery Store #4442,11 Hill Street,New Delhi,Delhi,India
ST004443,Family Convenience Store #4443,69 Church Street,New Delhi,Delhi,India
ST004444,Neighborhood Grocery Store #4444,139 Station Road,New Delhi,Delhi,India
ST004445,Royal Convenience Store #4445,41 Market Street,Bengaluru,Karnataka,India
ST004446,Royal Supermarket #4446,9 Garden Lane,Mumbai,Maharashtra,India
ST004447,Star Pharmacy #4447,111 Garden Lane,New Delhi,Delhi,India
ST004448,Family Hypermarket #4448,166 Market Street,Mumbai,Maharashtra,India
ST004449,Elite Hypermarket #4449,87 Garden Lane,New Delhi,Delhi,India
ST004450,Family Convenience Store #4450,17 Ring Road,New Delhi,Delhi,India
ST004451,Value Hypermarket #4451,161 Hill Street,Mumbai,Maharashtra,India
ST004452,Quick Convenience Store #4452,178 Lake View Road,Bengaluru,Karnataka,India
ST004453,Value Supermarket #4453,61 Hill Street,Bengaluru,Karnataka,India
ST004454,Quick Grocery Store #4454,123 Church Street,Mumbai,Maharashtra,India
ST004455,Green Convenience Store #4455,48 Main Road,New Delhi,Delhi,India
ST004456,Quick Convenience Store #4456,98 Ring Road,Mumbai,Maharashtra,India
ST004457,Daily Convenience Store #4457,161 Lake View Road,New Delhi,Delhi,India
ST004458,Neighborhood Grocery Store #4458,127 Park Avenue,New Delhi,Delhi,India
ST004459,City Convenience Store #4459,148 Park Avenue,New Delhi,Delhi,India
ST004460,Quick Convenience Store #4460,40 Market Street,New Delhi,Delhi,India
ST004461,Family Hypermarket #4461,51 Lake View Road,New Delhi,Delhi,India
ST004462,Green Supermarket #4462,137 MG Road,New Delhi,Delhi,India
ST004463,Fresh Convenience Store #4463,165 Market Street,Mumbai,Maharashtra,India
ST004464,Value Pharmacy #4464,179 Station Road,Bengaluru,Karnataka,India
ST004465,Star Supermarket #4465,194 Park Avenue,Mumbai,Maharashtra,India
ST004466,Sunrise Grocery Store #4466,85 Lake View Road,New Delhi,Delhi,India
ST004467,Fresh Convenience Store #4467,173 Ring Road,Bengaluru,Karnataka,India
ST004468,Prime Pharmacy #4468,46 MG Road,New Delhi,Delhi,India
ST004469,Prime Hypermarket #4469,47 Hill Street,Mumbai,Maharashtra,India
ST004470,Quick Grocery Store #4470,101 Church Street,New Delhi,Delhi,India
ST004471,Value Pharmacy #4471,76 Market Street,New Delhi,Delhi,India
ST004472,Star Pharmacy #4472,175 Hill Street,Bengaluru,Karnataka,India
ST004473,Royal Convenience Store #4473,101 Church Street,Mumbai,Maharashtra,India
ST004474,Family Pharmacy #4474,27 MG Road,New Delhi,Delhi,India
ST004475,City Grocery Store #4475,21 MG Road,Mumbai,Maharashtra,India
ST004476,Family Pharmacy #4476,185 Lake View Road,Mumbai,Maharashtra,India
ST004477,Elite Pharmacy #4477,100 Market Street,Mumbai,Maharashtra,India
ST004478,City Convenience Store #4478,151 Church Street,Mumbai,Maharashtra,India
ST004479,Value Pharmacy #4479,156 MG Road,New Delhi,Delhi,India
ST004480,Metro Supermarket #4480,28 Hill Street,New Delhi,Delhi,India
ST004481,Value Grocery Store #4481,7 Lake View Road,Mumbai,Maharashtra,India
ST004482,Prime Convenience Store #4482,144 MG Road,Mumbai,Maharashtra,India
ST004483,Neighborhood Supermarket #4483,194 Lake View Road,Mumbai,Maharashtra,India
ST004484,Royal Hypermarket #4484,58 Main Road,Mumbai,Maharashtra,India
ST004485,Prime Pharmacy #4485,160 Ring Road,New Delhi,Delhi,India
ST004486,Royal Convenience Store #4486,20 Ring Road,New Delhi,Delhi,India
ST004487,Neighborhood Grocery Store #4487,43 Main Road,Mumbai,Maharashtra,India
ST004488,Family Pharmacy #4488,86 Garden Lane,New Delhi,Delhi,India
ST004489,Prime Pharmacy #4489,23 MG Road,Bengaluru,Karnataka,India
ST004490,Corner Pharmacy #4490,23 MG Road,Mumbai,Maharashtra,India
ST004491,Quick Hypermarket #4491,84 MG Road,Bengaluru,Karnataka,India
ST004492,Daily Pharmacy #4492,187 Market Street,Bengaluru,Karnataka,India
ST004493,Neighborhood Hypermarket #4493,108 Lake View Road,Bengaluru,Karnataka,India
ST004494,Daily Convenience Store #4494,110 Lake View Road,Bengaluru,Karnataka,India
ST004495,Fresh Hypermarket #4495,159 Station Road,Bengaluru,Karnataka,India
ST004496,Sunrise Pharmacy #4496,28 Station Road,New Delhi,Delhi,India
ST004497,Fresh Supermarket #4497,46 Lake View Road,Mumbai,Maharashtra,India
ST004498,Neighborhood Grocery Store #4498,32 Garden Lane,New Delhi,Delhi,India
ST004499,Quick Convenience Store #4499,16 Garden Lane,New Delhi,Delhi,India
ST004500,Green Pharmacy #4500,2 Station Road,Mumbai,Maharashtra,India
ST004501,City Hypermarket #4501,132 Hill Street,Bengaluru,Karnataka,India
ST004502,Royal Convenience Store #4502,103 Market Street,Mumbai,Maharashtra,India
ST004503,Elite Pharmacy #4503,143 Park Avenue,Mumbai,Maharashtra,India
ST004504,Fresh Grocery Store #4504,198 Garden Lane,Mumbai,Maharashtra,India
ST004505,Corner Convenience Store #4505,138 Lake View Road,Mumbai,Maharashtra,India
ST004506,Prime Hypermarket #4506,36 Lake View Road,Bengaluru,Karnataka,India
ST004507,Family Hypermarket #4507,190 Station Road,Mumbai,Maharashtra,India
ST004508,Star Convenience Store #4508,188 Garden Lane,Mumbai,Maharashtra,India
ST004509,Value Grocery Store #4509,183 Garden Lane,Mumbai,Maharashtra,India
ST004510,City Hypermarket #4510,33 Station Road,New Delhi,Delhi,India
ST004511,Elite Convenience Store #4511,22 Park Avenue,Bengaluru,Karnataka,India
ST004512,Fresh Hypermarket #4512,2 Main Road,Bengaluru,Karnataka,India
ST004513,City Supermarket #4513,96 Church Street,Mumbai,Maharashtra,India
ST004514,Star Convenience Store #4514,19 Church Street,Bengaluru,Karnataka,India
ST004515,Star Pharmacy #4515,84 MG Road,Bengaluru,Karnataka,India
ST004516,Metro Supermarket #4516,83 MG Road,Bengaluru,Karnataka,India
ST004517,Fresh Grocery Store #4517,53 Park Avenue,New Delhi,Delhi,India
ST004518,Sunrise Convenience Store #4518,175 Ring Road,Bengaluru,Karnataka,India
ST004519,Prime Hypermarket #4519,134 Hill Street,Mumbai,Maharashtra,India
ST004520,Corner Convenience Store #4520,151 Garden Lane,Mumbai,Maharashtra,India
ST004521,City Grocery Store #4521,177 Church Street,Mumbai,Maharashtra,India
ST004522,Quick Grocery Store #4522,113 Station Road,New Delhi,Delhi,India
ST004523,City Grocery Store #4523,2 Market Street,New Delhi,Delhi,India
ST004524,Royal Hypermarket #4524,190 Market Street,New Delhi,Delhi,India
ST004525,Prime Hypermarket #4525,18 Hill Street,Bengaluru,Karnataka,India
ST004526,Green Pharmacy #4526,182 Hill Street,Bengaluru,Karnataka,India
ST004527,Sunrise Supermarket #4527,49 Ring Road,Bengaluru,Karnataka,India
ST004528,Metro Pharmacy #4528,37 Main Road,New Delhi,Delhi,India
ST004529,Neighborhood Hypermarket #4529,16 Park Avenue,Bengaluru,Karnataka,India
ST004530,Elite Supermarket #4530,134 Church Street,Bengaluru,Karnataka,India
ST004531,Prime Grocery Store #4531,41 Church Street,Mumbai,Maharashtra,India
ST004532,Quick Convenience Store #4532,7 Hill Street,Mumbai,Maharashtra,India
ST004533,Green Pharmacy #4533,104 Hill Street,Mumbai,Maharashtra,India
ST004534,Star Supermarket #4534,46 Market Street,Mumbai,Maharashtra,India
ST004535,Quick Hypermarket #4535,83 Station Road,Mumbai,Maharashtra,India
ST004536,Family Hypermarket #4536,69 Lake View Road,New Delhi,Delhi,India
ST004537,Corner Pharmacy #4537,147 Main Road,Bengaluru,Karnataka,India
ST004538,City Hypermarket #4538,24 Hill Street,New Delhi,Delhi,India
ST004539,Corner Grocery Store #4539,142 Church Street,New Delhi,Delhi,India
ST004540,Corner Supermarket #4540,141 Market Street,Bengaluru,Karnataka,India
ST004541,Daily Grocery Store #4541,121 Market Street,New Delhi,Delhi,India
ST004542,Quick Supermarket #4542,56 Church Street,New Delhi,Delhi,India
ST004543,Green Grocery Store #4543,187 Church Street,New Delhi,Delhi,India
ST004544,Star Convenience Store #4544,48 Main Road,New Delhi,Delhi,India
ST004545,City Hypermarket #4545,40 Garden Lane,Bengaluru,Karnataka,India
ST004546,Elite Convenience Store #4546,55 Park Avenue,New Delhi,Delhi,India
ST004547,Daily Pharmacy #4547,110 MG Road,New Delhi,Delhi,India
ST004548,Daily Convenience Store #4548,78 Church Street,New Delhi,Delhi,India
ST004549,Family Convenience Store #4549,61 Market Street,Bengaluru,Karnataka,India
ST004550,Star Hypermarket #4550,180 Church Street,Mumbai,Maharashtra,India
ST004551,Royal Convenience Store #4551,53 MG Road,New Delhi,Delhi,India
ST004552,Prime Convenience Store #4552,107 Ring Road,Mumbai,Maharashtra,India
ST004553,Sunrise Grocery Store #4553,119 Lake View Road,New Delhi,Delhi,India
ST004554,City Pharmacy #4554,75 Church Street,Mumbai,Maharashtra,India
ST004555,Neighborhood Supermarket #4555,67 Station Road,Mumbai,Maharashtra,India
ST004556,Green Convenience Store #4556,157 Ring Road,Mumbai,Maharashtra,India
ST004557,Elite Pharmacy #4557,155 Garden Lane,Mumbai,Maharashtra,India
ST004558,Fresh Grocery Store #4558,147 Market Street,Bengaluru,Karnataka,India
ST004559,Daily Grocery Store #4559,15 MG Road,Bengaluru,Karnataka,India
ST004560,Star Pharmacy #4560,120 Hill Street,New Delhi,Delhi,India
ST004561,Sunrise Grocery Store #4561,55 Lake View Road,Bengaluru,Karnataka,India
ST004562,City Hypermarket #4562,143 Hill Street,New Delhi,Delhi,India
ST004563,City Pharmacy #4563,8 Ring Road,Bengaluru,Karnataka,India
ST004564,Green Pharmacy #4564,102 Main Road,Mumbai,Maharashtra,India
ST004565,Metro Convenience Store #4565,10 Main Road,Bengaluru,Karnataka,India
ST004566,Green Hypermarket #4566,126 Garden Lane,New Delhi,Delhi,India
ST004567,Family Grocery Store #4567,130 Garden Lane,New Delhi,Delhi,India
ST004568,Value Grocery Store #4568,54 MG Road,New Delhi,Delhi,India
ST004569,Value Convenience Store #4569,61 Hill Street,Bengaluru,Karnataka,India
ST004570,Elite Grocery Store #4570,193 Main Road,Bengaluru,Karnataka,India
ST004571,Fresh Pharmacy #4571,78 Church Street,Mumbai,Maharashtra,India
ST004572,Star Grocery Store #4572,147 Garden Lane,Bengaluru,Karnataka,India
ST004573,Daily Hypermarket #4573,18 MG Road,Mumbai,Maharashtra,India
ST004574,Metro Pharmacy #4574,147 Ring Road,New Delhi,Delhi,India
ST004575,Green Supermarket #4575,165 Garden Lane,Bengaluru,Karnataka,India
ST004576,Green Pharmacy #4576,151 MG Road,New Delhi,Delhi,India
ST004577,Daily Supermarket #4577,51 Lake View Road,Mumbai,Maharashtra,India
ST004578,Star Hypermarket #4578,131 Church Street,New Delhi,Delhi,India
ST004579,Neighborhood Supermarket #4579,2 Garden Lane,Bengaluru,Karnataka,India
ST004580,Quick Grocery Store #4580,54 Garden Lane,Bengaluru,Karnataka,India
ST004581,Daily Grocery Store #4581,30 Market Street,New Delhi,Delhi,India
ST004582,Fresh Grocery Store #4582,39 Market Street,New Delhi,Delhi,India
ST004583,Metro Supermarket #4583,31 Lake View Road,Bengaluru,Karnataka,India
ST004584,Quick Grocery Store #4584,36 Main Road,New Delhi,Delhi,India
ST004585,Neighborhood Supermarket #4585,173 Ring Road,New Delhi,Delhi,India
ST004586,Daily Supermarket #4586,104 Ring Road,Mumbai,Maharashtra,India
ST004587,Elite Pharmacy #4587,11 Ring Road,Bengaluru,Karnataka,India
ST004588,Sunrise Convenience Store #4588,115 Market Street,Bengaluru,Karnataka,India
ST004589,Star Hypermarket #4589,136 Lake View Road,New Delhi,Delhi,India
ST004590,Metro Pharmacy #4590,192 Church Street,New Delhi,Delhi,India
ST004591,Prime Supermarket #4591,50 Park Avenue,New Delhi,Delhi,India
ST004592,Value Grocery Store #4592,138 Main Road,Bengaluru,Karnataka,India
ST004593,Quick Pharmacy #4593,171 Station Road,New Delhi,Delhi,India
ST004594,Daily Convenience Store #4594,196 Station Road,Bengaluru,Karnataka,India
ST004595,Daily Pharmacy #4595,73 Main Road,Bengaluru,Karnataka,India
ST004596,Star Convenience Store #4596,161 Hill Street,Mumbai,Maharashtra,India
ST004597,Elite Pharmacy #4597,3 Garden Lane,Mumbai,Maharashtra,India
ST004598,City Hypermarket #4598,153 Station Road,Bengaluru,Karnataka,India
ST004599,City Grocery Store #4599,152 Church Street,Bengaluru,Karnataka,India
ST004600,Value Hypermarket #4600,98 Ring Road,New Delhi,Delhi,India
ST004601,Green Supermarket #4601,184 Garden Lane,Bengaluru,Karnataka,India
ST004602,Value Convenience Store #4602,200 Garden Lane,Bengaluru,Karnataka,India
ST004603,Royal Grocery Store #4603,199 Ring Road,Bengaluru,Karnataka,India
ST004604,Quick Pharmacy #4604,37 Station Road,Bengaluru,Karnataka,India
ST004605,Corner Pharmacy #4605,141 MG Road,Mumbai,Maharashtra,India
ST004606,Value Convenience Store #4606,79 Market Street,Mumbai,Maharashtra,India
ST004607,Royal Pharmacy #4607,67 Ring Road,Bengaluru,Karnataka,India
ST004608,Fresh Pharmacy #4608,124 Main Road,Bengaluru,Karnataka,India
ST004609,Daily Grocery Store #4609,158 Market Street,Mumbai,Maharashtra,India
ST004610,Metro Grocery Store #4610,127 Station Road,New Delhi,Delhi,India
ST004611,City Supermarket #4611,159 Main Road,New Delhi,Delhi,India
ST004612,Sunrise Grocery Store #4612,22 Park Avenue,New Delhi,Delhi,India
ST004613,Royal Grocery Store #4613,6 Park Avenue,New Delhi,Delhi,India
ST004614,City Pharmacy #4614,73 Hill Street,Bengaluru,Karnataka,India
ST004615,Value Supermarket #4615,67 Market Street,Mumbai,Maharashtra,India
ST004616,Metro Supermarket #4616,182 Station Road,New Delhi,Delhi,India
ST004617,Metro Supermarket #4617,32 Main Road,Bengaluru,Karnataka,India
ST004618,Value Convenience Store #4618,128 Garden Lane,Mumbai,Maharashtra,India
ST004619,Value Grocery Store #4619,79 Garden Lane,Mumbai,Maharashtra,India
ST004620,Value Supermarket #4620,152 MG Road,Mumbai,Maharashtra,India
ST004621,Prime Hypermarket #4621,45 Church Street,Mumbai,Maharashtra,India
ST004622,Quick Hypermarket #4622,36 Station Road,Bengaluru,Karnataka,India
ST004623,Corner Grocery Store #4623,29 Main Road,Bengaluru,Karnataka,India
ST004624,Fresh Convenience Store #4624,132 Ring Road,Bengaluru,Karnataka,India
ST004625,Metro Supermarket #4625,189 Park Avenue,Bengaluru,Karnataka,India
ST004626,Metro Convenience Store #4626,116 Park Avenue,Bengaluru,Karnataka,India
ST004627,Green Hypermarket #4627,126 Market Street,Bengaluru,Karnataka,India
ST004628,Family Grocery Store #4628,140 Main Road,Bengaluru,Karnataka,India
ST004629,Daily Convenience Store #4629,172 MG Road,New Delhi,Delhi,India
ST004630,Daily Grocery Store #4630,152 Main Road,Bengaluru,Karnataka,India
ST004631,Value Supermarket #4631,16 Lake View Road,New Delhi,Delhi,India
ST004632,Metro Supermarket #4632,11 Park Avenue,New Delhi,Delhi,India
ST004633,Daily Grocery Store #4633,14 Lake View Road,Bengaluru,Karnataka,India
ST004634,Value Pharmacy #4634,13 Station Road,Bengaluru,Karnataka,India
ST004635,Family Hypermarket #4635,126 Station Road,Mumbai,Maharashtra,India
ST004636,Green Pharmacy #4636,45 Ring Road,Mumbai,Maharashtra,India
ST004637,Fresh Pharmacy #4637,145 Park Avenue,Bengaluru,Karnataka,India
ST004638,Value Pharmacy #4638,136 MG Road,New Delhi,Delhi,India
ST004639,Corner Grocery Store #4639,110 Garden Lane,New Delhi,Delhi,India
ST004640,Quick Hypermarket #4640,53 Ring Road,Bengaluru,Karnataka,India
ST004641,Fresh Convenience Store #4641,51 Church Street,Mumbai,Maharashtra,India
ST004642,Corner Convenience Store #4642,113 Station Road,Bengaluru,Karnataka,India
ST004643,Elite Grocery Store #4643,112 Market Street,Mumbai,Maharashtra,India
ST004644,Value Supermarket #4644,17 Hill Street,New Delhi,Delhi,India
ST004645,Royal Pharmacy #4645,180 Lake View Road,Bengaluru,Karnataka,India
ST004646,Fresh Supermarket #4646,69 Park Avenue,Bengaluru,Karnataka,India
ST004647,Corner Grocery Store #4647,80 MG Road,Bengaluru,Karnataka,India
ST004648,Fresh Convenience Store #4648,30 Main Road,Bengaluru,Karnataka,India
ST004649,Neighborhood Grocery Store #4649,171 Lake View Road,Mumbai,Maharashtra,India
ST004650,Elite Supermarket #4650,10 Main Road,Mumbai,Maharashtra,India
ST004651,Neighborhood Hypermarket #4651,140 Hill Street,Bengaluru,Karnataka,India
ST004652,Royal Supermarket #4652,145 Station Road,New Delhi,Delhi,India
ST004653,Fresh Convenience Store #4653,64 Ring Road,Mumbai,Maharashtra,India
ST004654,Green Hypermarket #4654,11 Station Road,Bengaluru,Karnataka,India
ST004655,Neighborhood Convenience Store #4655,10 Garden Lane,New Delhi,Delhi,India
ST004656,Star Hypermarket #4656,128 Park Avenue,New Delhi,Delhi,India
ST004657,Family Convenience Store #4657,164 Church Street,Mumbai,Maharashtra,India
ST004658,Metro Supermarket #4658,152 Lake View Road,Mumbai,Maharashtra,India
ST004659,Royal Supermarket #4659,98 Garden Lane,Mumbai,Maharashtra,India
ST004660,Sunrise Convenience Store #4660,27 Park Avenue,Mumbai,Maharashtra,India
ST004661,Daily Grocery Store #4661,56 Lake View Road,Bengaluru,Karnataka,India
ST004662,Fresh Hypermarket #4662,123 Garden Lane,Mumbai,Maharashtra,India
ST004663,Metro Hypermarket #4663,45 MG Road,Bengaluru,Karnataka,India
ST004664,City Grocery Store #4664,189 Hill Street,Bengaluru,Karnataka,India
ST004665,Neighborhood Convenience Store #4665,150 Garden Lane,Mumbai,Maharashtra,India
ST004666,Neighborhood Supermarket #4666,4 Ring Road,Mumbai,Maharashtra,India
ST004667,City Hypermarket #4667,170 Market Street,Mumbai,Maharashtra,India
ST004668,Metro Supermarket #4668,14 Hill Street,Mumbai,Maharashtra,India
ST004669,Royal Grocery Store #4669,44 Ring Road,New Delhi,Delhi,India
ST004670,Corner Supermarket #4670,41 Main Road,Bengaluru,Karnataka,India
ST004671,Daily Hypermarket #4671,22 Church Street,New Delhi,Delhi,India
ST004672,Star Hypermarket #4672,193 Garden Lane,New Delhi,Delhi,India
ST004673,Family Convenience Store #4673,130 Garden Lane,New Delhi,Delhi,India
ST004674,Elite Grocery Store #4674,29 Ring Road,Bengaluru,Karnataka,India
ST004675,Fresh Grocery Store #4675,138 Hill Street,New Delhi,Delhi,India
ST004676,Prime Convenience Store #4676,131 Main Road,New Delhi,Delhi,India
ST004677,Family Supermarket #4677,67 Station Road,Mumbai,Maharashtra,India
ST004678,City Convenience Store #4678,195 Ring Road,Bengaluru,Karnataka,India
ST004679,Elite Grocery Store #4679,134 Hill Street,Mumbai,Maharashtra,India
ST004680,Neighborhood Pharmacy #4680,130 MG Road,Mumbai,Maharashtra,India
ST004681,Elite Grocery Store #4681,139 Market Street,Bengaluru,Karnataka,India
ST004682,Green Supermarket #4682,67 Hill Street,Bengaluru,Karnataka,India
ST004683,Corner Supermarket #4683,82 Lake View Road,Mumbai,Maharashtra,India
ST004684,Royal Supermarket #4684,49 Park Avenue,Bengaluru,Karnataka,India
ST004685,Daily Convenience Store #4685,153 Park Avenue,Mumbai,Maharashtra,India
ST004686,Green Supermarket #4686,172 Ring Road,New Delhi,Delhi,India
ST004687,Family Pharmacy #4687,173 Garden Lane,Mumbai,Maharashtra,India
ST004688,Green Hypermarket #4688,154 Park Avenue,Bengaluru,Karnataka,India
ST004689,Elite Convenience Store #4689,39 Lake View Road,New Delhi,Delhi,India
ST004690,Neighborhood Grocery Store #4690,123 Main Road,New Delhi,Delhi,India
ST004691,Fresh Hypermarket #4691,91 Church Street,New Delhi,Delhi,India
ST004692,Prime Supermarket #4692,149 Park Avenue,Bengaluru,Karnataka,India
ST004693,Value Supermarket #4693,12 Lake View Road,Mumbai,Maharashtra,India
ST004694,Star Convenience Store #4694,46 Lake View Road,Bengaluru,Karnataka,India
ST004695,Star Hypermarket #4695,142 Hill Street,New Delhi,Delhi,India
ST004696,Value Pharmacy #4696,97 MG Road,New Delhi,Delhi,India
ST004697,Green Supermarket #4697,149 Park Avenue,Mumbai,Maharashtra,India
ST004698,Prime Pharmacy #4698,12 Garden Lane,New Delhi,Delhi,India
ST004699,Sunrise Grocery Store #4699,73 Garden Lane,New Delhi,Delhi,India
ST004700,Corner Grocery Store #4700,64 Station Road,New Delhi,Delhi,India
ST004701,Corner Convenience Store #4701,69 Lake View Road,Bengaluru,Karnataka,India
ST004702,Prime Convenience Store #4702,17 Lake View Road,Bengaluru,Karnataka,India
ST004703,City Supermarket #4703,87 Ring Road,New Delhi,Delhi,India
ST004704,City Grocery Store #4704,92 Garden Lane,Bengaluru,Karnataka,India
ST004705,Royal Pharmacy #4705,105 Station Road,New Delhi,Delhi,India
ST004706,Family Convenience Store #4706,1 Hill Street,Bengaluru,Karnataka,India
ST004707,Green Convenience Store #4707,69 Hill Street,Bengaluru,Karnataka,India
ST004708,Family Grocery Store #4708,129 Church Street,New Delhi,Delhi,India
ST004709,Fresh Convenience Store #4709,36 Station Road,Mumbai,Maharashtra,India
ST004710,Quick Grocery Store #4710,193 Hill Street,Bengaluru,Karnataka,India
ST004711,Neighborhood Grocery Store #4711,18 Park Avenue,New Delhi,Delhi,India
ST004712,Neighborhood Supermarket #4712,23 Station Road,Bengaluru,Karnataka,India
ST004713,Metro Supermarket #4713,151 Church Street,Bengaluru,Karnataka,India
ST004714,Star Hypermarket #4714,164 Market Street,New Delhi,Delhi,India
ST004715,Sunrise Pharmacy #4715,28 Church Street,Mumbai,Maharashtra,India
ST004716,Quick Pharmacy #4716,105 Main Road,New Delhi,Delhi,India
ST004717,City Hypermarket #4717,12 Station Road,Bengaluru,Karnataka,India
ST004718,Family Hypermarket #4718,25 Park Avenue,New Delhi,Delhi,India
ST004719,Green Hypermarket #4719,6 Market Street,New Delhi,Delhi,India
ST004720,Elite Hypermarket #4720,193 Station Road,Mumbai,Maharashtra,India
ST004721,City Grocery Store #4721,32 Garden Lane,Mumbai,Maharashtra,India
ST004722,Corner Supermarket #4722,167 Main Road,Mumbai,Maharashtra,India
ST004723,Sunrise Pharmacy #4723,71 Main Road,Mumbai,Maharashtra,India
ST004724,Corner Convenience Store #4724,17 Lake View Road,Mumbai,Maharashtra,India
ST004725,Elite Grocery Store #4725,17 Hill Street,New Delhi,Delhi,India
ST004726,Sunrise Pharmacy #4726,153 Hill Street,Mumbai,Maharashtra,India
ST004727,Green Convenience Store #4727,162 Main Road,New Delhi,Delhi,India
ST004728,Family Convenience Store #4728,1 Park Avenue,New Delhi,Delhi,India
ST004729,Royal Grocery Store #4729,38 Ring Road,New Delhi,Delhi,India
ST004730,Daily Hypermarket #4730,70 Park Avenue,Mumbai,Maharashtra,India
ST004731,Royal Convenience Store #4731,58 MG Road,Bengaluru,Karnataka,India
ST004732,City Convenience Store #4732,161 Park Avenue,Mumbai,Maharashtra,India
ST004733,Family Hypermarket #4733,158 Hill Street,Mumbai,Maharashtra,India
ST004734,Green Convenience Store #4734,179 Garden Lane,Bengaluru,Karnataka,India
ST004735,Sunrise Grocery Store #4735,141 Lake View Road,New Delhi,Delhi,India
ST004736,Elite Hypermarket #4736,98 Garden Lane,New Delhi,Delhi,India
ST004737,Sunrise Hypermarket #4737,84 MG Road,Bengaluru,Karnataka,India
ST004738,Prime Convenience Store #4738,169 Main Road,Mumbai,Maharashtra,India
ST004739,Daily Supermarket #4739,35 Garden Lane,New Delhi,Delhi,India
ST004740,Fresh Pharmacy #4740,200 Lake View Road,New Delhi,Delhi,India
ST004741,Metro Hypermarket #4741,98 Main Road,New Delhi,Delhi,India
ST004742,Daily Hypermarket #4742,122 Ring Road,Bengaluru,Karnataka,India
ST004743,Star Grocery Store #4743,16 Church Street,New Delhi,Delhi,India
ST004744,Family Convenience Store #4744,102 Church Street,New Delhi,Delhi,India
ST004745,Value Grocery Store #4745,106 Market Street,Bengaluru,Karnataka,India
ST004746,Family Supermarket #4746,67 MG Road,New Delhi,Delhi,India
ST004747,Neighborhood Hypermarket #4747,98 Lake View Road,Bengaluru,Karnataka,India
ST004748,Fresh Supermarket #4748,153 Garden Lane,Bengaluru,Karnataka,India
ST004749,Green Hypermarket #4749,77 Hill Street,Bengaluru,Karnataka,India
ST004750,Prime Convenience Store #4750,13 Station Road,Bengaluru,Karnataka,India
ST004751,Corner Grocery Store #4751,71 Hill Street,New Delhi,Delhi,India
ST004752,Corner Convenience Store #4752,128 Park Avenue,Mumbai,Maharashtra,India
ST004753,Value Supermarket #4753,68 Market Street,Mumbai,Maharashtra,India
ST004754,Royal Supermarket #4754,81 Park Avenue,Mumbai,Maharashtra,India
ST004755,Quick Hypermarket #4755,88 Hill Street,Mumbai,Maharashtra,India
ST004756,Neighborhood Supermarket #4756,79 MG Road,Mumbai,Maharashtra,India
ST004757,Metro Pharmacy #4757,156 Main Road,New Delhi,Delhi,India
ST004758,City Grocery Store #4758,95 Station Road,Bengaluru,Karnataka,India
ST004759,Elite Grocery Store #4759,34 Market Street,Mumbai,Maharashtra,India
ST004760,Value Grocery Store #4760,75 Main Road,New Delhi,Delhi,India
ST004761,Corner Supermarket #4761,86 Garden Lane,New Delhi,Delhi,India
ST004762,Value Convenience Store #4762,14 Main Road,Bengaluru,Karnataka,India
ST004763,City Grocery Store #4763,31 Market Street,Bengaluru,Karnataka,India
ST004764,Prime Pharmacy #4764,196 Lake View Road,Bengaluru,Karnataka,India
ST004765,Elite Grocery Store #4765,178 Lake View Road,Mumbai,Maharashtra,India
ST004766,Corner Hypermarket #4766,196 MG Road,Bengaluru,Karnataka,India
ST004767,Daily Convenience Store #4767,8 Ring Road,Mumbai,Maharashtra,India
ST004768,City Supermarket #4768,182 Ring Road,Mumbai,Maharashtra,India
ST004769,Value Supermarket #4769,65 Hill Street,New Delhi,Delhi,India
ST004770,Star Convenience Store #4770,16 Main Road,Mumbai,Maharashtra,India
ST004771,Fresh Convenience Store #4771,122 Garden Lane,Bengaluru,Karnataka,India
ST004772,Corner Convenience Store #4772,183 Lake View Road,Mumbai,Maharashtra,India
ST004773,City Convenience Store #4773,21 Market Street,Bengaluru,Karnataka,India
ST004774,Neighborhood Convenience Store #4774,114 Main Road,Mumbai,Maharashtra,India
ST004775,Quick Hypermarket #4775,184 Park Avenue,Bengaluru,Karnataka,India
ST004776,Royal Hypermarket #4776,164 Park Avenue,Bengaluru,Karnataka,India
ST004777,City Supermarket #4777,29 Market Street,New Delhi,Delhi,India
ST004778,Metro Supermarket #4778,65 Church Street,New Delhi,Delhi,India
ST004779,Value Grocery Store #4779,111 MG Road,Bengaluru,Karnataka,India
ST004780,Sunrise Convenience Store #4780,193 Hill Street,Mumbai,Maharashtra,India
ST004781,Quick Supermarket #4781,90 Market Street,New Delhi,Delhi,India
ST004782,Prime Hypermarket #4782,45 Station Road,New Delhi,Delhi,India
ST004783,Daily Pharmacy #4783,143 Church Street,New Delhi,Delhi,India
ST004784,Value Convenience Store #4784,93 Station Road,Mumbai,Maharashtra,India
ST004785,Fresh Supermarket #4785,110 Station Road,New Delhi,Delhi,India
ST004786,Star Hypermarket #4786,74 Lake View Road,Mumbai,Maharashtra,India
ST004787,Sunrise Hypermarket #4787,51 Ring Road,Bengaluru,Karnataka,India
ST004788,City Supermarket #4788,40 Lake View Road,Bengaluru,Karnataka,India
ST004789,Green Hypermarket #4789,158 Lake View Road,New Delhi,Delhi,India
ST004790,Sunrise Convenience Store #4790,116 Lake View Road,Bengaluru,Karnataka,India
ST004791,Green Grocery Store #4791,63 Station Road,Bengaluru,Karnataka,India
ST004792,Quick Pharmacy #4792,8 Church Street,Bengaluru,Karnataka,India
ST004793,Family Convenience Store #4793,176 Market Street,Mumbai,Maharashtra,India
ST004794,Elite Supermarket #4794,91 Main Road,Mumbai,Maharashtra,India
ST004795,Fresh Convenience Store #4795,156 Park Avenue,Bengaluru,Karnataka,India
ST004796,Royal Pharmacy #4796,66 MG Road,Bengaluru,Karnataka,India
ST004797,Fresh Pharmacy #4797,156 Church Street,Mumbai,Maharashtra,India
ST004798,Sunrise Hypermarket #4798,129 Market Street,New Delhi,Delhi,India
ST004799,Neighborhood Hypermarket #4799,85 Church Street,Bengaluru,Karnataka,India
ST004800,Fresh Hypermarket #4800,180 Ring Road,Bengaluru,Karnataka,India
ST004801,Daily Convenience Store #4801,102 Lake View Road,New Delhi,Delhi,India
ST004802,Family Grocery Store #4802,132 Ring Road,Mumbai,Maharashtra,India
ST004803,Value Grocery Store #4803,72 Station Road,Bengaluru,Karnataka,India
ST004804,Elite Hypermarket #4804,93 Station Road,New Delhi,Delhi,India
ST004805,Corner Hypermarket #4805,137 Church Street,Bengaluru,Karnataka,India
ST004806,Elite Convenience Store #4806,177 Ring Road,Mumbai,Maharashtra,India
ST004807,Neighborhood Grocery Store #4807,56 Lake View Road,New Delhi,Delhi,India
ST004808,Daily Convenience Store #4808,165 MG Road,Bengaluru,Karnataka,India
ST004809,Star Pharmacy #4809,32 Market Street,New Delhi,Delhi,India
ST004810,Quick Convenience Store #4810,132 Station Road,New Delhi,Delhi,India
ST004811,Sunrise Convenience Store #4811,160 Garden Lane,Mumbai,Maharashtra,India
ST004812,Corner Convenience Store #4812,136 Hill Street,New Delhi,Delhi,India
ST004813,Elite Pharmacy #4813,154 Main Road,New Delhi,Delhi,India
ST004814,Value Hypermarket #4814,149 Market Street,Mumbai,Maharashtra,India
ST004815,Daily Grocery Store #4815,116 Market Street,Mumbai,Maharashtra,India
ST004816,Corner Hypermarket #4816,10 Ring Road,Bengaluru,Karnataka,India
ST004817,Family Convenience Store #4817,98 Station Road,New Delhi,Delhi,India
ST004818,Prime Pharmacy #4818,53 Hill Street,Bengaluru,Karnataka,India
ST004819,Neighborhood Pharmacy #4819,42 Hill Street,Mumbai,Maharashtra,India
ST004820,Metro Pharmacy #4820,27 Market Street,New Delhi,Delhi,India
ST004821,Star Supermarket #4821,141 Lake View Road,New Delhi,Delhi,India
ST004822,Corner Supermarket #4822,146 Church Street,Bengaluru,Karnataka,India
ST004823,Family Pharmacy #4823,13 Garden Lane,New Delhi,Delhi,India
ST004824,Elite Convenience Store #4824,43 Market Street,Bengaluru,Karnataka,India
ST004825,Fresh Supermarket #4825,4 Market Street,Bengaluru,Karnataka,India
ST004826,City Pharmacy #4826,5 Ring Road,Bengaluru,Karnataka,India
ST004827,Corner Convenience Store #4827,112 Park Avenue,Mumbai,Maharashtra,India
ST004828,Fresh Supermarket #4828,131 Garden Lane,Bengaluru,Karnataka,India
ST004829,Elite Convenience Store #4829,124 Park Avenue,New Delhi,Delhi,India
ST004830,Fresh Supermarket #4830,22 Station Road,New Delhi,Delhi,India
ST004831,Value Pharmacy #4831,24 Station Road,Mumbai,Maharashtra,India
ST004832,Elite Supermarket #4832,61 Hill Street,New Delhi,Delhi,India
ST004833,Elite Hypermarket #4833,167 Church Street,Mumbai,Maharashtra,India
ST004834,Neighborhood Supermarket #4834,194 Main Road,New Delhi,Delhi,India
ST004835,Prime Grocery Store #4835,193 Hill Street,Mumbai,Maharashtra,India
ST004836,Metro Pharmacy #4836,80 Park Avenue,Mumbai,Maharashtra,India
ST004837,Value Convenience Store #4837,26 Main Road,New Delhi,Delhi,India
ST004838,Metro Supermarket #4838,198 Main Road,New Delhi,Delhi,India
ST004839,Royal Grocery Store #4839,47 Main Road,Mumbai,Maharashtra,India
ST004840,Royal Hypermarket #4840,85 Garden Lane,Mumbai,Maharashtra,India
ST004841,Quick Grocery Store #4841,85 Main Road,Bengaluru,Karnataka,India
ST004842,Corner Supermarket #4842,172 Park Avenue,Mumbai,Maharashtra,India
ST004843,Prime Grocery Store #4843,19 Main Road,Bengaluru,Karnataka,India
ST004844,Elite Grocery Store #4844,77 Ring Road,Mumbai,Maharashtra,India
ST004845,Sunrise Supermarket #4845,73 Main Road,Bengaluru,Karnataka,India
ST004846,Family Grocery Store #4846,26 Park Avenue,Mumbai,Maharashtra,India
ST004847,Royal Convenience Store #4847,69 Garden Lane,New Delhi,Delhi,India
ST004848,Fresh Grocery Store #4848,158 Main Road,New Delhi,Delhi,India
ST004849,Green Hypermarket #4849,195 Church Street,New Delhi,Delhi,India
ST004850,Corner Grocery Store #4850,52 Station Road,New Delhi,Delhi,India
ST004851,City Convenience Store #4851,137 Garden Lane,Mumbai,Maharashtra,India
ST004852,Neighborhood Convenience Store #4852,41 Park Avenue,Mumbai,Maharashtra,India
ST004853,Quick Convenience Store #4853,136 Church Street,Bengaluru,Karnataka,India
ST004854,Corner Convenience Store #4854,143 Hill Street,New Delhi,Delhi,India
ST004855,Daily Convenience Store #4855,136 Lake View Road,Mumbai,Maharashtra,India
ST004856,Daily Convenience Store #4856,8 MG Road,Mumbai,Maharashtra,India
ST004857,Corner Convenience Store #4857,93 Lake View Road,Bengaluru,Karnataka,India
ST004858,Neighborhood Supermarket #4858,97 Main Road,Mumbai,Maharashtra,India
ST004859,Metro Convenience Store #4859,6 Ring Road,Bengaluru,Karnataka,India
ST004860,Corner Pharmacy #4860,196 MG Road,New Delhi,Delhi,India
ST004861,Royal Grocery Store #4861,134 Garden Lane,New Delhi,Delhi,India
ST004862,Royal Convenience Store #4862,98 Main Road,Bengaluru,Karnataka,India
ST004863,Daily Hypermarket #4863,2 Garden Lane,New Delhi,Delhi,India
ST004864,Elite Hypermarket #4864,19 Lake View Road,Bengaluru,Karnataka,India
ST004865,Value Hypermarket #4865,81 Ring Road,New Delhi,Delhi,India
ST004866,Quick Grocery Store #4866,75 Ring Road,Mumbai,Maharashtra,India
ST004867,Quick Pharmacy #4867,99 Garden Lane,Mumbai,Maharashtra,India
ST004868,Green Pharmacy #4868,25 Hill Street,Bengaluru,Karnataka,India
ST004869,City Convenience Store #4869,24 Garden Lane,Mumbai,Maharashtra,India
ST004870,Corner Convenience Store #4870,112 Station Road,Bengaluru,Karnataka,India
ST004871,City Pharmacy #4871,155 Lake View Road,Bengaluru,Karnataka,India
ST004872,Family Hypermarket #4872,20 Lake View Road,New Delhi,Delhi,India
ST004873,Green Supermarket #4873,68 MG Road,New Delhi,Delhi,India
ST004874,Elite Hypermarket #4874,27 Hill Street,Bengaluru,Karnataka,India
ST004875,Star Hypermarket #4875,96 Lake View Road,Mumbai,Maharashtra,India
ST004876,Value Supermarket #4876,200 Hill Street,Mumbai,Maharashtra,India
ST004877,Fresh Pharmacy #4877,37 Market Street,New Delhi,Delhi,India
ST004878,Quick Hypermarket #4878,182 Garden Lane,Bengaluru,Karnataka,India
ST004879,Sunrise Supermarket #4879,17 Park Avenue,Bengaluru,Karnataka,India
ST004880,Elite Pharmacy #4880,88 Park Avenue,New Delhi,Delhi,India
ST004881,Fresh Hypermarket #4881,44 Church Street,Mumbai,Maharashtra,India
ST004882,Prime Pharmacy #4882,46 Hill Street,Mumbai,Maharashtra,India
ST004883,Elite Pharmacy #4883,157 MG Road,New Delhi,Delhi,India
ST004884,Fresh Hypermarket #4884,23 Lake View Road,Bengaluru,Karnataka,India
ST004885,Star Convenience Store #4885,47 Market Street,New Delhi,Delhi,India
ST004886,Sunrise Hypermarket #4886,62 Ring Road,Mumbai,Maharashtra,India
ST004887,Corner Pharmacy #4887,100 Hill Street,Bengaluru,Karnataka,India
ST004888,Fresh Hypermarket #4888,17 Main Road,Mumbai,Maharashtra,India
ST004889,Family Hypermarket #4889,179 Main Road,New Delhi,Delhi,India
ST004890,Daily Supermarket #4890,96 Main Road,New Delhi,Delhi,India
ST004891,City Convenience Store #4891,28 Ring Road,Mumbai,Maharashtra,India
ST004892,City Hypermarket #4892,21 Main Road,Mumbai,Maharashtra,India
ST004893,Metro Hypermarket #4893,14 Garden Lane,Mumbai,Maharashtra,India
ST004894,Metro Pharmacy #4894,9 Lake View Road,Bengaluru,Karnataka,India
ST004895,Green Supermarket #4895,152 MG Road,Mumbai,Maharashtra,India
ST004896,Fresh Supermarket #4896,66 Ring Road,Mumbai,Maharashtra,India
ST004897,Neighborhood Convenience Store #4897,144 MG Road,Mumbai,Maharashtra,India
ST004898,Metro Hypermarket #4898,37 Garden Lane,New Delhi,Delhi,India
ST004899,Quick Convenience Store #4899,152 Hill Street,Mumbai,Maharashtra,India
ST004900,Metro Convenience Store #4900,89 Market Street,Mumbai,Maharashtra,India
ST004901,Prime Convenience Store #4901,121 Ring Road,Mumbai,Maharashtra,India
ST004902,Royal Grocery Store #4902,23 Garden Lane,New Delhi,Delhi,India
ST004903,Elite Convenience Store #4903,122 Church Street,Bengaluru,Karnataka,India
ST004904,Green Hypermarket #4904,22 Church Street,New Delhi,Delhi,India
ST004905,Fresh Supermarket #4905,86 Main Road,Mumbai,Maharashtra,India
ST004906,Value Pharmacy #4906,170 Garden Lane,New Delhi,Delhi,India
ST004907,Metro Grocery Store #4907,47 Ring Road,New Delhi,Delhi,India
ST004908,Elite Grocery Store #4908,55 MG Road,Mumbai,Maharashtra,India
ST004909,Prime Grocery Store #4909,196 Church Street,New Delhi,Delhi,India
ST004910,Royal Hypermarket #4910,108 Hill Street,Bengaluru,Karnataka,India
ST004911,Corner Supermarket #4911,140 Park Avenue,Mumbai,Maharashtra,India
ST004912,Sunrise Supermarket #4912,115 Church Street,Mumbai,Maharashtra,India
ST004913,Family Convenience Store #4913,184 Station Road,Bengaluru,Karnataka,India
ST004914,Elite Hypermarket #4914,129 Church Street,New Delhi,Delhi,India
ST004915,Prime Convenience Store #4915,82 Church Street,Bengaluru,Karnataka,India
ST004916,Elite Grocery Store #4916,77 Park Avenue,New Delhi,Delhi,India
ST004917,Family Pharmacy #4917,85 MG Road,Bengaluru,Karnataka,India
ST004918,Quick Supermarket #4918,71 Main Road,Mumbai,Maharashtra,India
ST004919,Value Grocery Store #4919,159 MG Road,Mumbai,Maharashtra,India
ST004920,Daily Hypermarket #4920,102 Market Street,Mumbai,Maharashtra,India
ST004921,Neighborhood Pharmacy #4921,187 Main Road,Bengaluru,Karnataka,India
ST004922,Fresh Convenience Store #4922,86 MG Road,New Delhi,Delhi,India
ST004923,Fresh Supermarket #4923,162 Station Road,Mumbai,Maharashtra,India
ST004924,Star Supermarket #4924,27 Church Street,New Delhi,Delhi,India
ST004925,Daily Supermarket #4925,119 Hill Street,Bengaluru,Karnataka,India
ST004926,Daily Grocery Store #4926,176 Main Road,New Delhi,Delhi,India
ST004927,Value Pharmacy #4927,181 Lake View Road,Mumbai,Maharashtra,India
ST004928,Fresh Grocery Store #4928,180 Market Street,New Delhi,Delhi,India
ST004929,Star Pharmacy #4929,104 Garden Lane,Bengaluru,Karnataka,India
ST004930,Elite Hypermarket #4930,81 Station Road,Bengaluru,Karnataka,India
ST004931,Star Supermarket #4931,1 Ring Road,Bengaluru,Karnataka,India
ST004932,City Pharmacy #4932,81 Garden Lane,Mumbai,Maharashtra,India
ST004933,Royal Hypermarket #4933,3 Market Street,Bengaluru,Karnataka,India
ST004934,Green Grocery Store #4934,13 Ring Road,New Delhi,Delhi,India
ST004935,Daily Hypermarket #4935,55 Market Street,Mumbai,Maharashtra,India
ST004936,Green Hypermarket #4936,176 Garden Lane,New Delhi,Delhi,India
ST004937,Quick Hypermarket #4937,159 MG Road,New Delhi,Delhi,India
ST004938,Quick Supermarket #4938,12 Lake View Road,Mumbai,Maharashtra,India
ST004939,Green Supermarket #4939,181 Church Street,Mumbai,Maharashtra,India
ST004940,Quick Pharmacy #4940,141 Main Road,New Delhi,Delhi,India
ST004941,Sunrise Hypermarket #4941,152 MG Road,New Delhi,Delhi,India
ST004942,Elite Supermarket #4942,171 Ring Road,Bengaluru,Karnataka,India
ST004943,Fresh Supermarket #4943,74 Garden Lane,Mumbai,Maharashtra,India
ST004944,Prime Pharmacy #4944,4 Church Street,New Delhi,Delhi,India
ST004945,Daily Convenience Store #4945,72 MG Road,Bengaluru,Karnataka,India
ST004946,Fresh Pharmacy #4946,110 Main Road,Bengaluru,Karnataka,India
ST004947,Neighborhood Convenience Store #4947,195 Station Road,New Delhi,Delhi,India
ST004948,Daily Supermarket #4948,77 Garden Lane,New Delhi,Delhi,India
ST004949,Metro Supermarket #4949,87 Garden Lane,New Delhi,Delhi,India
ST004950,Elite Convenience Store #4950,140 MG Road,Bengaluru,Karnataka,India
ST004951,Green Hypermarket #4951,96 Garden Lane,Bengaluru,Karnataka,India
ST004952,City Hypermarket #4952,93 Park Avenue,Bengaluru,Karnataka,India
ST004953,Fresh Supermarket #4953,105 Lake View Road,Bengaluru,Karnataka,India
ST004954,Neighborhood Convenience Store #4954,165 Main Road,Bengaluru,Karnataka,India
ST004955,Neighborhood Grocery Store #4955,141 Main Road,Mumbai,Maharashtra,India
ST004956,Family Supermarket #4956,184 Lake View Road,Mumbai,Maharashtra,India
ST004957,Prime Grocery Store #4957,200 Church Street,Bengaluru,Karnataka,India
ST004958,Family Grocery Store #4958,178 Market Street,Mumbai,Maharashtra,India
ST004959,Star Pharmacy #4959,146 Station Road,Bengaluru,Karnataka,India
ST004960,Neighborhood Hypermarket #4960,96 Church Street,New Delhi,Delhi,India
ST004961,Fresh Supermarket #4961,126 Lake View Road,Mumbai,Maharashtra,India
ST004962,Green Grocery Store #4962,86 MG Road,Bengaluru,Karnataka,India
ST004963,Metro Supermarket #4963,163 MG Road,Bengaluru,Karnataka,India
ST004964,Daily Supermarket #4964,55 Park Avenue,Mumbai,Maharashtra,India
ST004965,Prime Hypermarket #4965,101 Market Street,Bengaluru,Karnataka,India
ST004966,Daily Hypermarket #4966,138 Station Road,Mumbai,Maharashtra,India
ST004967,Neighborhood Pharmacy #4967,161 Market Street,Bengaluru,Karnataka,India
ST004968,Sunrise Convenience Store #4968,57 Church Street,Bengaluru,Karnataka,India
ST004969,Value Hypermarket #4969,18 Main Road,Bengaluru,Karnataka,India
ST004970,Neighborhood Supermarket #4970,165 Park Avenue,Bengaluru,Karnataka,India
ST004971,Value Supermarket #4971,2 Hill Street,Bengaluru,Karnataka,India
ST004972,Elite Convenience Store #4972,131 Station Road,Mumbai,Maharashtra,India
ST004973,Fresh Pharmacy #4973,30 Ring Road,Bengaluru,Karnataka,India
ST004974,Corner Grocery Store #4974,57 Market Street,Mumbai,Maharashtra,India
ST004975,Elite Convenience Store #4975,73 MG Road,Bengaluru,Karnataka,India
ST004976,Value Grocery Store #4976,143 Hill Street,New Delhi,Delhi,India
ST004977,Value Grocery Store #4977,48 Ring Road,New Delhi,Delhi,India
ST004978,Neighborhood Pharmacy #4978,152 Park Avenue,New Delhi,Delhi,India
ST004979,City Hypermarket #4979,12 Church Street,Mumbai,Maharashtra,India
ST004980,Corner Pharmacy #4980,46 Main Road,New Delhi,Delhi,India
ST004981,Quick Pharmacy #4981,91 Hill Street,Mumbai,Maharashtra,India
ST004982,Daily Pharmacy #4982,119 Lake View Road,Mumbai,Maharashtra,India
ST004983,Sunrise Supermarket #4983,33 Main Road,New Delhi,Delhi,India
ST004984,Daily Grocery Store #4984,89 Market Street,Bengaluru,Karnataka,India
ST004985,Sunrise Pharmacy #4985,2 Market Street,New Delhi,Delhi,India
ST004986,Corner Pharmacy #4986,44 Ring Road,New Delhi,Delhi,India
ST004987,Sunrise Convenience Store #4987,44 Ring Road,New Delhi,Delhi,India
ST004988,Elite Hypermarket #4988,32 Hill Street,New Delhi,Delhi,India
ST004989,Elite Convenience Store #4989,186 Main Road,Mumbai,Maharashtra,India
ST004990,Neighborhood Hypermarket #4990,112 Ring Road,Bengaluru,Karnataka,India
ST004991,Family Supermarket #4991,55 Hill Street,Mumbai,Maharashtra,India
ST004992,Value Hypermarket #4992,141 Ring Road,New Delhi,Delhi,India
ST004993,Elite Convenience Store #4993,146 Lake View Road,Mumbai,Maharashtra,India
ST004994,City Grocery Store #4994,177 Ring Road,New Delhi,Delhi,India
ST004995,Family Grocery Store #4995,12 Main Road,New Delhi,Delhi,India
ST004996,Elite Hypermarket #4996,123 Hill Street,Bengaluru,Karnataka,India
ST004997,Royal Convenience Store #4997,18 Hill Street,Bengaluru,Karnataka,India
ST004998,Neighborhood Grocery Store #4998,131 Garden Lane,Bengaluru,Karnataka,India
ST004999,Elite Grocery Store #4999,131 Station Road,Bengaluru,Karnataka,India
ST005000,Elite Hypermarket #5000,14 Ring Road,Mumbai,Maharashtra,India
